-- MySQL dump 10.13  Distrib 8.0.44, for Linux (x86_64)
--
-- Host: localhost    Database: waste_management
-- ------------------------------------------------------
-- Server version	8.0.44

/*!40101 SET @OLD_CHARACTER_SET_CLIENT=@@CHARACTER_SET_CLIENT */;
/*!40101 SET @OLD_CHARACTER_SET_RESULTS=@@CHARACTER_SET_RESULTS */;
/*!40101 SET @OLD_COLLATION_CONNECTION=@@COLLATION_CONNECTION */;
/*!50503 SET NAMES utf8mb4 */;
/*!40103 SET @OLD_TIME_ZONE=@@TIME_ZONE */;
/*!40103 SET TIME_ZONE='+00:00' */;
/*!40014 SET @OLD_UNIQUE_CHECKS=@@UNIQUE_CHECKS, UNIQUE_CHECKS=0 */;
/*!40014 SET @OLD_FOREIGN_KEY_CHECKS=@@FOREIGN_KEY_CHECKS, FOREIGN_KEY_CHECKS=0 */;
/*!40101 SET @OLD_SQL_MODE=@@SQL_MODE, SQL_MODE='NO_AUTO_VALUE_ON_ZERO' */;
/*!40111 SET @OLD_SQL_NOTES=@@SQL_NOTES, SQL_NOTES=0 */;

--
-- Current Database: `waste_management`
--

CREATE DATABASE /*!32312 IF NOT EXISTS*/ `waste_management` /*!40100 DEFAULT CHARACTER SET utf8mb4 COLLATE utf8mb4_unicode_ci */ /*!80016 DEFAULT ENCRYPTION='N' */;

USE `waste_management`;

--
-- Table structure for table `companies`
--

DROP TABLE IF EXISTS `companies`;
/*!40101 SET @saved_cs_client     = @@character_set_client */;
/*!50503 SET character_set_client = utf8mb4 */;
CREATE TABLE `companies` (
  `id` int NOT NULL AUTO_INCREMENT,
  `company_name` varchar(100) NOT NULL COMMENT 'å…¬å¸åç§°',
  `company_code` varchar(50) DEFAULT NULL COMMENT 'å…¬å¸ç¼–ç ',
  `description` varchar(200) DEFAULT NULL COMMENT 'æè¿°',
  `status` enum('active','inactive') DEFAULT 'active' COMMENT 'çŠ¶æ€',
  `created_at` datetime DEFAULT CURRENT_TIMESTAMP,
  `updated_at` datetime DEFAULT CURRENT_TIMESTAMP ON UPDATE CURRENT_TIMESTAMP,
  PRIMARY KEY (`id`),
  UNIQUE KEY `company_name` (`company_name`),
  UNIQUE KEY `company_code` (`company_code`)
) ENGINE=InnoDB DEFAULT CHARSET=utf8mb4 COLLATE=utf8mb4_0900_ai_ci COMMENT='å…¬å¸è¡¨';
/*!40101 SET character_set_client = @saved_cs_client */;

--
-- Dumping data for table `companies`
--

LOCK TABLES `companies` WRITE;
/*!40000 ALTER TABLE `companies` DISABLE KEYS */;
/*!40000 ALTER TABLE `companies` ENABLE KEYS */;
UNLOCK TABLES;

--
-- Table structure for table `daily_tasks`
--

DROP TABLE IF EXISTS `daily_tasks`;
/*!40101 SET @saved_cs_client     = @@character_set_client */;
/*!50503 SET character_set_client = utf8mb4 */;
CREATE TABLE `daily_tasks` (
  `id` int NOT NULL AUTO_INCREMENT,
  `record_code` varchar(50) NOT NULL COMMENT 'è®°å½•ç¼–å·',
  `user_id` int NOT NULL,
  `user_name` varchar(50) DEFAULT NULL,
  `project_id` int NOT NULL,
  `station_id` int DEFAULT NULL,
  `work_date` date NOT NULL,
  `task_config_id` int NOT NULL,
  `task_name` varchar(100) DEFAULT NULL,
  `times` int DEFAULT '1' COMMENT 'å®Œæˆæ¬¡æ•°',
  `hours_per_time` decimal(4,2) DEFAULT NULL,
  `total_hours` decimal(4,2) DEFAULT NULL,
  `is_fixed_task` tinyint DEFAULT '1' COMMENT 'æ˜¯å¦å›ºå®šä»»åŠ¡',
  `status` enum('pending','approved','rejected') DEFAULT 'pending',
  `reviewer_id` int DEFAULT NULL,
  `reviewer_name` varchar(50) DEFAULT NULL,
  `review_time` datetime DEFAULT NULL,
  `reject_reason` text,
  `created_at` datetime DEFAULT CURRENT_TIMESTAMP,
  `updated_at` datetime DEFAULT CURRENT_TIMESTAMP ON UPDATE CURRENT_TIMESTAMP,
  PRIMARY KEY (`id`),
  UNIQUE KEY `record_code` (`record_code`),
  KEY `idx_daily_user_date` (`user_id`,`work_date`),
  KEY `idx_daily_status` (`status`),
  KEY `daily_tasks_user_id_work_date` (`user_id`,`work_date`),
  KEY `daily_tasks_status` (`status`)
) ENGINE=InnoDB DEFAULT CHARSET=utf8mb4 COLLATE=utf8mb4_0900_ai_ci COMMENT='æ¯æ—¥ä»»åŠ¡è®°å½•è¡¨';
/*!40101 SET character_set_client = @saved_cs_client */;

--
-- Dumping data for table `daily_tasks`
--

LOCK TABLES `daily_tasks` WRITE;
/*!40000 ALTER TABLE `daily_tasks` DISABLE KEYS */;
/*!40000 ALTER TABLE `daily_tasks` ENABLE KEYS */;
UNLOCK TABLES;

--
-- Table structure for table `departments`
--

DROP TABLE IF EXISTS `departments`;
/*!40101 SET @saved_cs_client     = @@character_set_client */;
/*!50503 SET character_set_client = utf8mb4 */;
CREATE TABLE `departments` (
  `id` int NOT NULL AUTO_INCREMENT,
  `dept_name` varchar(100) NOT NULL COMMENT 'éƒ¨é—¨åç§°',
  `dept_code` varchar(50) DEFAULT NULL COMMENT 'éƒ¨é—¨ç¼–ç ',
  `description` varchar(200) DEFAULT NULL COMMENT 'æè¿°',
  `status` enum('active','inactive') DEFAULT 'active',
  `created_at` datetime DEFAULT CURRENT_TIMESTAMP,
  `updated_at` datetime DEFAULT CURRENT_TIMESTAMP ON UPDATE CURRENT_TIMESTAMP,
  PRIMARY KEY (`id`),
  UNIQUE KEY `dept_code` (`dept_code`)
) ENGINE=InnoDB AUTO_INCREMENT=9 DEFAULT CHARSET=utf8mb4 COLLATE=utf8mb4_0900_ai_ci COMMENT='éƒ¨é—¨è¡¨';
/*!40101 SET character_set_client = @saved_cs_client */;

--
-- Dumping data for table `departments`
--

LOCK TABLES `departments` WRITE;
/*!40000 ALTER TABLE `departments` DISABLE KEYS */;
/*!40000 ALTER TABLE `departments` ENABLE KEYS */;
UNLOCK TABLES;

--
-- Table structure for table `equipment`
--

DROP TABLE IF EXISTS `equipment`;
/*!40101 SET @saved_cs_client     = @@character_set_client */;
/*!50503 SET character_set_client = utf8mb4 */;
CREATE TABLE `equipment` (
  `id` int NOT NULL AUTO_INCREMENT COMMENT '设备ID',
  `station_id` int NOT NULL COMMENT '场站ID',
  `equipment_code` varchar(50) COLLATE utf8mb4_unicode_ci NOT NULL COMMENT '设备编号',
  `equipment_name` varchar(100) COLLATE utf8mb4_unicode_ci NOT NULL COMMENT '设备名称',
  `installation_location` varchar(200) COLLATE utf8mb4_unicode_ci DEFAULT NULL COMMENT '安装地点',
  `created_at` datetime NOT NULL,
  `updated_at` datetime NOT NULL,
  PRIMARY KEY (`id`),
  KEY `station_id` (`station_id`),
  CONSTRAINT `equipment_ibfk_1` FOREIGN KEY (`station_id`) REFERENCES `stations` (`id`) ON UPDATE CASCADE
) ENGINE=InnoDB AUTO_INCREMENT=118 DEFAULT CHARSET=utf8mb4 COLLATE=utf8mb4_unicode_ci COMMENT='设备管理表';
/*!40101 SET character_set_client = @saved_cs_client */;

--
-- Dumping data for table `equipment`
--

LOCK TABLES `equipment` WRITE;
/*!40000 ALTER TABLE `equipment` DISABLE KEYS */;
INSERT INTO `equipment` VALUES (67,23,'WEM-0001','温控仪','培养箱','2026-01-21 19:24:34','2026-01-21 19:24:34'),(68,23,'WEM-0002','空调','培养箱','2026-01-21 19:24:34','2026-01-21 19:24:34'),(69,23,'WEM-0003','翻桶机','A箱','2026-01-21 19:24:34','2026-01-21 19:24:34'),(70,23,'WEM-0004','粉碎机进料螺旋','A箱','2026-01-21 19:24:34','2026-01-21 19:24:34'),(71,23,'WEM-0005','粉碎机','A箱','2026-01-21 19:24:34','2026-01-21 19:24:34'),(72,23,'WEM-0006','榨汁机进料螺旋','A箱','2026-01-21 19:24:34','2026-01-21 19:24:34'),(73,23,'WEM-0007','榨汁机','A箱','2026-01-21 19:24:34','2026-01-21 19:24:34'),(74,23,'WEM-0008','混料机','A箱','2026-01-21 19:24:34','2026-01-21 19:24:34'),(75,23,'WEM-0009','混料机出料螺旋','A箱','2026-01-21 19:24:34','2026-01-21 19:24:34'),(76,23,'WEM-0010','加料螺旋','A箱','2026-01-21 19:24:35','2026-01-21 19:24:35'),(77,23,'WEM-0011','滑丝台','A箱','2026-01-21 19:24:35','2026-01-21 19:24:35'),(78,23,'WEM-0012','原料称','A箱','2026-01-21 19:24:35','2026-01-21 19:24:35'),(79,23,'WEM-0013','加大虫平台行走电机','A箱','2026-01-21 19:24:35','2026-01-21 19:24:35'),(80,23,'WEM-0014','加大虫平台提升电机','A箱','2026-01-21 19:24:35','2026-01-21 19:24:35'),(81,23,'WEM-0015','空压机','A箱','2026-01-21 19:24:35','2026-01-21 19:24:35'),(82,23,'WEM-0016','加料称','A箱','2026-01-21 19:24:35','2026-01-21 19:24:35'),(83,23,'WEM-0017','果汁输送泵','A箱','2026-01-21 19:24:35','2026-01-21 19:24:35'),(84,23,'WEM-0018','小盒翻盒电机','A箱','2026-01-21 19:24:35','2026-01-21 19:24:35'),(85,23,'WEM-0019','1#电控柜','A箱','2026-01-21 19:24:35','2026-01-21 19:24:35'),(86,23,'WEM-0020','1#空气源热泵风盘','A箱','2026-01-21 19:24:35','2026-01-21 19:24:35'),(87,23,'WEM-0021','1#摄像头','A箱','2026-01-21 19:24:35','2026-01-21 19:24:35'),(88,23,'WEM-0022','1#定位机构','B1箱','2026-01-21 19:24:35','2026-01-21 19:24:35'),(89,23,'WEM-0023','1#皮带','B1箱','2026-01-21 19:24:35','2026-01-21 19:24:35'),(90,23,'WEM-0024','2#摄像头','B1箱','2026-01-21 19:24:35','2026-01-21 19:24:35'),(91,23,'WEM-0025','3#摄像头','B1箱','2026-01-21 19:24:35','2026-01-21 19:24:35'),(92,23,'WEM-0026','1#定位机构','B3箱','2026-01-21 19:24:35','2026-01-21 19:24:35'),(93,23,'WEM-0027','滚筒筛','C箱','2026-01-21 19:24:35','2026-01-21 19:24:35'),(94,23,'WEM-0028','2#电控柜','C箱','2026-01-21 19:24:35','2026-01-21 19:24:35'),(95,23,'WEM-0029','2#空气源热泵风盘','C箱','2026-01-21 19:24:35','2026-01-21 19:24:35'),(96,23,'WEM-0030','精分板链','C箱','2026-01-21 19:24:35','2026-01-21 19:24:35'),(97,23,'WEM-0031','2#皮带','C箱','2026-01-21 19:24:35','2026-01-21 19:24:35'),(98,23,'WEM-0032','3#皮带','C箱','2026-01-21 19:24:35','2026-01-21 19:24:35'),(99,23,'WEM-0033','1#出料螺旋','C箱','2026-01-21 19:24:35','2026-01-21 19:24:35'),(100,23,'WEM-0034','2#出料螺旋','C箱','2026-01-21 19:24:35','2026-01-21 19:24:35'),(101,23,'WEM-0035','3#出料螺旋','C箱','2026-01-21 19:24:35','2026-01-21 19:24:35'),(102,23,'WEM-0036','聚堆装置','C箱','2026-01-21 19:24:35','2026-01-21 19:24:35'),(103,23,'WEM-0037','吸料装置','C箱','2026-01-21 19:24:35','2026-01-21 19:24:35'),(104,23,'WEM-0038','4#摄像头','C箱','2026-01-21 19:24:35','2026-01-21 19:24:35'),(105,23,'WEM-0039','干式臭氧机','通风系统','2026-01-21 19:24:35','2026-01-21 19:24:35'),(106,23,'WEM-0040','循环风机','通风系统','2026-01-21 19:24:35','2026-01-21 19:24:35'),(107,23,'WEM-0041','空气冷凝器风机','通风系统','2026-01-21 19:24:35','2026-01-21 19:24:35'),(108,23,'WEM-0042','空气冷凝器','通风系统','2026-01-21 19:24:35','2026-01-21 19:24:35'),(109,23,'WEM-0043','气水换热器','通风系统','2026-01-21 19:24:35','2026-01-21 19:24:35'),(110,23,'WEM-0044','空气源热泵','温控系统','2026-01-21 19:24:35','2026-01-21 19:24:35'),(111,23,'WEM-0045','空气源热泵循环水泵','温控系统','2026-01-21 19:24:35','2026-01-21 19:24:35'),(112,23,'WEM-0046','冷却罐循环水泵','温控系统','2026-01-21 19:24:35','2026-01-21 19:24:35'),(113,23,'WEM-0047','冷却罐','温控系统','2026-01-21 19:24:35','2026-01-21 19:24:35'),(114,23,'WEM-0048','冷库','室外','2026-01-21 19:24:35','2026-01-21 19:24:35'),(115,23,'WEM-0049','5#摄像头','室外','2026-01-21 19:24:35','2026-01-21 19:24:35'),(116,23,'WEM-0050','6#摄像头','室外','2026-01-21 19:24:35','2026-01-21 19:24:35'),(117,23,'WEM-0051','3#空气源热泵风盘','办公室','2026-01-21 19:24:35','2026-01-21 19:24:35');
/*!40000 ALTER TABLE `equipment` ENABLE KEYS */;
UNLOCK TABLES;

--
-- Table structure for table `fault_reports`
--

DROP TABLE IF EXISTS `fault_reports`;
/*!40101 SET @saved_cs_client     = @@character_set_client */;
/*!50503 SET character_set_client = utf8mb4 */;
CREATE TABLE `fault_reports` (
  `id` int NOT NULL AUTO_INCREMENT,
  `report_code` varchar(50) NOT NULL,
  `equipment_code` varchar(50) DEFAULT NULL,
  `equipment_name` varchar(100) NOT NULL,
  `installation_location` varchar(200) DEFAULT NULL,
  `fault_date` date NOT NULL,
  `fault_time` time NOT NULL,
  `reporter_id` int NOT NULL,
  `reporter_name` varchar(50) DEFAULT NULL,
  `fault_description` text NOT NULL,
  `project_id` int NOT NULL,
  `station_id` int DEFAULT NULL,
  `status` enum('pending','assigned','processing','completed','closed') DEFAULT 'pending',
  `assigned_to` int DEFAULT NULL,
  `assigned_by` int DEFAULT NULL,
  `assigned_at` datetime DEFAULT NULL,
  `created_at` datetime DEFAULT CURRENT_TIMESTAMP,
  `updated_at` datetime DEFAULT CURRENT_TIMESTAMP ON UPDATE CURRENT_TIMESTAMP,
  PRIMARY KEY (`id`),
  UNIQUE KEY `report_code` (`report_code`),
  KEY `idx_fault_status` (`status`),
  KEY `idx_fault_reporter` (`reporter_id`),
  KEY `fault_reports_status` (`status`),
  KEY `fault_reports_reporter_id` (`reporter_id`)
) ENGINE=InnoDB DEFAULT CHARSET=utf8mb4 COLLATE=utf8mb4_0900_ai_ci COMMENT='æ•…éšœä¸ŠæŠ¥è¡¨';
/*!40101 SET character_set_client = @saved_cs_client */;

--
-- Dumping data for table `fault_reports`
--

LOCK TABLES `fault_reports` WRITE;
/*!40000 ALTER TABLE `fault_reports` DISABLE KEYS */;
/*!40000 ALTER TABLE `fault_reports` ENABLE KEYS */;
UNLOCK TABLES;

--
-- Table structure for table `hazard_categories`
--

DROP TABLE IF EXISTS `hazard_categories`;
/*!40101 SET @saved_cs_client     = @@character_set_client */;
/*!50503 SET character_set_client = utf8mb4 */;
CREATE TABLE `hazard_categories` (
  `id` int NOT NULL AUTO_INCREMENT,
  `category_name` varchar(50) COLLATE utf8mb4_unicode_ci NOT NULL COMMENT '类别名称',
  `sort_order` int DEFAULT '0' COMMENT '排序',
  `is_system` tinyint DEFAULT '0' COMMENT '是否系统预置(1=是,0=否)',
  `status` tinyint DEFAULT '1' COMMENT '状态(1=启用,0=禁用)',
  `created_at` datetime NOT NULL,
  `updated_at` datetime NOT NULL,
  PRIMARY KEY (`id`),
  UNIQUE KEY `category_name` (`category_name`)
) ENGINE=InnoDB DEFAULT CHARSET=utf8mb4 COLLATE=utf8mb4_unicode_ci;
/*!40101 SET character_set_client = @saved_cs_client */;

--
-- Dumping data for table `hazard_categories`
--

LOCK TABLES `hazard_categories` WRITE;
/*!40000 ALTER TABLE `hazard_categories` DISABLE KEYS */;
/*!40000 ALTER TABLE `hazard_categories` ENABLE KEYS */;
UNLOCK TABLES;

--
-- Table structure for table `hazard_root_causes`
--

DROP TABLE IF EXISTS `hazard_root_causes`;
/*!40101 SET @saved_cs_client     = @@character_set_client */;
/*!50503 SET character_set_client = utf8mb4 */;
CREATE TABLE `hazard_root_causes` (
  `id` int NOT NULL AUTO_INCREMENT,
  `cause_name` varchar(100) COLLATE utf8mb4_unicode_ci NOT NULL COMMENT '原因名称',
  `sort_order` int DEFAULT '0' COMMENT '排序',
  `is_system` tinyint DEFAULT '0' COMMENT '是否系统预置(1=是,0=否)',
  `status` tinyint DEFAULT '1' COMMENT '状态(1=启用,0=禁用)',
  `created_at` datetime NOT NULL,
  `updated_at` datetime NOT NULL,
  PRIMARY KEY (`id`),
  UNIQUE KEY `cause_name` (`cause_name`)
) ENGINE=InnoDB DEFAULT CHARSET=utf8mb4 COLLATE=utf8mb4_unicode_ci;
/*!40101 SET character_set_client = @saved_cs_client */;

--
-- Dumping data for table `hazard_root_causes`
--

LOCK TABLES `hazard_root_causes` WRITE;
/*!40000 ALTER TABLE `hazard_root_causes` DISABLE KEYS */;
/*!40000 ALTER TABLE `hazard_root_causes` ENABLE KEYS */;
UNLOCK TABLES;

--
-- Table structure for table `hygiene_areas`
--

DROP TABLE IF EXISTS `hygiene_areas`;
/*!40101 SET @saved_cs_client     = @@character_set_client */;
/*!50503 SET character_set_client = utf8mb4 */;
CREATE TABLE `hygiene_areas` (
  `id` int NOT NULL AUTO_INCREMENT,
  `station_id` int NOT NULL COMMENT '场站ID',
  `area_name` varchar(100) COLLATE utf8mb4_unicode_ci NOT NULL COMMENT '责任区名称',
  `points` int DEFAULT '0' COMMENT '???',
  `created_at` datetime NOT NULL,
  `updated_at` datetime NOT NULL,
  PRIMARY KEY (`id`),
  KEY `station_id` (`station_id`),
  CONSTRAINT `hygiene_areas_ibfk_1` FOREIGN KEY (`station_id`) REFERENCES `stations` (`id`) ON UPDATE CASCADE
) ENGINE=InnoDB AUTO_INCREMENT=40 DEFAULT CHARSET=utf8mb4 COLLATE=utf8mb4_unicode_ci;
/*!40101 SET character_set_client = @saved_cs_client */;

--
-- Dumping data for table `hygiene_areas`
--

LOCK TABLES `hygiene_areas` WRITE;
/*!40000 ALTER TABLE `hygiene_areas` DISABLE KEYS */;
INSERT INTO `hygiene_areas` VALUES (1,16,'前',0,'2026-01-17 15:21:29','2026-01-21 13:03:00'),(2,21,'大门口区域',0,'2026-01-21 11:20:36','2026-01-21 11:20:36'),(3,21,'卸料间',0,'2026-01-21 11:20:36','2026-01-21 11:20:36'),(4,22,'养鸡区域',0,'2026-01-21 11:20:36','2026-01-21 15:22:50'),(5,21,'值班室区域',0,'2026-01-21 11:20:36','2026-01-21 11:20:36'),(6,21,'值班室内',0,'2026-01-21 11:20:36','2026-01-21 11:20:36'),(7,21,'1#男厕',0,'2026-01-21 11:20:36','2026-01-21 11:20:36'),(8,21,'浴室',0,'2026-01-21 11:20:36','2026-01-21 11:20:36'),(9,22,'养鸭区域',0,'2026-01-21 11:20:36','2026-01-21 15:22:38'),(10,22,'培养室',0,'2026-01-21 11:20:36','2026-01-21 15:22:28'),(11,22,'预蛹养殖室',0,'2026-01-21 11:20:36','2026-01-21 15:22:22'),(12,22,'蛹化室',0,'2026-01-21 11:20:36','2026-01-21 15:22:15'),(13,22,'4#羽化室',0,'2026-01-21 11:20:36','2026-01-21 15:22:06'),(14,22,'羽化室',0,'2026-01-21 11:20:36','2026-01-21 15:21:55'),(15,21,'库房1',0,'2026-01-21 11:20:36','2026-01-21 11:20:36'),(16,21,'大件加工区',0,'2026-01-21 11:20:36','2026-01-21 11:20:36'),(17,21,'黑白分离书箱',0,'2026-01-21 11:20:36','2026-01-21 11:20:36'),(18,21,'3.0书箱（内）区域',0,'2026-01-21 11:20:36','2026-01-21 11:20:36'),(19,21,'3.0书箱区域',0,'2026-01-21 11:20:36','2026-01-21 11:20:36'),(20,21,'女厕',0,'2026-01-21 11:20:36','2026-01-21 11:20:36'),(21,21,'2#男厕',0,'2026-01-21 11:20:36','2026-01-21 11:20:36'),(22,21,'饮水间',0,'2026-01-21 11:20:36','2026-01-21 11:20:36'),(23,22,'会议室',5,'2026-01-21 11:20:36','2026-01-22 19:16:59'),(24,22,'办公室2',0,'2026-01-21 11:20:36','2026-01-22 19:17:14'),(25,21,'清洗间',0,'2026-01-21 11:20:36','2026-01-21 11:20:36'),(26,21,'休息室',0,'2026-01-21 11:20:36','2026-01-21 11:20:36'),(27,21,'2.5区域',0,'2026-01-21 11:20:36','2026-01-21 11:20:36'),(28,21,'1#除臭塔',0,'2026-01-21 11:20:36','2026-01-21 11:20:36'),(29,21,'2#除臭塔',0,'2026-01-21 11:20:36','2026-01-21 11:20:36'),(30,23,'培养书箱',0,'2026-01-21 15:49:52','2026-01-21 15:49:52'),(31,23,'预处理书箱',0,'2026-01-21 15:49:52','2026-01-21 15:49:52'),(32,23,'处理书箱',0,'2026-01-21 15:49:52','2026-01-21 15:49:52'),(33,23,'分离书箱',0,'2026-01-21 15:49:52','2026-01-21 15:49:52'),(34,23,'通风系统',0,'2026-01-21 15:49:52','2026-01-21 15:49:52'),(35,23,'温控系统',0,'2026-01-21 15:49:53','2026-01-21 15:49:53'),(36,23,'办公室',0,'2026-01-21 15:49:53','2026-01-21 15:49:53'),(37,23,'公共区域',0,'2026-01-21 15:49:53','2026-01-21 15:49:53'),(38,17,'111',0,'2026-01-22 11:47:38','2026-01-22 11:47:38'),(39,17,'222',3,'2026-01-22 11:48:15','2026-01-22 11:48:15');
/*!40000 ALTER TABLE `hygiene_areas` ENABLE KEYS */;
UNLOCK TABLES;

--
-- Table structure for table `hygiene_points`
--

DROP TABLE IF EXISTS `hygiene_points`;
/*!40101 SET @saved_cs_client     = @@character_set_client */;
/*!50503 SET character_set_client = utf8mb4 */;
CREATE TABLE `hygiene_points` (
  `id` int NOT NULL AUTO_INCREMENT,
  `hygiene_area_id` int NOT NULL COMMENT '所属责任区ID',
  `station_id` int NOT NULL COMMENT '场站ID',
  `point_name` varchar(100) COLLATE utf8mb4_unicode_ci NOT NULL COMMENT '卫生点名称',
  `work_requirements` text COLLATE utf8mb4_unicode_ci COMMENT '工作要求及标准',
  `created_at` datetime NOT NULL,
  `updated_at` datetime NOT NULL,
  PRIMARY KEY (`id`),
  KEY `hygiene_area_id` (`hygiene_area_id`),
  KEY `station_id` (`station_id`),
  CONSTRAINT `hygiene_points_ibfk_1` FOREIGN KEY (`hygiene_area_id`) REFERENCES `hygiene_areas` (`id`) ON DELETE CASCADE ON UPDATE CASCADE,
  CONSTRAINT `hygiene_points_ibfk_2` FOREIGN KEY (`station_id`) REFERENCES `stations` (`id`) ON UPDATE CASCADE
) ENGINE=InnoDB AUTO_INCREMENT=281 DEFAULT CHARSET=utf8mb4 COLLATE=utf8mb4_unicode_ci;
/*!40101 SET character_set_client = @saved_cs_client */;

--
-- Dumping data for table `hygiene_points`
--

LOCK TABLES `hygiene_points` WRITE;
/*!40000 ALTER TABLE `hygiene_points` DISABLE KEYS */;
INSERT INTO `hygiene_points` VALUES (1,1,16,'111','111111','2026-01-17 15:21:29','2026-01-17 15:21:29'),(2,1,16,'222','22222','2026-01-17 15:21:29','2026-01-17 15:21:29'),(3,1,16,'333','3333','2026-01-17 15:21:29','2026-01-17 15:21:29'),(4,2,21,'大门','无可擦掉的污渍，掉漆及时补漆。','2026-01-21 11:20:36','2026-01-21 11:20:36'),(5,2,21,'大门外','无可清扫的垃圾。','2026-01-21 11:20:36','2026-01-21 11:20:36'),(6,2,21,'停车场','无可清扫的垃圾。','2026-01-21 11:20:36','2026-01-21 11:20:36'),(7,2,21,'安全帽区域','无尘土，安全帽摆放整齐。','2026-01-21 11:20:36','2026-01-21 11:20:36'),(8,2,21,'地面（供卵至大门外）','无可清扫的垃圾。','2026-01-21 11:20:36','2026-01-21 11:20:36'),(9,3,21,'地面','无可清扫的垃圾。','2026-01-21 11:20:36','2026-01-21 11:20:36'),(10,3,21,'卷帘门','无可擦掉的污渍，掉漆及时补漆。','2026-01-21 11:20:36','2026-01-21 11:20:36'),(11,3,21,'卸料料斗','卸料完后及时清理，无残留的厨余残留。','2026-01-21 11:20:36','2026-01-21 11:20:36'),(12,3,21,'隔断','保持干净，玻璃擦拭透明。','2026-01-21 11:20:36','2026-01-21 11:20:36'),(13,3,21,'料桶','外表干净，无残留垃圾。','2026-01-21 11:20:36','2026-01-21 11:20:36'),(14,3,21,'围挡','无可擦掉的污渍，掉漆及时补漆。','2026-01-21 11:20:36','2026-01-21 11:20:36'),(15,3,21,'翻桶机','用完时及时清扫干净。','2026-01-21 11:20:36','2026-01-21 11:20:36'),(16,3,21,'设备','保持干净，外表擦拭干净。','2026-01-21 11:20:36','2026-01-21 11:20:36'),(17,3,21,'上顶板','保持干净，外表擦拭干净。','2026-01-21 11:20:36','2026-01-21 11:20:36'),(18,4,21,'围挡表面','无可清除的污渍，掉漆处及时补漆。','2026-01-21 11:20:36','2026-01-21 11:20:36'),(19,4,21,'安全标牌','干净整洁，无灰尘。','2026-01-21 11:20:36','2026-01-21 11:20:36'),(20,4,21,'养鸡区域','地面保持干净，无可清理掉的垃圾和物资。','2026-01-21 11:20:36','2026-01-21 11:20:36'),(21,4,21,'垃圾桶','外部干净整洁。','2026-01-21 11:20:36','2026-01-21 11:20:36'),(22,4,21,'养鸡设备','干净整洁，无灰尘。','2026-01-21 11:20:36','2026-01-21 11:20:36'),(23,5,21,'地面','地面保持干净，无可清理掉的垃圾和物资。','2026-01-21 11:20:36','2026-01-21 11:20:36'),(24,5,21,'卸料间围挡','无灰尘，掉漆处及时补漆。','2026-01-21 11:20:36','2026-01-21 11:20:36'),(25,5,21,'橱柜','外表保持干净，无污渍。','2026-01-21 11:20:36','2026-01-21 11:20:36'),(26,5,21,'值班室','无灰尘，掉漆处及时补漆。','2026-01-21 11:20:36','2026-01-21 11:20:36'),(27,5,21,'玻璃','外表保持干净，拉手处无污渍。','2026-01-21 11:20:36','2026-01-21 11:20:36'),(28,5,21,'石砖路','地面保持干净，无可清理掉的垃圾和污渍。','2026-01-21 11:20:36','2026-01-21 11:20:36'),(29,5,21,'桌子','外表保持干净，无污渍。','2026-01-21 11:20:36','2026-01-21 11:20:36'),(30,6,21,'地面','地面保持干净，无可清理掉的垃圾和物资。','2026-01-21 11:20:36','2026-01-21 11:20:36'),(31,6,21,'空调','无灰尘，用完及时关闭。','2026-01-21 11:20:36','2026-01-21 11:20:36'),(32,6,21,'橱柜','外表保持干净，无污渍。','2026-01-21 11:20:36','2026-01-21 11:20:36'),(33,6,21,'床铺','干净、整洁。','2026-01-21 11:20:36','2026-01-21 11:20:36'),(34,6,21,'玻璃','外表保持干净，拉手处无污渍。','2026-01-21 11:20:36','2026-01-21 11:20:36'),(35,6,21,'床下','地面保持干净，无可清理掉的垃圾和污渍。','2026-01-21 11:20:36','2026-01-21 11:20:36'),(36,6,21,'桌子','外表保持干净，无污渍。','2026-01-21 11:20:36','2026-01-21 11:20:36'),(37,7,21,'地面','无可擦掉的污渍，打胶处无黑渍。','2026-01-21 11:20:36','2026-01-21 11:20:36'),(38,7,21,'窗台','无灰尘和垃圾。','2026-01-21 11:20:36','2026-01-21 11:20:36'),(39,7,21,'门','门面保持干净，门后无污渍。','2026-01-21 11:20:36','2026-01-21 11:20:36'),(40,7,21,'洗手池','无可擦掉的污渍。','2026-01-21 11:20:36','2026-01-21 11:20:36'),(41,7,21,'洗衣机','无可擦掉的污渍，洗衣机门关闭。','2026-01-21 11:20:36','2026-01-21 11:20:36'),(42,7,21,'便池','无可冲刷的粪便和尿液。','2026-01-21 11:20:36','2026-01-21 11:20:36'),(43,7,21,'暖风机','无可擦掉的污渍。','2026-01-21 11:20:36','2026-01-21 11:20:36'),(44,7,21,'垃圾桶','每周定期倾倒垃圾，无臭味。','2026-01-21 11:20:36','2026-01-21 11:20:36'),(45,8,21,'地面','无可擦掉的污渍，打胶处无黑渍。','2026-01-21 11:20:36','2026-01-21 11:20:36'),(46,8,21,'窗台','无灰尘和垃圾。','2026-01-21 11:20:36','2026-01-21 11:20:36'),(47,8,21,'门','门面保持干净，门后无污渍。','2026-01-21 11:20:36','2026-01-21 11:20:36'),(48,8,21,'洗桶池','无可擦掉的污渍。','2026-01-21 11:20:36','2026-01-21 11:20:36'),(49,8,21,'衣柜','无可擦掉的污渍，洗衣机门关闭。','2026-01-21 11:20:36','2026-01-21 11:20:36'),(50,8,21,'花洒','使用完及时关闭，坏后及时维修。','2026-01-21 11:20:36','2026-01-21 11:20:36'),(51,8,21,'暖风机','无可擦掉的污渍。','2026-01-21 11:20:36','2026-01-21 11:20:36'),(52,8,21,'洗衣机','无可擦掉的污渍，洗衣机门关闭。','2026-01-21 11:20:36','2026-01-21 11:20:36'),(53,9,21,'标牌','外表面擦拭干净无污渍、手印、尘土。','2026-01-21 11:20:36','2026-01-21 11:20:36'),(54,9,21,'地面','物品摆放整齐，无杂物、垃圾、灰尘、污渍。','2026-01-21 11:20:36','2026-01-21 11:20:36'),(55,9,21,'养殖桶','外表面擦拭干净无污渍、手印、尘土。','2026-01-21 11:20:36','2026-01-21 11:20:36'),(56,9,21,'食盒','食盒周围打扫干净。','2026-01-21 11:20:36','2026-01-21 11:20:36'),(57,9,21,'水槽','保证鸭子有水喝。','2026-01-21 11:20:36','2026-01-21 11:20:36'),(58,9,21,'电子秤','外表面擦拭干净无污渍、手印、尘土。','2026-01-21 11:20:36','2026-01-21 11:20:36'),(59,10,21,'门、窗、  门帘','门面内外表面擦拭干净无污渍、手印、尘土。','2026-01-21 11:20:36','2026-01-21 11:20:36'),(60,10,21,'地  面','物品摆放整齐，无杂物、垃圾、灰尘、污渍。','2026-01-21 11:20:36','2026-01-21 11:20:36'),(61,10,21,'隔断门','门面内外及拉手无污渍，玻璃光亮无污渍、无尘土。','2026-01-21 11:20:36','2026-01-21 11:20:36'),(62,10,21,'养殖盒','表面干净无尘、边角无残留物、标牌清晰。','2026-01-21 11:20:36','2026-01-21 11:20:36'),(63,10,21,'室内','墙角无蛛网、墙面悬挂物无尘土、无飞虫。','2026-01-21 11:20:36','2026-01-21 11:20:36'),(64,10,21,'供卵书箱中间过道','供卵书箱中间过道','2026-01-21 11:20:36','2026-01-21 11:20:36'),(65,11,21,'门窗及室内','表面无尘无污渍、无蛛网，门常处于关闭状态。室内飞虫数不超过5只。','2026-01-21 11:20:36','2026-01-21 11:20:36'),(66,11,21,'地  面','清扫拖擦，物品摆放整齐，无杂物、脚印、污渍及爬虫。','2026-01-21 11:20:36','2026-01-21 11:20:36'),(67,11,21,'养殖盒','养殖盒外边角无尘土、表面无污渍，标牌无涂抹。','2026-01-21 11:20:36','2026-01-21 11:20:36'),(68,11,21,'蟑螂屋','及时更换，蟑螂不能超过5只。','2026-01-21 11:20:36','2026-01-21 11:20:36'),(69,11,21,'料桶及工具','料桶摆放整齐、加盖，表面洁净无污渍。工具使用后清洗干净按要求摆放整齐，保证念佛机正常播放佛歌。','2026-01-21 11:20:36','2026-01-21 11:20:36'),(70,11,21,'过道区域','每日清扫通道，无垃圾。','2026-01-21 11:20:36','2026-01-21 11:20:36'),(71,12,21,'门、室内','门面及拉手无污渍，门常处于关闭状态。室内飞虫数不超过5只。','2026-01-21 11:20:36','2026-01-21 11:20:36'),(72,12,21,'地  面','清扫拖擦，物品摆放整齐，无杂物、脚印、污渍及爬虫。','2026-01-21 11:20:36','2026-01-21 11:20:36'),(73,12,21,'养殖盒','养殖盒外边角无尘土、表面无污渍，标牌无涂抹。','2026-01-21 11:20:36','2026-01-21 11:20:36'),(74,12,21,'设备、墙壁','设备表面无尘、无污渍，墙角无蛛网，悬挂物无尘土。','2026-01-21 11:20:36','2026-01-21 11:20:36'),(75,12,21,'料桶及工具','料桶摆放整齐、桶盖内外洁净无污渍。工具使用后清洗干净按要求摆放整齐，','2026-01-21 11:20:36','2026-01-21 11:20:36'),(76,13,21,'设备及室内','表面无尘、无杂物堆放、无污渍。室内飞虫不得超过5只。','2026-01-21 11:20:36','2026-01-21 11:20:36'),(77,13,21,'地面','物品摆放整齐，无杂物、垃圾、污渍、死亡虫体及时清理。','2026-01-21 11:20:36','2026-01-21 11:20:36'),(78,13,21,'墙面','墙面无污渍，墙角无蛛网，悬挂物表面无尘土。','2026-01-21 11:20:36','2026-01-21 11:20:36'),(79,13,21,'工具及灯具','外表面无污渍、无尘土，工具按规定摆放，照明灯具完好无尘，保证念佛机正常播放佛歌。','2026-01-21 11:20:36','2026-01-21 11:20:36'),(80,13,21,'门窗','门边内外及拉手无污渍、门面及门帘擦拭干净，窗台无尘土。','2026-01-21 11:20:36','2026-01-21 11:20:36'),(81,13,21,'休息区','清扫干净。','2026-01-21 11:20:36','2026-01-21 11:20:36'),(82,13,21,'集装箱外表','每日清扫无积尘，无杂物。','2026-01-21 11:20:36','2026-01-21 11:20:36'),(83,14,21,'设备及室内','表面无尘、无杂物堆放、无污渍。室内飞虫不得超过5只。','2026-01-21 11:20:36','2026-01-21 11:20:36'),(84,14,21,'地面','物品摆放整齐，无杂物、垃圾、污渍、死亡虫体及时清理。','2026-01-21 11:20:36','2026-01-21 11:20:36'),(85,14,21,'墙面','墙面无污渍，墙角无蛛网，悬挂物表面无尘土。','2026-01-21 11:20:36','2026-01-21 11:20:36'),(86,14,21,'工具及灯具','外表面无污渍、无尘土，工具按规定摆放，照明灯具完好无尘，保证念佛机正常播放佛歌。','2026-01-21 11:20:36','2026-01-21 11:20:36'),(87,14,21,'门窗','门边内外及拉手无污渍、门面及门帘擦拭干净，窗台无尘土。','2026-01-21 11:20:36','2026-01-21 11:20:36'),(88,14,21,'休息区','清扫干净。','2026-01-21 11:20:36','2026-01-21 11:20:36'),(89,14,21,'围挡与书箱过道','每日清扫无积尘，无杂物。','2026-01-21 11:20:36','2026-01-21 11:20:36'),(90,15,21,'防火','合理保存易燃物品，无安全隐患。','2026-01-21 11:20:36','2026-01-21 11:20:36'),(91,15,21,'防机械伤','合理摆放物品，无坠落、磕碰隐患。','2026-01-21 11:20:36','2026-01-21 11:20:36'),(94,15,21,'围挡和大门','无可清洗的污渍。','2026-01-21 11:20:36','2026-01-21 11:20:36'),(95,15,21,'标示牌','无灰尘，粘贴的标签平整干净。','2026-01-21 11:20:36','2026-01-21 11:20:36'),(96,15,21,'窗台和玻璃','无可清洗的污渍和尘土。','2026-01-21 11:20:36','2026-01-21 11:20:36'),(97,16,21,'防火','合理保存易燃物品，无安全隐患。','2026-01-21 11:20:36','2026-01-21 11:20:36'),(98,16,21,'防机械伤','合理摆放物品，无坠落、磕碰隐患。','2026-01-21 11:20:36','2026-01-21 11:20:36'),(99,16,21,'地  面','干净无杂物。','2026-01-21 11:20:36','2026-01-21 11:20:36'),(100,16,21,'物  品','摆放整齐。','2026-01-21 11:20:36','2026-01-21 11:20:36'),(101,16,21,'线盒和设备','无可清洗的污渍。','2026-01-21 11:20:36','2026-01-21 11:20:36'),(102,16,21,'标示牌','无灰尘，粘贴的标签平整干净。','2026-01-21 11:20:36','2026-01-21 11:20:36'),(103,17,21,'地面','保持干净，无可清扫的垃圾和虫子。','2026-01-21 11:20:36','2026-01-21 11:20:36'),(104,17,21,'玻璃','保持干净，无可擦掉的污渍。','2026-01-21 11:20:36','2026-01-21 11:20:36'),(105,17,21,'书箱表面','无可清洗的污渍，掉漆处及时补漆。','2026-01-21 11:20:36','2026-01-21 11:20:36'),(106,17,21,'色选机','每次使用完打扫干净，无残留的污渍和尘土。','2026-01-21 11:20:36','2026-01-21 11:20:36'),(107,17,21,'平台及周围','保持干净，无可清扫的垃圾和虫子。','2026-01-21 11:20:36','2026-01-21 11:20:36'),(108,17,21,'塑料盒','每次使用完打扫干净，无残留的虫沙、虫子和尘土。','2026-01-21 11:20:36','2026-01-21 11:20:36'),(109,18,21,'书箱内部','下沉面无垃圾、尘土和加工完毕遗留的垃圾和下料碎屑。','2026-01-21 11:20:36','2026-01-21 11:20:36'),(110,18,21,'小棚','设备码放整齐，地面打扫干净。','2026-01-21 11:20:36','2026-01-21 11:20:36'),(111,18,21,'养殖盒','保持干净整洁。','2026-01-21 11:20:36','2026-01-21 11:20:36'),(112,18,21,'智慧平台','保持干净整洁。','2026-01-21 11:20:36','2026-01-21 11:20:36'),(113,18,21,'振动筛','使用完毕打扫干净。','2026-01-21 11:20:36','2026-01-21 11:20:36'),(114,18,21,'触摸屏','保持干净整洁。','2026-01-21 11:20:36','2026-01-21 11:20:36'),(115,18,21,'2#筛下料斗','保持干净整洁，无存料。','2026-01-21 11:20:36','2026-01-21 11:20:36'),(116,19,21,'书箱内部','下沉面无垃圾、尘土和加工完毕遗留的垃圾和下料碎屑。','2026-01-21 11:20:36','2026-01-21 11:20:36'),(117,19,21,'书箱外表','无灰尘，掉漆处及时补漆。','2026-01-21 11:20:36','2026-01-21 11:20:36'),(118,19,21,'集装箱和围挡过道','地面保持干净，无可清理掉的垃圾和物渍。','2026-01-21 11:20:36','2026-01-21 11:20:36'),(119,19,21,'电箱','电箱外表无灰尘，安全提示标牌张贴整齐干净。','2026-01-21 11:20:36','2026-01-21 11:20:36'),(120,19,21,'绝缘垫','干净整洁无脚印。','2026-01-21 11:20:36','2026-01-21 11:20:36'),(121,19,21,'安全标牌','干净整洁，无灰尘。','2026-01-21 11:20:36','2026-01-21 11:20:36'),(122,19,21,'围挡','3','2026-01-21 11:20:36','2026-01-21 11:20:36'),(123,20,21,'地面','无可擦掉的污渍，打胶处无黑渍。','2026-01-21 11:20:36','2026-01-21 11:20:36'),(124,20,21,'门','门面保持干净，门后无污渍。','2026-01-21 11:20:36','2026-01-21 11:20:36'),(125,20,21,'洗手池','无可擦掉的污渍。','2026-01-21 11:20:36','2026-01-21 11:20:36'),(126,20,21,'墩布池','保持干净无异味。','2026-01-21 11:20:36','2026-01-21 11:20:36'),(127,20,21,'便池','无可冲刷的粪便和尿液。','2026-01-21 11:20:36','2026-01-21 11:20:36'),(128,20,21,'暖风机','无可擦掉的污渍。','2026-01-21 11:20:36','2026-01-21 11:20:36'),(129,20,21,'垃圾桶','每周定期倾倒垃圾，无臭味。','2026-01-21 11:20:36','2026-01-21 11:20:36'),(130,21,21,'地面','无可擦掉的污渍，打胶处无黑渍。','2026-01-21 11:20:36','2026-01-21 11:20:36'),(131,21,21,'女更衣室窗台','无灰尘和垃圾。','2026-01-21 11:20:36','2026-01-21 11:20:36'),(132,21,21,'门','门面保持干净，门后无污渍。','2026-01-21 11:20:36','2026-01-21 11:20:36'),(133,21,21,'洗手池','无可擦掉的污渍。','2026-01-21 11:20:36','2026-01-21 11:20:36'),(134,21,21,'镜子','无可擦掉的污渍和水印。','2026-01-21 11:20:36','2026-01-21 11:20:36'),(135,21,21,'便池','无可冲刷的粪便和尿液。','2026-01-21 11:20:36','2026-01-21 11:20:36'),(136,21,21,'暖风机','无可擦掉的污渍。','2026-01-21 11:20:36','2026-01-21 11:20:36'),(137,21,21,'垃圾桶','每周定期倾倒垃圾，无臭味。','2026-01-21 11:20:36','2026-01-21 11:20:36'),(138,22,21,'饮水壶','设备外表保持干净，无可擦掉的污渍。','2026-01-21 11:20:36','2026-01-21 11:20:36'),(139,22,21,'地面','地面保持干净，无可清理掉的垃圾和污渍。','2026-01-21 11:20:36','2026-01-21 11:20:36'),(140,22,21,'门','门面保持干净，门后无污渍。','2026-01-21 11:20:36','2026-01-21 11:20:36'),(141,22,21,'墩布池','无可擦掉的污渍。','2026-01-21 11:20:36','2026-01-21 11:20:36'),(142,22,21,'饮水机','设备外表保持干净，开门勾手里面保持干净。','2026-01-21 11:20:36','2026-01-21 11:20:36'),(143,22,21,'除臭塔','设备外表保持干净。','2026-01-21 11:20:36','2026-01-21 11:20:36'),(144,22,21,'加工车间地面','地面保持干净，无可清理掉的垃圾和污渍。','2026-01-21 11:20:36','2026-01-21 11:20:36'),(145,22,21,'加工台','台面保持干净，无下料时掉落的铁屑和剩余料头。','2026-01-21 11:20:36','2026-01-21 11:20:36'),(146,23,22,'窗台','无尘土。','2026-01-21 11:20:36','2026-01-22 19:16:59'),(147,23,22,'桌子','物品摆放整齐，无垃圾遗留。','2026-01-21 11:20:36','2026-01-22 19:16:59'),(148,23,22,'地面','干净无可清洗的污渍。','2026-01-21 11:20:36','2026-01-22 19:16:59'),(149,23,22,'椅子','摆放整齐，干净无可清洗的污渍。','2026-01-21 11:20:36','2026-01-22 19:16:59'),(150,23,22,'柜子','关闭柜门，干净无可清洗的污渍。','2026-01-21 11:20:36','2026-01-22 19:16:59'),(151,23,22,'绿植','养护生机盎然，无败家之像。','2026-01-21 11:20:36','2026-01-22 19:16:59'),(152,23,22,'电视','干净无可清洗的污渍。','2026-01-21 11:20:36','2026-01-22 19:16:59'),(153,24,22,'窗台','无尘土。','2026-01-21 11:20:36','2026-01-22 19:17:14'),(154,24,22,'桌子','物品摆放整齐，无垃圾遗留。','2026-01-21 11:20:36','2026-01-22 19:17:14'),(155,24,22,'地面','干净无可清洗的污渍。','2026-01-21 11:20:36','2026-01-22 19:17:14'),(156,24,22,'垃圾桶','每周定期倾倒垃圾，无臭味。','2026-01-21 11:20:36','2026-01-22 19:17:14'),(157,24,22,'柜子','关闭柜门，干净无可清洗的污渍。','2026-01-21 11:20:36','2026-01-22 19:17:14'),(158,24,22,'绿植','养护生机盎然，无败家之像。','2026-01-21 11:20:36','2026-01-22 19:17:14'),(159,24,22,'冰箱','干净无可清洗的污渍，打开后无异味。','2026-01-21 11:20:36','2026-01-22 19:17:14'),(160,24,22,'办公室前地面','保持干净，无可清扫的垃圾。','2026-01-21 11:20:36','2026-01-22 19:17:14'),(161,25,21,'地  面','地面保持干净，无可清理掉的垃圾和污渍。','2026-01-21 11:20:36','2026-01-21 11:20:36'),(162,25,21,'过 道','地面保持干净，无可清理掉的垃圾和污渍。','2026-01-21 11:20:36','2026-01-21 11:20:36'),(163,25,21,'冰 箱','设备外表保持干净，无可擦掉的污渍。','2026-01-21 11:20:36','2026-01-21 11:20:36'),(164,25,21,'洗衣机','设备外表保持干净，无可擦掉的污渍。','2026-01-21 11:20:36','2026-01-21 11:20:36'),(165,25,21,'围挡门','设备外表保持干净，无可擦掉的尘土。','2026-01-21 11:20:36','2026-01-21 11:20:36'),(166,25,21,'洗手池','保持干净，漏斗无洗刷时残留的剩饭和垃圾，物品摆放整齐','2026-01-21 11:20:36','2026-01-21 11:20:36'),(167,25,21,'集装箱外表','无可见的灰土。','2026-01-21 11:20:36','2026-01-21 11:20:36'),(168,25,21,'工具','工具使用后清洗干净（无异味）按要求摆放整齐。','2026-01-21 11:20:36','2026-01-21 11:20:36'),(169,26,21,'门、窗','外表保持干净，拉手处无污渍。','2026-01-21 11:20:36','2026-01-21 11:20:36'),(170,26,21,'玻璃','保持干净，无水渍。','2026-01-21 11:20:36','2026-01-21 11:20:36'),(171,26,21,'地  面','清扫拖擦，物品摆放整齐，无杂物、脚印、污渍。','2026-01-21 11:20:36','2026-01-21 11:20:36'),(172,26,21,'餐桌','桌面保持干净，无可擦掉的污渍。','2026-01-21 11:20:36','2026-01-21 11:20:36'),(173,26,21,'凳子','表面干净，在餐桌下摆放整齐。','2026-01-21 11:20:36','2026-01-21 11:20:36'),(174,26,21,'电气设备','设备表面无尘、无污渍，墙角无蛛网，悬挂物无尘土。','2026-01-21 11:20:36','2026-01-21 11:20:36'),(175,26,21,'集装箱外表','无可见的灰土。','2026-01-21 11:20:36','2026-01-21 11:20:36'),(176,26,21,'工具','工具使用后清洗干净（无异味）按要求摆放整齐。','2026-01-21 11:20:36','2026-01-21 11:20:36'),(177,27,21,'地面','地面保持干净，无可清理掉的垃圾和物渍。','2026-01-21 11:20:36','2026-01-21 11:20:36'),(178,27,21,'风机','外表保持干净整洁','2026-01-21 11:20:36','2026-01-21 11:20:36'),(179,27,21,'2.5书箱','无灰尘，掉漆处及时补漆。','2026-01-21 11:20:36','2026-01-21 11:20:36'),(180,27,21,'过道','地面保持干净，无可清理掉的垃圾和物渍。','2026-01-21 11:20:36','2026-01-21 11:20:36'),(181,27,21,'电箱','外表保持干净整洁','2026-01-21 11:20:36','2026-01-21 11:20:36'),(182,27,21,'其他区域','物品摆放整齐，保持干净整洁。','2026-01-21 11:20:36','2026-01-21 11:20:36'),(183,28,21,'风机','每天巡查，确保正常运转。','2026-01-21 11:20:36','2026-01-21 11:20:36'),(184,28,21,'水泵','每天巡查，确保正常运转。','2026-01-21 11:20:36','2026-01-21 11:20:36'),(185,28,21,'水箱','每天巡查，确保水位在正常范围内。','2026-01-21 11:20:36','2026-01-21 11:20:36'),(186,28,21,'喷淋','每天巡查，确保正常运转。','2026-01-21 11:20:36','2026-01-21 11:20:36'),(187,28,21,'环境','每天巡查，确保周围无臭味。','2026-01-21 11:20:36','2026-01-21 11:20:36'),(188,29,21,'风机','每天巡查，确保正常运转。','2026-01-21 11:20:36','2026-01-21 11:20:36'),(189,29,21,'水泵','每天巡查，确保正常运转。','2026-01-21 11:20:36','2026-01-21 11:20:36'),(190,29,21,'水箱','每天巡查，确保水位在正常范围内。','2026-01-21 11:20:36','2026-01-21 11:20:36'),(191,29,21,'喷淋','每天巡查，确保正常运转。','2026-01-21 11:20:36','2026-01-21 11:20:36'),(192,29,21,'环境','每天巡查，确保周围无臭味。','2026-01-21 11:20:36','2026-01-21 11:20:36'),(193,15,21,'地面','干净无杂物。','2026-01-21 13:24:35','2026-01-21 13:24:35'),(194,15,21,'物品','摆放整齐。','2026-01-21 13:24:36','2026-01-21 13:24:36'),(195,30,23,'门、窗','表面擦拭干净无污渍、手印、尘土。','2026-01-21 15:49:52','2026-01-21 15:49:52'),(196,30,23,'地面','物品摆放整齐，无杂物、垃圾、灰尘、污渍。','2026-01-21 15:49:52','2026-01-21 15:49:52'),(197,30,23,'隔断','门面内外及拉手无污渍，玻璃光亮无污渍、无尘土。','2026-01-21 15:49:52','2026-01-21 15:49:52'),(198,30,23,'养殖盒','表面干净无尘、边角无残留物、标牌清晰。','2026-01-21 15:49:52','2026-01-21 15:49:52'),(199,30,23,'养殖架','表面干净无尘、无锈蚀损坏。','2026-01-21 15:49:52','2026-01-21 15:49:52'),(200,30,23,'室内','墙角无蛛网、墙面悬挂物无尘土、无飞虫。','2026-01-21 15:49:52','2026-01-21 15:49:52'),(201,30,23,'料桶及工具','料桶摆放整齐、加盖，表面洁净无污渍。工具使用后清洗干净按要求摆放整齐。','2026-01-21 15:49:52','2026-01-21 15:49:52'),(202,30,23,'墙面','墙面无污渍，墙角无蛛网，悬挂物表面无尘土。','2026-01-21 15:49:52','2026-01-21 15:49:52'),(203,30,23,'灯具','外表面无污渍、无尘土。','2026-01-21 15:49:52','2026-01-21 15:49:52'),(204,30,23,'消防器材','安全有效，外表保持干净，无污渍。','2026-01-21 15:49:52','2026-01-21 15:49:52'),(205,30,23,'集装箱表面','无可清洗的污渍，掉漆处及时补漆。','2026-01-21 15:49:52','2026-01-21 15:49:52'),(206,30,23,'集装箱内部','下沉面无垃圾、尘土和加工完毕遗留的垃圾和下料碎屑。','2026-01-21 15:49:52','2026-01-21 15:49:52'),(207,30,23,'空调','表面无灰尘，用完及时关闭。','2026-01-21 15:49:52','2026-01-21 15:49:52'),(208,30,23,'电箱','电箱外表无灰尘，安全提示标牌张贴整齐干净。','2026-01-21 15:49:52','2026-01-21 15:49:52'),(209,31,23,'地面','无可清扫的垃圾。','2026-01-21 15:49:52','2026-01-21 15:49:52'),(210,31,23,'翻桶机','卸料完后及时清理，无残留的厨余残留。','2026-01-21 15:49:52','2026-01-21 15:49:52'),(211,31,23,'翻桶机外罩','外表干净，无残留垃圾。','2026-01-21 15:49:52','2026-01-21 15:49:52'),(212,31,23,'垃圾桶','外表干净，无残留垃圾。','2026-01-21 15:49:52','2026-01-21 15:49:52'),(213,31,23,'设备表面','保持干净，外表擦拭干净。','2026-01-21 15:49:52','2026-01-21 15:49:52'),(214,31,23,'标识、标牌','干净整洁，无灰尘。','2026-01-21 15:49:52','2026-01-21 15:49:52'),(215,31,23,'墙面','墙面无污渍，墙角无蛛网，悬挂物表面无尘土。','2026-01-21 15:49:52','2026-01-21 15:49:52'),(216,31,23,'灯具','外表面无污渍、无尘土。','2026-01-21 15:49:52','2026-01-21 15:49:52'),(217,31,23,'消防器材','安全有效，外表保持干净，无污渍。','2026-01-21 15:49:52','2026-01-21 15:49:52'),(218,31,23,'集装箱表面','无可清洗的污渍，掉漆处及时补漆。','2026-01-21 15:49:52','2026-01-21 15:49:52'),(219,31,23,'集装箱内部','下沉面无垃圾、尘土和加工完毕遗留的垃圾和下料碎屑。','2026-01-21 15:49:52','2026-01-21 15:49:52'),(220,31,23,'电箱','电箱外表无灰尘，安全提示标牌张贴整齐干净。','2026-01-21 15:49:52','2026-01-21 15:49:52'),(221,31,23,'工具','工具使用后清洗干净（无异味）按要求摆放整齐。','2026-01-21 15:49:52','2026-01-21 15:49:52'),(222,31,23,'空气源热泵风盘','表面无灰尘，用完及时关闭。','2026-01-21 15:49:52','2026-01-21 15:49:52'),(223,32,23,'设备表面','保持干净，外表擦拭干净。','2026-01-21 15:49:52','2026-01-21 15:49:52'),(224,32,23,'标识、标牌','干净整洁，无灰尘。','2026-01-21 15:49:52','2026-01-21 15:49:52'),(225,32,23,'地面','无可清扫的垃圾。','2026-01-21 15:49:52','2026-01-21 15:49:52'),(226,32,23,'墙面','墙面无污渍，墙角无蛛网，悬挂物表面无尘土。','2026-01-21 15:49:52','2026-01-21 15:49:52'),(227,32,23,'灯具','外表面无污渍、无尘土。','2026-01-21 15:49:52','2026-01-21 15:49:52'),(228,32,23,'消防器材','安全有效，外表保持干净，无污渍。','2026-01-21 15:49:52','2026-01-21 15:49:52'),(229,32,23,'集装箱表面','无可清洗的污渍，掉漆处及时补漆。','2026-01-21 15:49:52','2026-01-21 15:49:52'),(230,32,23,'集装箱内部','下沉面无垃圾、尘土和加工完毕遗留的垃圾和下料碎屑。','2026-01-21 15:49:52','2026-01-21 15:49:52'),(231,32,23,'养殖盒','每次使用完打扫干净，无残留的虫沙、虫子和尘土。','2026-01-21 15:49:52','2026-01-21 15:49:52'),(232,32,23,'智慧平台','外表干净整洁，无杂物堆积和遗撒。','2026-01-21 15:49:52','2026-01-21 15:49:52'),(233,32,23,'电箱','电箱外表无灰尘，安全提示标牌张贴整齐干净。','2026-01-21 15:49:52','2026-01-21 15:49:52'),(234,32,23,'工具','工具使用后清洗干净（无异味）按要求摆放整齐。','2026-01-21 15:49:52','2026-01-21 15:49:52'),(235,33,23,'设备表面','保持干净，外表擦拭干净。','2026-01-21 15:49:52','2026-01-21 15:49:52'),(236,33,23,'隔断','门面内外及拉手无污渍、无尘土。','2026-01-21 15:49:52','2026-01-21 15:49:52'),(237,33,23,'标识、标牌','干净整洁，无灰尘。','2026-01-21 15:49:52','2026-01-21 15:49:52'),(238,33,23,'地面','无可清扫的垃圾和虫子、虫粪。','2026-01-21 15:49:52','2026-01-21 15:49:52'),(239,33,23,'墙面','墙面无污渍，墙角无蛛网，悬挂物表面无尘土。','2026-01-21 15:49:52','2026-01-21 15:49:52'),(240,33,23,'灯具','外表面无污渍、无尘土。','2026-01-21 15:49:52','2026-01-21 15:49:52'),(241,33,23,'消防器材','安全有效，外表保持干净，无污渍。','2026-01-21 15:49:52','2026-01-21 15:49:52'),(242,33,23,'集装箱表面','无可清洗的污渍，掉漆处及时补漆。','2026-01-21 15:49:52','2026-01-21 15:49:52'),(243,33,23,'集装箱内部','下沉面无垃圾、尘土和加工完毕遗留的垃圾和下料碎屑。','2026-01-21 15:49:52','2026-01-21 15:49:52'),(244,33,23,'电箱','电箱外表无灰尘，安全提示标牌张贴整齐干净。','2026-01-21 15:49:52','2026-01-21 15:49:52'),(245,33,23,'工具','工具使用后清洗干净（无异味）按要求摆放整齐。','2026-01-21 15:49:52','2026-01-21 15:49:52'),(246,33,23,'空气源热泵风盘','表面无灰尘，用完及时关闭。','2026-01-21 15:49:52','2026-01-21 15:49:52'),(247,34,23,'设备表面','保持干净，外表擦拭干净。','2026-01-21 15:49:52','2026-01-21 15:49:52'),(248,34,23,'风机','每天巡查，确保正常运转，表面无污渍。','2026-01-21 15:49:52','2026-01-21 15:49:52'),(249,34,23,'水泵','每天巡查，确保正常运转，表面无污渍。','2026-01-21 15:49:52','2026-01-21 15:49:52'),(250,34,23,'除臭箱体','每天巡查，确保箱体内水位在正常范围内，箱体表面无污渍。','2026-01-21 15:49:52','2026-01-21 15:49:52'),(251,34,23,'喷淋水管','每天巡查，确保无漏水现象，表面无污渍。','2026-01-21 15:49:52','2026-01-21 15:49:52'),(252,34,23,'管路管件','外表保持干净，无污渍，无破损。','2026-01-21 15:49:52','2026-01-21 15:49:52'),(253,35,23,'设备表面','保持干净，外表擦拭干净。','2026-01-21 15:49:53','2026-01-21 15:49:53'),(254,35,23,'标识、标牌','干净整洁，无灰尘。','2026-01-21 15:49:53','2026-01-21 15:49:53'),(255,35,23,'管路管件','外表保持干净，无污渍，无破损。','2026-01-21 15:49:53','2026-01-21 15:49:53'),(256,36,23,'地面','地面保持干净，无可清理掉的垃圾和物资。','2026-01-21 15:49:53','2026-01-21 15:49:53'),(257,36,23,'文件柜','关闭柜门，干净无可清洗的污渍。','2026-01-21 15:49:53','2026-01-21 15:49:53'),(258,36,23,'门、窗','外表保持干净，拉手处无污渍。','2026-01-21 15:49:53','2026-01-21 15:49:53'),(259,36,23,'玻璃','外表保持干净，无污渍。','2026-01-21 15:49:53','2026-01-21 15:49:53'),(260,36,23,'电脑','摆放整齐，外表保持干净，无污渍。','2026-01-21 15:49:53','2026-01-21 15:49:53'),(261,36,23,'桌椅','摆放整齐，外表保持干净，无污渍。','2026-01-21 15:49:53','2026-01-21 15:49:53'),(262,36,23,'空气源热泵风盘','表面无灰尘，用完及时关闭。','2026-01-21 15:49:53','2026-01-21 15:49:53'),(263,36,23,'床铺','干净、整洁。','2026-01-21 15:49:53','2026-01-21 15:49:53'),(264,36,23,'床下','地面保持干净，无可清理掉的垃圾和污渍。','2026-01-21 15:49:53','2026-01-21 15:49:53'),(265,36,23,'垃圾桶','每天定期倾倒垃圾，无臭味。','2026-01-21 15:49:53','2026-01-21 15:49:53'),(266,36,23,'墙面','墙面无污渍，墙角无蛛网，悬挂物表面无尘土。','2026-01-21 15:49:53','2026-01-21 15:49:53'),(267,36,23,'隔断','门面内外及拉手无污渍、无尘土。','2026-01-21 15:49:53','2026-01-21 15:49:53'),(268,36,23,'灯具','外表面无污渍、无尘土。','2026-01-21 15:49:53','2026-01-21 15:49:53'),(269,36,23,'消防器材','安全有效，外表保持干净，无污渍。','2026-01-21 15:49:53','2026-01-21 15:49:53'),(270,36,23,'集装箱表面','无可清洗的污渍，掉漆处及时补漆。','2026-01-21 15:49:53','2026-01-21 15:49:53'),(271,37,23,'地面','无可清扫的垃圾。','2026-01-21 15:49:53','2026-01-21 15:49:53'),(272,37,23,'围挡表面','无可清除的污渍，掉漆处及时补漆。','2026-01-21 15:49:53','2026-01-21 15:49:53'),(273,37,23,'标识、标牌','干净整洁，无灰尘。','2026-01-21 15:49:53','2026-01-21 15:49:53'),(274,37,23,'消防器材','安全有效，外表保持干净，无污渍。','2026-01-21 15:49:53','2026-01-21 15:49:53'),(275,38,17,'1','1','2026-01-22 11:47:38','2026-01-22 11:47:38'),(276,38,17,'2','2','2026-01-22 11:47:38','2026-01-22 11:47:38'),(277,38,17,'3','3','2026-01-22 11:47:38','2026-01-22 11:47:38'),(278,39,17,'5','5','2026-01-22 11:48:15','2026-01-22 11:48:15'),(279,39,17,'6','6','2026-01-22 11:48:15','2026-01-22 11:48:15'),(280,39,17,'7','7','2026-01-22 11:48:15','2026-01-22 11:48:15');
/*!40000 ALTER TABLE `hygiene_points` ENABLE KEYS */;
UNLOCK TABLES;

--
-- Table structure for table `hygiene_position_areas`
--

DROP TABLE IF EXISTS `hygiene_position_areas`;
/*!40101 SET @saved_cs_client     = @@character_set_client */;
/*!50503 SET character_set_client = utf8mb4 */;
CREATE TABLE `hygiene_position_areas` (
  `id` int NOT NULL AUTO_INCREMENT,
  `station_id` int NOT NULL COMMENT '场站ID',
  `position_name` varchar(50) COLLATE utf8mb4_unicode_ci NOT NULL COMMENT '岗位名称',
  `hygiene_area_id` int NOT NULL COMMENT '责任区ID',
  `created_at` datetime NOT NULL,
  `updated_at` datetime NOT NULL,
  PRIMARY KEY (`id`),
  KEY `station_id` (`station_id`),
  KEY `hygiene_area_id` (`hygiene_area_id`),
  CONSTRAINT `hygiene_position_areas_ibfk_1` FOREIGN KEY (`station_id`) REFERENCES `stations` (`id`) ON UPDATE CASCADE,
  CONSTRAINT `hygiene_position_areas_ibfk_2` FOREIGN KEY (`hygiene_area_id`) REFERENCES `hygiene_areas` (`id`) ON DELETE CASCADE ON UPDATE CASCADE
) ENGINE=InnoDB AUTO_INCREMENT=14 DEFAULT CHARSET=utf8mb4 COLLATE=utf8mb4_unicode_ci;
/*!40101 SET character_set_client = @saved_cs_client */;

--
-- Dumping data for table `hygiene_position_areas`
--

LOCK TABLES `hygiene_position_areas` WRITE;
/*!40000 ALTER TABLE `hygiene_position_areas` DISABLE KEYS */;
INSERT INTO `hygiene_position_areas` VALUES (1,16,'站长',1,'2026-01-21 13:24:58','2026-01-21 13:24:58'),(2,22,'羽化 培养',13,'2026-01-21 15:23:18','2026-01-21 15:23:18'),(6,23,'培养',35,'2026-01-21 20:00:29','2026-01-21 20:00:29'),(7,22,'羽化 培养',14,'2026-01-21 20:02:39','2026-01-21 20:02:39'),(8,22,'预蛹养殖 养鸭',11,'2026-01-21 20:02:52','2026-01-21 20:02:52'),(9,22,'预蛹养殖 养鸭',9,'2026-01-21 20:03:01','2026-01-21 20:03:01'),(10,22,'蛹化 养鸡',12,'2026-01-21 20:03:17','2026-01-21 20:03:17'),(11,22,'蛹化 养鸡',4,'2026-01-21 20:03:27','2026-01-21 20:03:27'),(12,22,'站长',23,'2026-01-22 19:17:57','2026-01-22 19:17:57'),(13,22,'站长',24,'2026-01-22 19:18:09','2026-01-22 19:18:09');
/*!40000 ALTER TABLE `hygiene_position_areas` ENABLE KEYS */;
UNLOCK TABLES;

--
-- Table structure for table `maintenance_assignments`
--

DROP TABLE IF EXISTS `maintenance_assignments`;
/*!40101 SET @saved_cs_client     = @@character_set_client */;
/*!50503 SET character_set_client = utf8mb4 */;
CREATE TABLE `maintenance_assignments` (
  `id` int NOT NULL AUTO_INCREMENT,
  `assignment_code` varchar(50) COLLATE utf8mb4_unicode_ci NOT NULL COMMENT 'assignment code',
  `station_id` int NOT NULL COMMENT 'station id',
  `plan_id` int DEFAULT NULL COMMENT 'plan id',
  `cycle_type` enum('daily','weekly','monthly','yearly') COLLATE utf8mb4_unicode_ci DEFAULT NULL COMMENT 'maintenance cycle type',
  `equipment_code` varchar(50) COLLATE utf8mb4_unicode_ci NOT NULL COMMENT 'equipment code',
  `equipment_name` varchar(100) COLLATE utf8mb4_unicode_ci NOT NULL COMMENT 'equipment name',
  `install_location` varchar(200) COLLATE utf8mb4_unicode_ci DEFAULT NULL COMMENT 'install location',
  `executor_id` int NOT NULL COMMENT 'executor id',
  `executor_name` varchar(50) COLLATE utf8mb4_unicode_ci DEFAULT NULL COMMENT 'executor name',
  `assigner_id` int DEFAULT NULL COMMENT 'assigner id',
  `assigner_name` varchar(50) COLLATE utf8mb4_unicode_ci DEFAULT NULL COMMENT 'assigner name',
  `plan_start_date` date DEFAULT NULL COMMENT 'plan start date',
  `plan_start_time` time DEFAULT NULL COMMENT 'plan start time',
  `plan_end_date` date DEFAULT NULL COMMENT 'plan end date',
  `plan_end_time` time DEFAULT NULL COMMENT 'plan end time',
  `actual_start_date` date DEFAULT NULL COMMENT 'actual start date',
  `actual_start_time` time DEFAULT NULL COMMENT 'actual start time',
  `actual_end_date` date DEFAULT NULL COMMENT 'actual end date',
  `actual_end_time` time DEFAULT NULL COMMENT 'actual end time',
  `maintenance_content` text COLLATE utf8mb4_unicode_ci COMMENT 'maintenance content',
  `maintenance_tools` varchar(200) COLLATE utf8mb4_unicode_ci DEFAULT NULL COMMENT 'maintenance tools',
  `maintenance_result` varchar(20) COLLATE utf8mb4_unicode_ci DEFAULT NULL COMMENT 'maintenance result',
  `observe_days` int DEFAULT NULL COMMENT 'observe days',
  `unsolved_reason` varchar(200) COLLATE utf8mb4_unicode_ci DEFAULT NULL COMMENT 'unsolved reason',
  `maintenance_items` json DEFAULT NULL COMMENT 'maintenance items',
  `consumables_list` json DEFAULT NULL COMMENT 'maintenance consumables list',
  `parts_list` json DEFAULT NULL COMMENT 'maintenance parts list',
  `status` enum('pending','in_progress','pending_verify','accepted','completed') COLLATE utf8mb4_unicode_ci DEFAULT 'pending' COMMENT 'status',
  `completion_note` text COLLATE utf8mb4_unicode_ci COMMENT 'completion note',
  `work_hours` decimal(4,2) DEFAULT NULL COMMENT 'work hours',
  `verify_by_id` int DEFAULT NULL COMMENT 'verify user id',
  `verify_by_name` varchar(50) COLLATE utf8mb4_unicode_ci DEFAULT NULL COMMENT 'verify user name',
  `verify_date` date DEFAULT NULL COMMENT 'verify date',
  `verify_time` time DEFAULT NULL COMMENT 'verify time',
  `verify_comment` text COLLATE utf8mb4_unicode_ci COMMENT 'verify comment',
  `verify_safety` int DEFAULT NULL COMMENT 'verify safety rating',
  `verify_quality` int DEFAULT NULL COMMENT 'verify quality rating',
  `verify_progress` int DEFAULT NULL COMMENT 'verify progress rating',
  `verify_hygiene` int DEFAULT NULL COMMENT 'verify hygiene rating',
  `created_at` datetime NOT NULL,
  `updated_at` datetime NOT NULL,
  PRIMARY KEY (`id`),
  UNIQUE KEY `assignment_code` (`assignment_code`),
  KEY `plan_id` (`plan_id`),
  KEY `assigner_id` (`assigner_id`),
  KEY `maintenance_assignments_station_id` (`station_id`),
  KEY `maintenance_assignments_executor_id` (`executor_id`),
  KEY `maintenance_assignments_status` (`status`),
  KEY `maintenance_assignments_plan_start_date` (`plan_start_date`),
  CONSTRAINT `maintenance_assignments_ibfk_1` FOREIGN KEY (`station_id`) REFERENCES `stations` (`id`) ON UPDATE CASCADE,
  CONSTRAINT `maintenance_assignments_ibfk_2` FOREIGN KEY (`plan_id`) REFERENCES `maintenance_plan_library` (`id`) ON UPDATE CASCADE,
  CONSTRAINT `maintenance_assignments_ibfk_3` FOREIGN KEY (`executor_id`) REFERENCES `users` (`id`) ON UPDATE CASCADE,
  CONSTRAINT `maintenance_assignments_ibfk_4` FOREIGN KEY (`assigner_id`) REFERENCES `users` (`id`) ON UPDATE CASCADE
) ENGINE=InnoDB DEFAULT CHARSET=utf8mb4 COLLATE=utf8mb4_unicode_ci;
/*!40101 SET character_set_client = @saved_cs_client */;

--
-- Dumping data for table `maintenance_assignments`
--

LOCK TABLES `maintenance_assignments` WRITE;
/*!40000 ALTER TABLE `maintenance_assignments` DISABLE KEYS */;
/*!40000 ALTER TABLE `maintenance_assignments` ENABLE KEYS */;
UNLOCK TABLES;

--
-- Table structure for table `maintenance_plan_library`
--

DROP TABLE IF EXISTS `maintenance_plan_library`;
/*!40101 SET @saved_cs_client     = @@character_set_client */;
/*!50503 SET character_set_client = utf8mb4 */;
CREATE TABLE `maintenance_plan_library` (
  `id` int NOT NULL AUTO_INCREMENT,
  `station_id` int DEFAULT NULL COMMENT '场站ID',
  `equipment_code` varchar(50) COLLATE utf8mb4_unicode_ci NOT NULL COMMENT '设备编号',
  `equipment_name` varchar(100) COLLATE utf8mb4_unicode_ci NOT NULL COMMENT '设备名称',
  `install_location` varchar(200) COLLATE utf8mb4_unicode_ci DEFAULT NULL COMMENT '安装位置',
  `cycle_type` enum('daily','weekly','monthly','yearly') COLLATE utf8mb4_unicode_ci NOT NULL DEFAULT 'monthly' COMMENT 'cycle type',
  `daily_enabled` tinyint(1) DEFAULT '1' COMMENT '是否启用日保养',
  `weekly_enabled` tinyint(1) DEFAULT '1' COMMENT '是否启用周保养',
  `monthly_enabled` tinyint(1) DEFAULT '1' COMMENT '是否启用月保养',
  `yearly_enabled` tinyint(1) DEFAULT '1' COMMENT '是否启用年保养',
  `weekly_day` int DEFAULT NULL COMMENT '周保养在周几完成(1-7，1=周一)',
  `monthly_day` int DEFAULT NULL COMMENT '月保养在每月几号完成(1-31)',
  `yearly_month` int DEFAULT NULL COMMENT '年保养在每年几月完成(1-12)',
  `yearly_day` int DEFAULT NULL COMMENT '年保养在每年几号完成(1-31)',
  `daily_standards` json DEFAULT NULL COMMENT '日保养标准列表',
  `weekly_standards` json DEFAULT NULL COMMENT '周保养标准列表',
  `monthly_standards` json DEFAULT NULL COMMENT '月保养标准列表',
  `yearly_standards` json DEFAULT NULL COMMENT '年保养标准列表',
  `maintenance_standards` json DEFAULT NULL COMMENT '保养标准列表 [{name: 标准名称, specification: 保养规范}]',
  `daily_reminder_time` varchar(5) COLLATE utf8mb4_unicode_ci DEFAULT '16:00' COMMENT '日保养提醒时间，格式 HH:mm',
  `weekly_reminder_enabled` tinyint(1) DEFAULT '1' COMMENT '是否启用周保养提醒',
  `monthly_reminder_enabled` tinyint(1) DEFAULT '1' COMMENT '是否启用月保养提醒',
  `yearly_reminder_enabled` tinyint(1) DEFAULT '1' COMMENT '是否启用年保养提醒',
  `created_by` int DEFAULT NULL COMMENT '创建人ID',
  `created_by_name` varchar(50) COLLATE utf8mb4_unicode_ci DEFAULT NULL COMMENT '创建人姓名',
  `created_at` datetime NOT NULL,
  `updated_at` datetime NOT NULL,
  PRIMARY KEY (`id`),
  KEY `created_by` (`created_by`),
  KEY `maintenance_plan_library_station_id` (`station_id`),
  KEY `maintenance_plan_library_equipment_code` (`equipment_code`),
  KEY `idx_cycle_type` (`cycle_type`),
  KEY `maintenance_plan_library_cycle_type` (`cycle_type`),
  CONSTRAINT `maintenance_plan_library_ibfk_1` FOREIGN KEY (`station_id`) REFERENCES `stations` (`id`) ON DELETE SET NULL ON UPDATE CASCADE,
  CONSTRAINT `maintenance_plan_library_ibfk_2` FOREIGN KEY (`created_by`) REFERENCES `users` (`id`) ON UPDATE CASCADE
) ENGINE=InnoDB AUTO_INCREMENT=714 DEFAULT CHARSET=utf8mb4 COLLATE=utf8mb4_unicode_ci;
/*!40101 SET character_set_client = @saved_cs_client */;

--
-- Dumping data for table `maintenance_plan_library`
--

LOCK TABLES `maintenance_plan_library` WRITE;
/*!40000 ALTER TABLE `maintenance_plan_library` DISABLE KEYS */;
INSERT INTO `maintenance_plan_library` VALUES (1,2,'BJ001','aaa','AAA','monthly',1,1,1,1,6,10,1,10,'[{\"name\": \"1\", \"specification\": \"111\"}, {\"name\": \"2\", \"specification\": \"222\"}]','[{\"name\": \"33\", \"specification\": \"333\"}, {\"name\": \"4\", \"specification\": \"444\"}]','[{\"name\": \"5\", \"specification\": \"555\"}]','[{\"name\": \"6666\", \"specification\": \"666666\"}, {\"name\": \"7\", \"specification\": \"777\"}]','[]','16:00',1,1,1,5,'Test station_manager','2026-01-10 23:12:09','2026-01-10 23:12:09'),(2,17,'SJQ-001','固液分离机','厂区1','monthly',1,1,1,1,6,15,6,15,'[{\"name\": \"日常巡检\", \"specification\": \"检查设备运行状态是否正常\"}]','[{\"name\": \"润滑检查\", \"specification\": \"检查各润滑点油位及油质\"}, {\"name\": \"紧固检查\", \"specification\": \"检查各连接部位螺栓是否松动\"}]','[{\"name\": \"更换滤芯\", \"specification\": \"更换液压油滤芯\"}, {\"name\": \"清洗保养\", \"specification\": \"清洗设备表面及内部\"}, {\"name\": \"电气检查\", \"specification\": \"检查电气线路及接线端子\"}]','[{\"name\": \"大修保养\", \"specification\": \"全面检修设备各部件\"}, {\"name\": \"更换易损件\", \"specification\": \"更换磨损严重的零部件\"}, {\"name\": \"性能测试\", \"specification\": \"测试设备各项性能指标\"}, {\"name\": \"防腐处理\", \"specification\": \"对设备外壳进行防腐处理\"}]','[]','16:00',1,1,1,12,'李四','2026-01-14 10:57:01','2026-01-14 10:57:01'),(3,17,'SJQ-002','风力筛分机','厂区2','monthly',1,1,1,1,5,10,12,20,'[{\"name\": \"皮带检查\", \"specification\": \"检查皮带张紧度及磨损情况\"}]','[{\"name\": \"润滑检查\", \"specification\": \"检查各润滑点油位及油质\"}, {\"name\": \"紧固检查\", \"specification\": \"检查各连接部位螺栓是否松动\"}]','[{\"name\": \"更换滤芯\", \"specification\": \"更换液压油滤芯\"}, {\"name\": \"清洗保养\", \"specification\": \"清洗设备表面及内部\"}, {\"name\": \"电气检查\", \"specification\": \"检查电气线路及接线端子\"}]','[{\"name\": \"大修保养\", \"specification\": \"全面检修设备各部件\"}, {\"name\": \"更换易损件\", \"specification\": \"更换磨损严重的零部件\"}, {\"name\": \"性能测试\", \"specification\": \"测试设备各项性能指标\"}, {\"name\": \"防腐处理\", \"specification\": \"对设备外壳进行防腐处理\"}]','[]','16:00',1,1,1,12,'李四','2026-01-14 10:57:01','2026-01-14 10:57:01'),(4,17,'SJQ-003','微波消解仪','厂区3','monthly',1,1,1,1,5,10,12,20,'[{\"name\": \"皮带检查\", \"specification\": \"检查皮带张紧度及磨损情况\"}]','[{\"name\": \"润滑检查\", \"specification\": \"检查各润滑点油位及油质\"}, {\"name\": \"紧固检查\", \"specification\": \"检查各连接部位螺栓是否松动\"}]','[{\"name\": \"更换滤芯\", \"specification\": \"更换液压油滤芯\"}, {\"name\": \"清洗保养\", \"specification\": \"清洗设备表面及内部\"}, {\"name\": \"电气检查\", \"specification\": \"检查电气线路及接线端子\"}]','[{\"name\": \"大修保养\", \"specification\": \"全面检修设备各部件\"}, {\"name\": \"更换易损件\", \"specification\": \"更换磨损严重的零部件\"}, {\"name\": \"性能测试\", \"specification\": \"测试设备各项性能指标\"}, {\"name\": \"防腐处理\", \"specification\": \"对设备外壳进行防腐处理\"}]','[]','16:00',1,1,1,12,'李四','2026-01-14 10:57:01','2026-01-14 10:57:01'),(5,17,'SJQ-004','磁性筛分机','厂区2','monthly',1,1,1,1,5,10,12,20,'[{\"name\": \"皮带检查\", \"specification\": \"检查皮带张紧度及磨损情况\"}]','[{\"name\": \"润滑检查\", \"specification\": \"检查各润滑点油位及油质\"}, {\"name\": \"紧固检查\", \"specification\": \"检查各连接部位螺栓是否松动\"}]','[{\"name\": \"更换滤芯\", \"specification\": \"更换液压油滤芯\"}, {\"name\": \"清洗保养\", \"specification\": \"清洗设备表面及内部\"}, {\"name\": \"电气检查\", \"specification\": \"检查电气线路及接线端子\"}]','[{\"name\": \"大修保养\", \"specification\": \"全面检修设备各部件\"}, {\"name\": \"更换易损件\", \"specification\": \"更换磨损严重的零部件\"}, {\"name\": \"性能测试\", \"specification\": \"测试设备各项性能指标\"}, {\"name\": \"防腐处理\", \"specification\": \"对设备外壳进行防腐处理\"}]','[]','16:00',1,1,1,12,'李四','2026-01-14 10:57:01','2026-01-14 10:57:01'),(6,17,'SJQ-005','ICP-MS','厂区3','monthly',1,1,1,1,5,10,12,20,'[{\"name\": \"皮带检查\", \"specification\": \"检查皮带张紧度及磨损情况\"}]','[{\"name\": \"润滑检查\", \"specification\": \"检查各润滑点油位及油质\"}, {\"name\": \"紧固检查\", \"specification\": \"检查各连接部位螺栓是否松动\"}]','[{\"name\": \"更换滤芯\", \"specification\": \"更换液压油滤芯\"}, {\"name\": \"清洗保养\", \"specification\": \"清洗设备表面及内部\"}, {\"name\": \"电气检查\", \"specification\": \"检查电气线路及接线端子\"}]','[{\"name\": \"大修保养\", \"specification\": \"全面检修设备各部件\"}, {\"name\": \"更换易损件\", \"specification\": \"更换磨损严重的零部件\"}, {\"name\": \"性能测试\", \"specification\": \"测试设备各项性能指标\"}, {\"name\": \"防腐处理\", \"specification\": \"对设备外壳进行防腐处理\"}]','[]','16:00',1,1,1,12,'李四','2026-01-14 10:57:01','2026-01-14 10:57:01'),(487,22,'GLSC-0001','空调（培养）','培养系统','monthly',1,1,1,1,NULL,15,NULL,NULL,'[]','[]','[]','[]','[{\"name\": \"散热片无堵塞；风扇无异响\", \"specification\": \"清洗室外机散热翅片；检查内外机风扇运转声音\"}]','16:00',1,1,1,35,'艾成礼','2026-01-22 00:42:54','2026-01-22 00:42:54'),(488,22,'GLSC-0001','空调（培养）','培养系统','yearly',1,1,1,1,NULL,NULL,12,20,'[]','[]','[]','[]','[{\"name\": \"过滤网清洁；排水通畅\", \"specification\": \"拆洗进风口过滤网；检查冷凝水管是否滴漏\"}, {\"name\": \"制冷剂压力正常；线路绝缘良好\", \"specification\": \"请专业人员测量加氟；检查电源线路老化情况\"}]','16:00',1,1,1,35,'艾成礼','2026-01-22 00:42:54','2026-01-22 00:42:54'),(489,22,'GLSC-0002','电箱（培养）','培养系统','daily',1,1,1,1,NULL,NULL,NULL,NULL,'[]','[]','[]','[]','[{\"name\": \"指示灯正常；箱门锁闭\", \"specification\": \"巡视各指示灯状态；确认柜门已关紧\"}, {\"name\": \"风扇运转；无焦糊味\", \"specification\": \"检查散热风扇；闻是否有绝缘烧焦气味\"}]','16:00',1,1,1,35,'艾成礼','2026-01-22 00:42:54','2026-01-22 00:42:54'),(490,22,'GLSC-0002','电箱（培养）','培养系统','monthly',1,1,1,1,NULL,15,NULL,NULL,'[]','[]','[]','[]','[{\"name\": \"内部无积尘；接线紧固\", \"specification\": \"断电吹扫灰尘；抽检接线端子是否松动\"}]','16:00',1,1,1,35,'艾成礼','2026-01-22 00:42:54','2026-01-22 00:42:54'),(491,22,'GLSC-0002','电箱（培养）','培养系统','yearly',1,1,1,1,NULL,NULL,12,20,'[]','[]','[]','[]','[{\"name\": \"热成像检查；接地电阻合格\", \"specification\": \"满载检查发热点；测量接地电阻值\"}]','16:00',1,1,1,35,'艾成礼','2026-01-22 00:42:54','2026-01-22 00:42:54'),(492,22,'GLSC-0003','温控仪（培养）','培养系统','yearly',1,1,1,1,NULL,NULL,12,20,'[]','[]','[]','[]','[{\"name\": \"传感器校准；线路检查\", \"specification\": \"对温度探头进行校准；检查探头引线是否破损\"}]','16:00',1,1,1,35,'艾成礼','2026-01-22 00:42:54','2026-01-22 00:42:54'),(493,22,'GLSC-0004','收纳柜','培养系统','yearly',1,1,1,1,NULL,NULL,12,20,'[]','[]','[]','[]','[{\"name\": \"柜门开关灵活；无锈蚀\", \"specification\": \"加注润滑油；检查表面漆面\"}]','16:00',1,1,1,35,'艾成礼','2026-01-22 00:42:54','2026-01-22 00:42:54'),(494,22,'GLSC-0005','排气扇（培养）','培养系统','weekly',1,1,1,1,1,NULL,NULL,NULL,'[]','[]','[]','[]','[{\"name\": \"叶片无积尘；运转平稳\", \"specification\": \"擦拭叶片灰尘；监听电机轴承声音\"}]','16:00',1,1,1,35,'艾成礼','2026-01-22 00:42:54','2026-01-22 00:42:54'),(495,22,'GLSC-0005','排气扇（培养）','培养系统','monthly',1,1,1,1,NULL,15,NULL,NULL,'[]','[]','[]','[]','[{\"name\": \"皮带/电机紧固；百叶窗灵活\", \"specification\": \"检查固定螺栓；清理百叶窗转轴\"}]','16:00',1,1,1,35,'艾成礼','2026-01-22 00:42:54','2026-01-22 00:42:54'),(496,22,'GLSC-0006','暖风机（培养）','培养系统','daily',1,1,1,1,NULL,NULL,NULL,NULL,'[]','[]','[]','[]','[{\"name\": \"进风通畅；加热正常\", \"specification\": \"清理进风口杂物；确认加热管工作状态\"}]','16:00',1,1,1,35,'艾成礼','2026-01-22 00:42:54','2026-01-22 00:42:54'),(497,22,'GLSC-0007','LED灯（培养）','培养系统','daily',1,1,1,1,NULL,NULL,NULL,NULL,'[]','[]','[]','[]','[{\"name\": \"灯珠全亮；无闪烁\", \"specification\": \"目测检查照明效果\"}]','16:00',1,1,1,35,'艾成礼','2026-01-22 00:42:54','2026-01-22 00:42:54'),(498,22,'GLSC-0008','8层货架（小虫培养）','培养系统','monthly',1,1,1,1,NULL,15,NULL,NULL,'[]','[]','[]','[]','[{\"name\": \"结构稳固无变形\", \"specification\": \"检查立柱和横梁连接处；观察是否超载变形\"}]','16:00',1,1,1,35,'艾成礼','2026-01-22 00:42:54','2026-01-22 00:42:54'),(499,22,'GLSC-0009','12层货架（中虫、大虫培养）','培养系统','monthly',1,1,1,1,NULL,15,NULL,NULL,'[]','[]','[]','[]','[{\"name\": \"结构稳固无变形\", \"specification\": \"检查立柱和横梁连接处；观察是否超载变形\"}]','16:00',1,1,1,35,'艾成礼','2026-01-22 00:42:54','2026-01-22 00:42:54'),(500,22,'GLSC-0010','培养料称重电子秤','培养系统','monthly',1,1,1,1,NULL,15,NULL,NULL,'[]','[]','[]','[]','[{\"name\": \"砝码校准；电池/电源检查\", \"specification\": \"使用标准砝码校秤；检查电源线或更换电池\"}]','16:00',1,1,1,35,'艾成礼','2026-01-22 00:42:54','2026-01-22 00:42:54'),(501,22,'GLSC-0011','虫卵称重电子秤','培养系统','monthly',1,1,1,1,NULL,15,NULL,NULL,'[]','[]','[]','[]','[{\"name\": \"砝码校准；电池/电源检查\", \"specification\": \"使用标准砝码校秤；检查电源线或更换电池\"}]','16:00',1,1,1,35,'艾成礼','2026-01-22 00:42:54','2026-01-22 00:42:54'),(502,22,'GLSC-0012','小虫培养盒','培养系统','monthly',1,1,1,1,NULL,15,NULL,NULL,'[]','[]','[]','[]','[{\"name\": \"清洁卫生；无破损\", \"specification\": \"清洗并消毒；检查盒体是否有裂纹\"}]','16:00',1,1,1,35,'艾成礼','2026-01-22 00:42:54','2026-01-22 00:42:54'),(503,22,'GLSC-0013','中虫培养盒','培养系统','monthly',1,1,1,1,NULL,15,NULL,NULL,'[]','[]','[]','[]','[{\"name\": \"清洁卫生；无破损\", \"specification\": \"清洗并消毒；检查盒体是否有裂纹\"}]','16:00',1,1,1,35,'艾成礼','2026-01-22 00:42:54','2026-01-22 00:42:54'),(504,22,'GLSC-0014','大虫培养盒','培养系统','monthly',1,1,1,1,NULL,15,NULL,NULL,'[]','[]','[]','[]','[{\"name\": \"清洁卫生；无破损\", \"specification\": \"清洗并消毒；检查盒体是否有裂纹\"}]','16:00',1,1,1,35,'艾成礼','2026-01-22 00:42:54','2026-01-22 00:42:54'),(505,22,'GLSC-0015','孵化盒','培养系统','monthly',1,1,1,1,NULL,15,NULL,NULL,'[]','[]','[]','[]','[{\"name\": \"清洁卫生；无破损\", \"specification\": \"清洗并消毒；检查盒体是否有裂纹\"}]','16:00',1,1,1,35,'艾成礼','2026-01-22 00:42:54','2026-01-22 00:42:54'),(506,22,'GLSC-0016','集装箱（培养）','培养系统','monthly',1,1,1,1,NULL,15,NULL,NULL,'[]','[]','[]','[]','[{\"name\": \"外观完好；门锁正常\", \"specification\": \"检查箱体锈蚀情况；给门锁铰链加油\"}]','16:00',1,1,1,35,'艾成礼','2026-01-22 00:42:54','2026-01-22 00:42:54'),(507,22,'GLSC-0017','预处理厂房','预蛹养殖预处理系统','monthly',1,1,1,1,NULL,15,NULL,NULL,'[]','[]','[]','[]','[{\"name\": \"屋顶无漏水；结构安全\", \"specification\": \"巡检厂房顶面及钢结构锈蚀情况\"}]','16:00',1,1,1,35,'艾成礼','2026-01-22 00:42:55','2026-01-22 00:42:55'),(508,22,'GLSC-0018','电动卷帘门','预蛹养殖预处理系统','monthly',1,1,1,1,NULL,15,NULL,NULL,'[]','[]','[]','[]','[{\"name\": \"升降顺畅；遥控灵敏\", \"specification\": \"给导轨涂黄油；测试限位开关\"}]','16:00',1,1,1,35,'艾成礼','2026-01-22 00:42:55','2026-01-22 00:42:55'),(509,22,'GLSC-0019','厨余进料水平输送螺旋','预蛹养殖预处理系统','daily',1,1,1,1,NULL,NULL,NULL,NULL,'[]','[]','[]','[]','[{\"name\": \"运转无异响\", \"specification\": \"监听电机声音\"}]','16:00',1,1,1,35,'艾成礼','2026-01-22 00:42:55','2026-01-22 00:42:55'),(510,22,'GLSC-0019','厨余进料水平输送螺旋','预蛹养殖预处理系统','weekly',1,1,1,1,1,NULL,NULL,NULL,'[]','[]','[]','[]','[{\"name\": \"叶片无缠绕；链条张紧\", \"specification\": \"清理轴上缠绕物；调整传动链条松紧\"}]','16:00',1,1,1,35,'艾成礼','2026-01-22 00:42:55','2026-01-22 00:42:55'),(511,22,'GLSC-0019','厨余进料水平输送螺旋','预蛹养殖预处理系统','monthly',1,1,1,1,NULL,15,NULL,NULL,'[]','[]','[]','[]','[{\"name\": \"减速机油位；轴承润滑\", \"specification\": \"检查减速机油窗；给轴承座打黄油\"}]','16:00',1,1,1,35,'艾成礼','2026-01-22 00:42:55','2026-01-22 00:42:55'),(512,22,'GLSC-0019','厨余进料水平输送螺旋','预蛹养殖预处理系统','yearly',1,1,1,1,NULL,NULL,12,20,'[]','[]','[]','[]','[{\"name\": \"齿轮油更换；叶片磨损检查\", \"specification\": \"更换减速机润滑油；检查螺旋叶片厚度\"}]','16:00',1,1,1,35,'艾成礼','2026-01-22 00:42:55','2026-01-22 00:42:55'),(513,22,'GLSC-0020','厨余进料提升螺旋','预蛹养殖预处理系统','daily',1,1,1,1,NULL,NULL,NULL,NULL,'[]','[]','[]','[]','[{\"name\": \"运转无异响\", \"specification\": \"监听电机声音\"}]','16:00',1,1,1,35,'艾成礼','2026-01-22 00:42:55','2026-01-22 00:42:55'),(514,22,'GLSC-0020','厨余进料提升螺旋','预蛹养殖预处理系统','weekly',1,1,1,1,1,NULL,NULL,NULL,'[]','[]','[]','[]','[{\"name\": \"叶片无缠绕；链条张紧\", \"specification\": \"清理轴上缠绕物；调整传动链条松紧\"}]','16:00',1,1,1,35,'艾成礼','2026-01-22 00:42:55','2026-01-22 00:42:55'),(515,22,'GLSC-0020','厨余进料提升螺旋','预蛹养殖预处理系统','monthly',1,1,1,1,NULL,15,NULL,NULL,'[]','[]','[]','[]','[{\"name\": \"减速机油位；轴承润滑\", \"specification\": \"检查减速机油窗；给轴承座打黄油\"}]','16:00',1,1,1,35,'艾成礼','2026-01-22 00:42:55','2026-01-22 00:42:55'),(516,22,'GLSC-0020','厨余进料提升螺旋','预蛹养殖预处理系统','yearly',1,1,1,1,NULL,NULL,12,20,'[]','[]','[]','[]','[{\"name\": \"齿轮油更换；叶片磨损检查\", \"specification\": \"更换减速机润滑油；检查螺旋叶片厚度\"}]','16:00',1,1,1,35,'艾成礼','2026-01-22 00:42:55','2026-01-22 00:42:55'),(517,22,'GLSC-0021','厨余塑料桶','预蛹养殖预处理系统','daily',1,1,1,1,NULL,NULL,NULL,NULL,'[]','[]','[]','[]','[{\"name\": \"清洁卫生；无破损\", \"specification\": \"清洗桶身；检查桶底是否有裂缝\"}]','16:00',1,1,1,35,'艾成礼','2026-01-22 00:42:55','2026-01-22 00:42:55'),(518,22,'GLSC-0022','翻桶机（原料）','预蛹养殖预处理系统','daily',1,1,1,1,NULL,NULL,NULL,NULL,'[]','[]','[]','[]','[{\"name\": \"升降平稳；抓取牢固\", \"specification\": \"操作测试动作流畅性；确认卡扣紧固\"}]','16:00',1,1,1,35,'艾成礼','2026-01-22 00:42:55','2026-01-22 00:42:55'),(519,22,'GLSC-0022','翻桶机（原料）','预蛹养殖预处理系统','monthly',1,1,1,1,NULL,15,NULL,NULL,'[]','[]','[]','[]','[{\"name\": \"液压/链条检查；导轨润滑\", \"specification\": \"检查液压油位或链条磨损；涂抹导轨润滑脂\"}]','16:00',1,1,1,35,'艾成礼','2026-01-22 00:42:55','2026-01-22 00:42:55'),(520,22,'GLSC-0023','粉碎机进料螺旋','预蛹养殖预处理系统','daily',1,1,1,1,NULL,NULL,NULL,NULL,'[]','[]','[]','[]','[{\"name\": \"运转无异响\", \"specification\": \"监听电机声音\"}]','16:00',1,1,1,35,'艾成礼','2026-01-22 00:42:55','2026-01-22 00:42:55'),(521,22,'GLSC-0023','粉碎机进料螺旋','预蛹养殖预处理系统','weekly',1,1,1,1,1,NULL,NULL,NULL,'[]','[]','[]','[]','[{\"name\": \"叶片无缠绕；链条张紧\", \"specification\": \"清理轴上缠绕物；调整传动链条松紧\"}]','16:00',1,1,1,35,'艾成礼','2026-01-22 00:42:55','2026-01-22 00:42:55'),(522,22,'GLSC-0023','粉碎机进料螺旋','预蛹养殖预处理系统','monthly',1,1,1,1,NULL,15,NULL,NULL,'[]','[]','[]','[]','[{\"name\": \"减速机油位；轴承润滑\", \"specification\": \"检查减速机油窗；给轴承座打黄油\"}]','16:00',1,1,1,35,'艾成礼','2026-01-22 00:42:55','2026-01-22 00:42:55'),(523,22,'GLSC-0023','粉碎机进料螺旋','预蛹养殖预处理系统','yearly',1,1,1,1,NULL,NULL,12,20,'[]','[]','[]','[]','[{\"name\": \"齿轮油更换；叶片磨损检查\", \"specification\": \"更换减速机润滑油；检查螺旋叶片厚度\"}]','16:00',1,1,1,35,'艾成礼','2026-01-22 00:42:55','2026-01-22 00:42:55'),(524,22,'GLSC-0024','粉碎机','预蛹养殖预处理系统','daily',1,1,1,1,NULL,NULL,NULL,NULL,'[]','[]','[]','[]','[{\"name\": \"进料无异物；急停有效\", \"specification\": \"检查破碎腔；测试急停按钮\"}]','16:00',1,1,1,35,'艾成礼','2026-01-22 00:42:55','2026-01-22 00:42:55'),(525,22,'GLSC-0024','粉碎机','预蛹养殖预处理系统','weekly',1,1,1,1,1,NULL,NULL,NULL,'[]','[]','[]','[]','[{\"name\": \"刀片紧固；皮带完好\", \"specification\": \"检查刀组螺栓；检查传动皮带是否有裂纹\"}]','16:00',1,1,1,35,'艾成礼','2026-01-22 00:42:55','2026-01-22 00:42:55'),(526,22,'GLSC-0024','粉碎机','预蛹养殖预处理系统','monthly',1,1,1,1,NULL,15,NULL,NULL,'[]','[]','[]','[]','[{\"name\": \"筛网无破损；刀刃锋利\", \"specification\": \"拆卸检查筛网；评估刀片磨损情况\"}]','16:00',1,1,1,35,'艾成礼','2026-01-22 00:42:55','2026-01-22 00:42:55'),(527,22,'GLSC-0024','粉碎机','预蛹养殖预处理系统','yearly',1,1,1,1,NULL,NULL,12,20,'[]','[]','[]','[]','[{\"name\": \"主轴检查；防锈处理\", \"specification\": \"检测主轴跳动；对掉漆部位补漆\"}]','16:00',1,1,1,35,'艾成礼','2026-01-22 00:42:55','2026-01-22 00:42:55'),(528,22,'GLSC-0025','粉碎机出料螺旋','预蛹养殖预处理系统','daily',1,1,1,1,NULL,NULL,NULL,NULL,'[]','[]','[]','[]','[{\"name\": \"运转无异响\", \"specification\": \"监听电机声音\"}]','16:00',1,1,1,35,'艾成礼','2026-01-22 00:42:55','2026-01-22 00:42:55'),(529,22,'GLSC-0025','粉碎机出料螺旋','预蛹养殖预处理系统','weekly',1,1,1,1,1,NULL,NULL,NULL,'[]','[]','[]','[]','[{\"name\": \"叶片无缠绕；链条张紧\", \"specification\": \"清理轴上缠绕物；调整传动链条松紧\"}]','16:00',1,1,1,35,'艾成礼','2026-01-22 00:42:55','2026-01-22 00:42:55'),(530,22,'GLSC-0025','粉碎机出料螺旋','预蛹养殖预处理系统','monthly',1,1,1,1,NULL,15,NULL,NULL,'[]','[]','[]','[]','[{\"name\": \"减速机油位；轴承润滑\", \"specification\": \"检查减速机油窗；给轴承座打黄油\"}]','16:00',1,1,1,35,'艾成礼','2026-01-22 00:42:55','2026-01-22 00:42:55'),(531,22,'GLSC-0025','粉碎机出料螺旋','预蛹养殖预处理系统','yearly',1,1,1,1,NULL,NULL,12,20,'[]','[]','[]','[]','[{\"name\": \"齿轮油更换；叶片磨损检查\", \"specification\": \"更换减速机润滑油；检查螺旋叶片厚度\"}]','16:00',1,1,1,35,'艾成礼','2026-01-22 00:42:55','2026-01-22 00:42:55'),(532,22,'GLSC-0026','混料机','预蛹养殖预处理系统','daily',1,1,1,1,NULL,NULL,NULL,NULL,'[]','[]','[]','[]','[{\"name\": \"搅拌无异响；出料门灵活\", \"specification\": \"监听减速机声音；测试气动/手动门开关\"}]','16:00',1,1,1,35,'艾成礼','2026-01-22 00:42:55','2026-01-22 00:42:55'),(533,22,'GLSC-0026','混料机','预蛹养殖预处理系统','monthly',1,1,1,1,NULL,15,NULL,NULL,'[]','[]','[]','[]','[{\"name\": \"密封完好；内部清洁\", \"specification\": \"检查轴端是否漏粉；清理仓壁粘料\"}]','16:00',1,1,1,35,'艾成礼','2026-01-22 00:42:55','2026-01-22 00:42:55'),(534,22,'GLSC-0027','电箱（预蛹养殖预处理）','预蛹养殖预处理系统','daily',1,1,1,1,NULL,NULL,NULL,NULL,'[]','[]','[]','[]','[{\"name\": \"指示灯正常；箱门锁闭\", \"specification\": \"巡视各指示灯状态；确认柜门已关紧\"}, {\"name\": \"风扇运转；无焦糊味\", \"specification\": \"检查散热风扇；闻是否有绝缘烧焦气味\"}]','16:00',1,1,1,35,'艾成礼','2026-01-22 00:42:55','2026-01-22 00:42:55'),(535,22,'GLSC-0027','电箱（预蛹养殖预处理）','预蛹养殖预处理系统','monthly',1,1,1,1,NULL,15,NULL,NULL,'[]','[]','[]','[]','[{\"name\": \"内部无积尘；接线紧固\", \"specification\": \"断电吹扫灰尘；抽检接线端子是否松动\"}]','16:00',1,1,1,35,'艾成礼','2026-01-22 00:42:55','2026-01-22 00:42:55'),(536,22,'GLSC-0027','电箱（预蛹养殖预处理）','预蛹养殖预处理系统','yearly',1,1,1,1,NULL,NULL,12,20,'[]','[]','[]','[]','[{\"name\": \"热成像检查；接地电阻合格\", \"specification\": \"满载检查发热点；测量接地电阻值\"}]','16:00',1,1,1,35,'艾成礼','2026-01-22 00:42:55','2026-01-22 00:42:55'),(537,22,'GLSC-0028','臭氧喷淋除臭系统','预蛹养殖预处理系统','daily',1,1,1,1,NULL,NULL,NULL,NULL,'[]','[]','[]','[]','[{\"name\": \"有臭氧味；喷淋正常\", \"specification\": \"确认设备运行状态；检查喷头出水\"}]','16:00',1,1,1,35,'艾成礼','2026-01-22 00:42:55','2026-01-22 00:42:55'),(538,22,'GLSC-0028','臭氧喷淋除臭系统','预蛹养殖预处理系统','monthly',1,1,1,1,NULL,15,NULL,NULL,'[]','[]','[]','[]','[{\"name\": \"发生管清洁；水箱清理\", \"specification\": \"清理臭氧管灰尘；排空水箱清除沉淀\"}]','16:00',1,1,1,35,'艾成礼','2026-01-22 00:42:55','2026-01-22 00:42:55'),(539,22,'GLSC-0029','臭氧喷淋除臭管路保温','预蛹养殖预处理系统','yearly',1,1,1,1,NULL,NULL,12,20,'[]','[]','[]','[]','[{\"name\": \"保温层完整\", \"specification\": \"检查保温棉是否有破损脱落\"}]','16:00',1,1,1,35,'艾成礼','2026-01-22 00:42:55','2026-01-22 00:42:55'),(540,22,'GLSC-0030','电箱（预蛹养殖）','预蛹养殖系统','daily',1,1,1,1,NULL,NULL,NULL,NULL,'[]','[]','[]','[]','[{\"name\": \"指示灯正常；箱门锁闭\", \"specification\": \"巡视各指示灯状态；确认柜门已关紧\"}, {\"name\": \"风扇运转；无焦糊味\", \"specification\": \"检查散热风扇；闻是否有绝缘烧焦气味\"}]','16:00',1,1,1,35,'艾成礼','2026-01-22 00:42:55','2026-01-22 00:42:55'),(541,22,'GLSC-0030','电箱（预蛹养殖）','预蛹养殖系统','monthly',1,1,1,1,NULL,15,NULL,NULL,'[]','[]','[]','[]','[{\"name\": \"内部无积尘；接线紧固\", \"specification\": \"断电吹扫灰尘；抽检接线端子是否松动\"}]','16:00',1,1,1,35,'艾成礼','2026-01-22 00:42:55','2026-01-22 00:42:55'),(542,22,'GLSC-0030','电箱（预蛹养殖）','预蛹养殖系统','yearly',1,1,1,1,NULL,NULL,12,20,'[]','[]','[]','[]','[{\"name\": \"热成像检查；接地电阻合格\", \"specification\": \"满载检查发热点；测量接地电阻值\"}]','16:00',1,1,1,35,'艾成礼','2026-01-22 00:42:55','2026-01-22 00:42:55'),(543,22,'GLSC-0031','LED灯（预蛹养殖）','预蛹养殖系统','daily',1,1,1,1,NULL,NULL,NULL,NULL,'[]','[]','[]','[]','[{\"name\": \"灯珠全亮；无闪烁\", \"specification\": \"目测检查照明效果\"}]','16:00',1,1,1,35,'艾成礼','2026-01-22 00:42:55','2026-01-22 00:42:55'),(544,22,'GLSC-0032','暖风机（预蛹养殖）','预蛹养殖系统','daily',1,1,1,1,NULL,NULL,NULL,NULL,'[]','[]','[]','[]','[{\"name\": \"进风通畅；加热正常\", \"specification\": \"清理进风口杂物；确认加热管工作状态\"}]','16:00',1,1,1,35,'艾成礼','2026-01-22 00:42:55','2026-01-22 00:42:55'),(545,22,'GLSC-0033','集装箱（预蛹养殖）','预蛹养殖系统','monthly',1,1,1,1,NULL,15,NULL,NULL,'[]','[]','[]','[]','[{\"name\": \"外观完好；门锁正常\", \"specification\": \"检查箱体锈蚀情况；给门锁铰链加油\"}]','16:00',1,1,1,35,'艾成礼','2026-01-22 00:42:55','2026-01-22 00:42:55'),(546,22,'GLSC-0034','预蛹养殖盒1','预蛹养殖系统','monthly',1,1,1,1,NULL,15,NULL,NULL,'[]','[]','[]','[]','[{\"name\": \"清洁卫生；无破损\", \"specification\": \"清洗并消毒；检查盒体是否有裂纹\"}]','16:00',1,1,1,35,'艾成礼','2026-01-22 00:42:55','2026-01-22 00:42:55'),(547,22,'GLSC-0035','预蛹养殖盒2','预蛹养殖系统','monthly',1,1,1,1,NULL,15,NULL,NULL,'[]','[]','[]','[]','[{\"name\": \"清洁卫生；无破损\", \"specification\": \"清洗并消毒；检查盒体是否有裂纹\"}]','16:00',1,1,1,35,'艾成礼','2026-01-22 00:42:55','2026-01-22 00:42:55'),(548,22,'GLSC-0036','预蛹养殖货架1','预蛹养殖系统','monthly',1,1,1,1,NULL,15,NULL,NULL,'[]','[]','[]','[]','[{\"name\": \"结构稳固无变形\", \"specification\": \"检查立柱和横梁连接处；观察是否超载变形\"}]','16:00',1,1,1,35,'艾成礼','2026-01-22 00:42:55','2026-01-22 00:42:55'),(549,22,'GLSC-0037','预蛹养殖货架2','预蛹养殖系统','monthly',1,1,1,1,NULL,15,NULL,NULL,'[]','[]','[]','[]','[{\"name\": \"结构稳固无变形\", \"specification\": \"检查立柱和横梁连接处；观察是否超载变形\"}]','16:00',1,1,1,35,'艾成礼','2026-01-22 00:42:55','2026-01-22 00:42:55'),(550,22,'GLSC-0038','除臭风机','预蛹养殖系统','monthly',1,1,1,1,NULL,15,NULL,NULL,'[]','[]','[]','[]','[{\"name\": \"更换滤芯/滤网，密封性检查\", \"specification\": \"检查皮带是否松动或有裂纹，检查皮带是否松动或有裂纹\"}]','16:00',1,1,1,35,'艾成礼','2026-01-22 00:42:55','2026-01-22 00:42:55'),(551,22,'GLSC-0038','除臭风机','预蛹养殖系统','yearly',1,1,1,1,NULL,NULL,12,20,'[]','[]','[]','[]','[{\"name\": \"电机运行状态，皮带检查，轴承润滑\", \"specification\": \"检查电机是否有异常震动或摩擦声，检查皮带是否松动或有裂纹，加注润滑油\"}]','16:00',1,1,1,35,'艾成礼','2026-01-22 00:42:55','2026-01-22 00:42:55'),(552,22,'GLSC-0039','除臭喷淋泵','预蛹养殖系统','monthly',1,1,1,1,NULL,15,NULL,NULL,'[]','[]','[]','[]','[{\"name\": \"无泄漏；压力稳\", \"specification\": \"检查机械密封处是否有水滴；观察压力表\"}]','16:00',1,1,1,35,'艾成礼','2026-01-22 00:42:55','2026-01-22 00:42:55'),(553,22,'GLSC-0040','除臭塔及其配套管路','预蛹养殖系统','yearly',1,1,1,1,NULL,NULL,12,20,'[]','[]','[]','[]','[{\"name\": \"填料通畅；喷头清洗\", \"specification\": \"检查填料层压差；拆洗堵塞的喷头\"}]','16:00',1,1,1,35,'艾成礼','2026-01-22 00:42:55','2026-01-22 00:42:55'),(554,22,'GLSC-0041','滑板式色选机（组态屏）','预蛹养殖系统','daily',1,1,1,1,NULL,NULL,NULL,NULL,'[]','[]','[]','[]','[{\"name\": \"气源正常；玻璃清洁\", \"specification\": \"检查空压机压力；擦拭识别区玻璃\"}]','16:00',1,1,1,35,'艾成礼','2026-01-22 00:42:55','2026-01-22 00:42:55'),(555,22,'GLSC-0041','滑板式色选机（组态屏）','预蛹养殖系统','monthly',1,1,1,1,NULL,15,NULL,NULL,'[]','[]','[]','[]','[{\"name\": \"喷阀测试；背景板校准\", \"specification\": \"进入系统测试喷阀；执行背景板校正程序\"}]','16:00',1,1,1,35,'艾成礼','2026-01-22 00:42:55','2026-01-22 00:42:55'),(556,22,'GLSC-0042','电箱（除臭）','预蛹养殖系统','daily',1,1,1,1,NULL,NULL,NULL,NULL,'[]','[]','[]','[]','[{\"name\": \"指示灯正常；箱门锁闭\", \"specification\": \"巡视各指示灯状态；确认柜门已关紧\"}, {\"name\": \"风扇运转；无焦糊味\", \"specification\": \"检查散热风扇；闻是否有绝缘烧焦气味\"}]','16:00',1,1,1,35,'艾成礼','2026-01-22 00:42:55','2026-01-22 00:42:55'),(557,22,'GLSC-0042','电箱（除臭）','预蛹养殖系统','monthly',1,1,1,1,NULL,15,NULL,NULL,'[]','[]','[]','[]','[{\"name\": \"内部无积尘；接线紧固\", \"specification\": \"断电吹扫灰尘；抽检接线端子是否松动\"}]','16:00',1,1,1,35,'艾成礼','2026-01-22 00:42:55','2026-01-22 00:42:55'),(558,22,'GLSC-0042','电箱（除臭）','预蛹养殖系统','yearly',1,1,1,1,NULL,NULL,12,20,'[]','[]','[]','[]','[{\"name\": \"热成像检查；接地电阻合格\", \"specification\": \"满载检查发热点；测量接地电阻值\"}]','16:00',1,1,1,35,'艾成礼','2026-01-22 00:42:55','2026-01-22 00:42:55'),(559,22,'GLSC-0043','集装箱（蛹化）','蛹化系统','monthly',1,1,1,1,NULL,15,NULL,NULL,'[]','[]','[]','[]','[{\"name\": \"外观完好；门锁正常\", \"specification\": \"检查箱体锈蚀情况；给门锁铰链加油\"}]','16:00',1,1,1,35,'艾成礼','2026-01-22 00:42:55','2026-01-22 00:42:55'),(560,22,'GLSC-0044','蛹化架','蛹化系统','monthly',1,1,1,1,NULL,15,NULL,NULL,'[]','[]','[]','[]','[{\"name\": \"结构稳固无变形\", \"specification\": \"检查立柱和横梁连接处；观察是否超载变形\"}]','16:00',1,1,1,35,'艾成礼','2026-01-22 00:42:55','2026-01-22 00:42:55'),(561,22,'GLSC-0045','蛹化盒','蛹化系统','monthly',1,1,1,1,NULL,15,NULL,NULL,'[]','[]','[]','[]','[{\"name\": \"清洁卫生；无破损\", \"specification\": \"清洗并消毒；检查盒体是否有裂纹\"}]','16:00',1,1,1,35,'艾成礼','2026-01-22 00:42:55','2026-01-22 00:42:55'),(562,22,'GLSC-0046','空调（蛹化）','蛹化系统','monthly',1,1,1,1,NULL,15,NULL,NULL,'[]','[]','[]','[]','[{\"name\": \"散热片无堵塞；风扇无异响\", \"specification\": \"清洗室外机散热翅片；检查内外机风扇运转声音\"}]','16:00',1,1,1,35,'艾成礼','2026-01-22 00:42:55','2026-01-22 00:42:55'),(563,22,'GLSC-0046','空调（蛹化）','蛹化系统','yearly',1,1,1,1,NULL,NULL,12,20,'[]','[]','[]','[]','[{\"name\": \"过滤网清洁；排水通畅\", \"specification\": \"拆洗进风口过滤网；检查冷凝水管是否滴漏\"}, {\"name\": \"制冷剂压力正常；线路绝缘良好\", \"specification\": \"请专业人员测量加氟；检查电源线路老化情况\"}]','16:00',1,1,1,35,'艾成礼','2026-01-22 00:42:55','2026-01-22 00:42:55'),(564,22,'GLSC-0047','电箱（蛹化）','蛹化系统','daily',1,1,1,1,NULL,NULL,NULL,NULL,'[]','[]','[]','[]','[{\"name\": \"指示灯正常；箱门锁闭\", \"specification\": \"巡视各指示灯状态；确认柜门已关紧\"}, {\"name\": \"风扇运转；无焦糊味\", \"specification\": \"检查散热风扇；闻是否有绝缘烧焦气味\"}]','16:00',1,1,1,35,'艾成礼','2026-01-22 00:42:55','2026-01-22 00:42:55'),(565,22,'GLSC-0047','电箱（蛹化）','蛹化系统','monthly',1,1,1,1,NULL,15,NULL,NULL,'[]','[]','[]','[]','[{\"name\": \"内部无积尘；接线紧固\", \"specification\": \"断电吹扫灰尘；抽检接线端子是否松动\"}]','16:00',1,1,1,35,'艾成礼','2026-01-22 00:42:55','2026-01-22 00:42:55'),(566,22,'GLSC-0047','电箱（蛹化）','蛹化系统','yearly',1,1,1,1,NULL,NULL,12,20,'[]','[]','[]','[]','[{\"name\": \"热成像检查；接地电阻合格\", \"specification\": \"满载检查发热点；测量接地电阻值\"}]','16:00',1,1,1,35,'艾成礼','2026-01-22 00:42:55','2026-01-22 00:42:55'),(567,22,'GLSC-0048','供卵项目总电箱','蛹化系统','daily',1,1,1,1,NULL,NULL,NULL,NULL,'[]','[]','[]','[]','[{\"name\": \"指示灯正常；箱门锁闭\", \"specification\": \"巡视各指示灯状态；确认柜门已关紧\"}, {\"name\": \"风扇运转；无焦糊味\", \"specification\": \"检查散热风扇；闻是否有绝缘烧焦气味\"}]','16:00',1,1,1,35,'艾成礼','2026-01-22 00:42:55','2026-01-22 00:42:55'),(568,22,'GLSC-0048','供卵项目总电箱','蛹化系统','monthly',1,1,1,1,NULL,15,NULL,NULL,'[]','[]','[]','[]','[{\"name\": \"内部无积尘；接线紧固\", \"specification\": \"断电吹扫灰尘；抽检接线端子是否松动\"}]','16:00',1,1,1,35,'艾成礼','2026-01-22 00:42:55','2026-01-22 00:42:55'),(569,22,'GLSC-0048','供卵项目总电箱','蛹化系统','yearly',1,1,1,1,NULL,NULL,12,20,'[]','[]','[]','[]','[{\"name\": \"热成像检查；接地电阻合格\", \"specification\": \"满载检查发热点；测量接地电阻值\"}]','16:00',1,1,1,35,'艾成礼','2026-01-22 00:42:55','2026-01-22 00:42:55'),(570,22,'GLSC-0049','LED灯（蛹化）','蛹化系统','daily',1,1,1,1,NULL,NULL,NULL,NULL,'[]','[]','[]','[]','[{\"name\": \"灯珠全亮；无闪烁\", \"specification\": \"目测检查照明效果\"}]','16:00',1,1,1,35,'艾成礼','2026-01-22 00:42:55','2026-01-22 00:42:55'),(571,22,'GLSC-0050','排气扇（蛹化）','蛹化系统','weekly',1,1,1,1,1,NULL,NULL,NULL,'[]','[]','[]','[]','[{\"name\": \"叶片无积尘；运转平稳\", \"specification\": \"擦拭叶片灰尘；监听电机轴承声音\"}]','16:00',1,1,1,35,'艾成礼','2026-01-22 00:42:55','2026-01-22 00:42:55'),(572,22,'GLSC-0050','排气扇（蛹化）','蛹化系统','monthly',1,1,1,1,NULL,15,NULL,NULL,'[]','[]','[]','[]','[{\"name\": \"皮带/电机紧固；百叶窗灵活\", \"specification\": \"检查固定螺栓；清理百叶窗转轴\"}]','16:00',1,1,1,35,'艾成礼','2026-01-22 00:42:55','2026-01-22 00:42:55'),(573,22,'GLSC-0051','暖风机（蛹化）','蛹化系统','daily',1,1,1,1,NULL,NULL,NULL,NULL,'[]','[]','[]','[]','[{\"name\": \"进风通畅；加热正常\", \"specification\": \"清理进风口杂物；确认加热管工作状态\"}]','16:00',1,1,1,35,'艾成礼','2026-01-22 00:42:55','2026-01-22 00:42:55'),(574,22,'GLSC-0052','温控仪（蛹化）','蛹化系统','yearly',1,1,1,1,NULL,NULL,12,20,'[]','[]','[]','[]','[{\"name\": \"传感器校准；线路检查\", \"specification\": \"对温度探头进行校准；检查探头引线是否破损\"}]','16:00',1,1,1,35,'艾成礼','2026-01-22 00:42:55','2026-01-22 00:42:55'),(575,22,'GLSC-0053','集装箱（羽化）','羽化系统','monthly',1,1,1,1,NULL,15,NULL,NULL,'[]','[]','[]','[]','[{\"name\": \"外观完好；门锁正常\", \"specification\": \"检查箱体锈蚀情况；给门锁铰链加油\"}]','16:00',1,1,1,35,'艾成礼','2026-01-22 00:42:55','2026-01-22 00:42:55'),(576,22,'GLSC-0054','羽化柜','羽化系统','monthly',1,1,1,1,NULL,15,NULL,NULL,'[]','[]','[]','[]','[{\"name\": \"纱网无破损；门关严\", \"specification\": \"检查防逃逸纱网是否破洞；门磁吸力正常\"}]','16:00',1,1,1,35,'艾成礼','2026-01-22 00:42:55','2026-01-22 00:42:55'),(577,22,'GLSC-0055','托盘（羽化）','羽化系统','daily',1,1,1,1,NULL,NULL,NULL,NULL,'[]','[]','[]','[]','[{\"name\": \"清洁\", \"specification\": \"清洗消毒\"}]','16:00',1,1,1,35,'艾成礼','2026-01-22 00:42:55','2026-01-22 00:42:55'),(578,22,'GLSC-0056','加湿器（羽化）','羽化系统','weekly',1,1,1,1,1,NULL,NULL,NULL,'[]','[]','[]','[]','[{\"name\": \"出雾正常；水质清洁\", \"specification\": \"检查震动片/喷头；更换水箱存水防止滋生细菌\"}]','16:00',1,1,1,35,'艾成礼','2026-01-22 00:42:55','2026-01-22 00:42:55'),(579,22,'GLSC-0057','空调（羽化）','羽化系统','monthly',1,1,1,1,NULL,15,NULL,NULL,'[]','[]','[]','[]','[{\"name\": \"散热片无堵塞；风扇无异响\", \"specification\": \"清洗室外机散热翅片；检查内外机风扇运转声音\"}]','16:00',1,1,1,35,'艾成礼','2026-01-22 00:42:55','2026-01-22 00:42:55'),(580,22,'GLSC-0057','空调（羽化）','羽化系统','yearly',1,1,1,1,NULL,NULL,12,20,'[]','[]','[]','[]','[{\"name\": \"过滤网清洁；排水通畅\", \"specification\": \"拆洗进风口过滤网；检查冷凝水管是否滴漏\"}, {\"name\": \"制冷剂压力正常；线路绝缘良好\", \"specification\": \"请专业人员测量加氟；检查电源线路老化情况\"}]','16:00',1,1,1,35,'艾成礼','2026-01-22 00:42:55','2026-01-22 00:42:55'),(581,22,'GLSC-0058','电箱（羽化）','羽化系统','daily',1,1,1,1,NULL,NULL,NULL,NULL,'[]','[]','[]','[]','[{\"name\": \"指示灯正常；箱门锁闭\", \"specification\": \"巡视各指示灯状态；确认柜门已关紧\"}, {\"name\": \"风扇运转；无焦糊味\", \"specification\": \"检查散热风扇；闻是否有绝缘烧焦气味\"}]','16:00',1,1,1,35,'艾成礼','2026-01-22 00:42:55','2026-01-22 00:42:55'),(582,22,'GLSC-0058','电箱（羽化）','羽化系统','monthly',1,1,1,1,NULL,15,NULL,NULL,'[]','[]','[]','[]','[{\"name\": \"内部无积尘；接线紧固\", \"specification\": \"断电吹扫灰尘；抽检接线端子是否松动\"}]','16:00',1,1,1,35,'艾成礼','2026-01-22 00:42:55','2026-01-22 00:42:55'),(583,22,'GLSC-0058','电箱（羽化）','羽化系统','yearly',1,1,1,1,NULL,NULL,12,20,'[]','[]','[]','[]','[{\"name\": \"热成像检查；接地电阻合格\", \"specification\": \"满载检查发热点；测量接地电阻值\"}]','16:00',1,1,1,35,'艾成礼','2026-01-22 00:42:55','2026-01-22 00:42:55'),(584,22,'GLSC-0059','储水罐(羽化)','羽化系统','monthly',1,1,1,1,NULL,15,NULL,NULL,'[]','[]','[]','[]','[{\"name\": \"无渗漏；内部清洁\", \"specification\": \"检查接头处；排空清洗内部藻类\"}]','16:00',1,1,1,35,'艾成礼','2026-01-22 00:42:55','2026-01-22 00:42:55'),(585,22,'GLSC-0060','储水罐架(羽化)','羽化系统','monthly',1,1,1,1,NULL,15,NULL,NULL,'[]','[]','[]','[]','[{\"name\": \"结构稳固无变形\", \"specification\": \"检查立柱和横梁连接处；观察是否超载变形\"}]','16:00',1,1,1,35,'艾成礼','2026-01-22 00:42:55','2026-01-22 00:42:55'),(586,22,'GLSC-0061','补光灯（羽化）','羽化系统','daily',1,1,1,1,NULL,NULL,NULL,NULL,'[]','[]','[]','[]','[{\"name\": \"灯珠全亮；无闪烁\", \"specification\": \"目测检查照明效果\"}]','16:00',1,1,1,35,'艾成礼','2026-01-22 00:42:55','2026-01-22 00:42:55'),(587,22,'GLSC-0062','排气扇（羽化）','羽化系统','weekly',1,1,1,1,1,NULL,NULL,NULL,'[]','[]','[]','[]','[{\"name\": \"叶片无积尘；运转平稳\", \"specification\": \"擦拭叶片灰尘；监听电机轴承声音\"}]','16:00',1,1,1,35,'艾成礼','2026-01-22 00:42:55','2026-01-22 00:42:55'),(588,22,'GLSC-0062','排气扇（羽化）','羽化系统','monthly',1,1,1,1,NULL,15,NULL,NULL,'[]','[]','[]','[]','[{\"name\": \"皮带/电机紧固；百叶窗灵活\", \"specification\": \"检查固定螺栓；清理百叶窗转轴\"}]','16:00',1,1,1,35,'艾成礼','2026-01-22 00:42:55','2026-01-22 00:42:55'),(589,22,'GLSC-0063','暖风机（羽化）','羽化系统','daily',1,1,1,1,NULL,NULL,NULL,NULL,'[]','[]','[]','[]','[{\"name\": \"进风通畅；加热正常\", \"specification\": \"清理进风口杂物；确认加热管工作状态\"}]','16:00',1,1,1,35,'艾成礼','2026-01-22 00:42:55','2026-01-22 00:42:55'),(590,22,'GLSC-0064','LED灯（羽化）','羽化系统','monthly',1,1,1,1,NULL,15,NULL,NULL,'[]','[]','[]','[]','[{\"name\": \"结构稳固无变形\", \"specification\": \"检查立柱和横梁连接处；观察是否超载变形\"}]','16:00',1,1,1,35,'艾成礼','2026-01-22 00:42:55','2026-01-22 00:42:55'),(591,22,'GLSC-0065','温控仪（羽化）','羽化系统','yearly',1,1,1,1,NULL,NULL,12,20,'[]','[]','[]','[]','[{\"name\": \"传感器校准；线路检查\", \"specification\": \"对温度探头进行校准；检查探头引线是否破损\"}]','16:00',1,1,1,35,'艾成礼','2026-01-22 00:42:55','2026-01-22 00:42:55'),(592,22,'GLSC-0066','不锈钢架1（羽化）','羽化系统','monthly',1,1,1,1,NULL,15,NULL,NULL,'[]','[]','[]','[]','[{\"name\": \"结构稳固无变形\", \"specification\": \"检查立柱和横梁连接处；观察是否超载变形\"}]','16:00',1,1,1,35,'艾成礼','2026-01-22 00:42:55','2026-01-22 00:42:55'),(593,22,'GLSC-0067','臭盒（羽化）','羽化系统','monthly',1,1,1,1,NULL,15,NULL,NULL,'[]','[]','[]','[]','[{\"name\": \"清洁卫生；无破损\", \"specification\": \"清洗并消毒；检查盒体是否有裂纹\"}]','16:00',1,1,1,35,'艾成礼','2026-01-22 00:42:55','2026-01-22 00:42:55'),(594,22,'GLSC-0068','臭盒支架（羽化）','羽化系统','monthly',1,1,1,1,NULL,15,NULL,NULL,'[]','[]','[]','[]','[{\"name\": \"结构稳固无变形\", \"specification\": \"检查立柱和横梁连接处；观察是否超载变形\"}]','16:00',1,1,1,35,'艾成礼','2026-01-22 00:42:55','2026-01-22 00:42:55'),(595,22,'GLSC-0069','收卵板（羽化）','羽化系统','monthly',1,1,1,1,NULL,15,NULL,NULL,'[]','[]','[]','[]','[{\"name\": \"无霉变；清洁\", \"specification\": \"刮除残留物；高温或药物消毒\"}]','16:00',1,1,1,35,'艾成礼','2026-01-22 00:42:55','2026-01-22 00:42:55'),(596,22,'GLSC-0070','地暖（羽化）','羽化系统','yearly',1,1,1,1,NULL,NULL,12,20,'[]','[]','[]','[]','[{\"name\": \"加热均匀；温控准\", \"specification\": \"使用测温枪检测地面各区域温度分布\"}]','16:00',1,1,1,35,'艾成礼','2026-01-22 00:42:55','2026-01-22 00:42:55'),(597,23,'WEM-0001','温控仪','培养箱','yearly',1,1,1,1,NULL,NULL,12,20,'[]','[]','[]','[]','[{\"name\": \"传感器校准；线路检查\", \"specification\": \"对温度探头进行校准；检查探头引线是否破损\"}]','16:00',1,1,1,35,'艾成礼','2026-01-22 00:42:55','2026-01-22 00:42:55'),(598,23,'WEM-0002','空调','培养箱','monthly',1,1,1,1,NULL,15,NULL,NULL,'[]','[]','[]','[]','[{\"name\": \"散热片无堵塞；风扇无异响\", \"specification\": \"清洗室外机散热翅片；检查内外机风扇运转声音\"}]','16:00',1,1,1,35,'艾成礼','2026-01-22 00:42:55','2026-01-22 00:42:55'),(599,23,'WEM-0002','空调','培养箱','yearly',1,1,1,1,NULL,NULL,12,20,'[]','[]','[]','[]','[{\"name\": \"过滤网清洁；排水通畅\", \"specification\": \"拆洗进风口过滤网；检查冷凝水管是否滴漏\"}, {\"name\": \"制冷剂压力正常；线路绝缘良好\", \"specification\": \"请专业人员测量加氟；检查电源线路老化情况\"}]','16:00',1,1,1,35,'艾成礼','2026-01-22 00:42:55','2026-01-22 00:42:55'),(600,23,'WEM-0003','翻桶机','A箱','daily',1,1,1,1,NULL,NULL,NULL,NULL,'[]','[]','[]','[]','[{\"name\": \"升降平稳；抓取牢固\", \"specification\": \"操作测试动作流畅性；确认卡扣紧固\"}]','16:00',1,1,1,35,'艾成礼','2026-01-22 00:42:55','2026-01-22 00:42:55'),(601,23,'WEM-0003','翻桶机','A箱','monthly',1,1,1,1,NULL,15,NULL,NULL,'[]','[]','[]','[]','[{\"name\": \"液压/链条检查；导轨润滑\", \"specification\": \"检查液压油位或链条磨损；涂抹导轨润滑脂\"}]','16:00',1,1,1,35,'艾成礼','2026-01-22 00:42:55','2026-01-22 00:42:55'),(602,23,'WEM-0004','粉碎机进料螺旋','A箱','daily',1,1,1,1,NULL,NULL,NULL,NULL,'[]','[]','[]','[]','[{\"name\": \"运转无异响\", \"specification\": \"监听电机声音\"}]','16:00',1,1,1,35,'艾成礼','2026-01-22 00:42:55','2026-01-22 00:42:55'),(603,23,'WEM-0004','粉碎机进料螺旋','A箱','weekly',1,1,1,1,1,NULL,NULL,NULL,'[]','[]','[]','[]','[{\"name\": \"叶片无缠绕；链条张紧\", \"specification\": \"清理轴上缠绕物；调整传动链条松紧\"}]','16:00',1,1,1,35,'艾成礼','2026-01-22 00:42:55','2026-01-22 00:42:55'),(604,23,'WEM-0004','粉碎机进料螺旋','A箱','monthly',1,1,1,1,NULL,15,NULL,NULL,'[]','[]','[]','[]','[{\"name\": \"减速机油位；轴承润滑\", \"specification\": \"检查减速机油窗；给轴承座打黄油\"}]','16:00',1,1,1,35,'艾成礼','2026-01-22 00:42:55','2026-01-22 00:42:55'),(605,23,'WEM-0004','粉碎机进料螺旋','A箱','yearly',1,1,1,1,NULL,NULL,12,20,'[]','[]','[]','[]','[{\"name\": \"齿轮油更换；叶片磨损检查\", \"specification\": \"更换减速机润滑油；检查螺旋叶片厚度\"}]','16:00',1,1,1,35,'艾成礼','2026-01-22 00:42:55','2026-01-22 00:42:55'),(606,23,'WEM-0005','粉碎机','A箱','daily',1,1,1,1,NULL,NULL,NULL,NULL,'[]','[]','[]','[]','[{\"name\": \"进料无异物；急停有效\", \"specification\": \"检查破碎腔；测试急停按钮\"}]','16:00',1,1,1,35,'艾成礼','2026-01-22 00:42:55','2026-01-22 00:42:55'),(607,23,'WEM-0005','粉碎机','A箱','weekly',1,1,1,1,1,NULL,NULL,NULL,'[]','[]','[]','[]','[{\"name\": \"刀片紧固；皮带完好\", \"specification\": \"检查刀组螺栓；检查传动皮带是否有裂纹\"}]','16:00',1,1,1,35,'艾成礼','2026-01-22 00:42:55','2026-01-22 00:42:55'),(608,23,'WEM-0005','粉碎机','A箱','monthly',1,1,1,1,NULL,15,NULL,NULL,'[]','[]','[]','[]','[{\"name\": \"筛网无破损；刀刃锋利\", \"specification\": \"拆卸检查筛网；评估刀片磨损情况\"}]','16:00',1,1,1,35,'艾成礼','2026-01-22 00:42:55','2026-01-22 00:42:55'),(609,23,'WEM-0005','粉碎机','A箱','yearly',1,1,1,1,NULL,NULL,12,20,'[]','[]','[]','[]','[{\"name\": \"主轴检查；防锈处理\", \"specification\": \"检测主轴跳动；对掉漆部位补漆\"}]','16:00',1,1,1,35,'艾成礼','2026-01-22 00:42:55','2026-01-22 00:42:55'),(610,23,'WEM-0006','榨汁机进料螺旋','A箱','daily',1,1,1,1,NULL,NULL,NULL,NULL,'[]','[]','[]','[]','[{\"name\": \"运转无异响\", \"specification\": \"监听电机声音\"}]','16:00',1,1,1,35,'艾成礼','2026-01-22 00:42:55','2026-01-22 00:42:55'),(611,23,'WEM-0006','榨汁机进料螺旋','A箱','weekly',1,1,1,1,1,NULL,NULL,NULL,'[]','[]','[]','[]','[{\"name\": \"叶片无缠绕；链条张紧\", \"specification\": \"清理轴上缠绕物；调整传动链条松紧\"}]','16:00',1,1,1,35,'艾成礼','2026-01-22 00:42:55','2026-01-22 00:42:55'),(612,23,'WEM-0006','榨汁机进料螺旋','A箱','monthly',1,1,1,1,NULL,15,NULL,NULL,'[]','[]','[]','[]','[{\"name\": \"减速机油位；轴承润滑\", \"specification\": \"检查减速机油窗；给轴承座打黄油\"}]','16:00',1,1,1,35,'艾成礼','2026-01-22 00:42:55','2026-01-22 00:42:55'),(613,23,'WEM-0006','榨汁机进料螺旋','A箱','yearly',1,1,1,1,NULL,NULL,12,20,'[]','[]','[]','[]','[{\"name\": \"齿轮油更换；叶片磨损检查\", \"specification\": \"更换减速机润滑油；检查螺旋叶片厚度\"}]','16:00',1,1,1,35,'艾成礼','2026-01-22 00:42:55','2026-01-22 00:42:55'),(614,23,'WEM-0007','榨汁机','A箱','daily',1,1,1,1,NULL,NULL,NULL,NULL,'[]','[]','[]','[]','[{\"name\": \"进料无异物；急停有效\", \"specification\": \"（参考粉碎机标准）检查腔体；测试急停按钮\"}]','16:00',1,1,1,35,'艾成礼','2026-01-22 00:42:55','2026-01-22 00:42:55'),(615,23,'WEM-0007','榨汁机','A箱','weekly',1,1,1,1,1,NULL,NULL,NULL,'[]','[]','[]','[]','[{\"name\": \"紧固；皮带完好\", \"specification\": \"检查紧固螺栓；检查传动皮带\"}]','16:00',1,1,1,35,'艾成礼','2026-01-22 00:42:55','2026-01-22 00:42:55'),(616,23,'WEM-0007','榨汁机','A箱','monthly',1,1,1,1,NULL,15,NULL,NULL,'[]','[]','[]','[]','[{\"name\": \"滤网无破损\", \"specification\": \"拆卸检查滤网完整性\"}]','16:00',1,1,1,35,'艾成礼','2026-01-22 00:42:55','2026-01-22 00:42:55'),(617,23,'WEM-0007','榨汁机','A箱','yearly',1,1,1,1,NULL,NULL,12,20,'[]','[]','[]','[]','[{\"name\": \"主轴检查；防锈处理\", \"specification\": \"检测主轴跳动；对掉漆部位补漆\"}]','16:00',1,1,1,35,'艾成礼','2026-01-22 00:42:55','2026-01-22 00:42:55'),(618,23,'WEM-0008','混料机','A箱','daily',1,1,1,1,NULL,NULL,NULL,NULL,'[]','[]','[]','[]','[{\"name\": \"搅拌无异响；出料门灵活\", \"specification\": \"监听减速机声音；测试气动/手动门开关\"}]','16:00',1,1,1,35,'艾成礼','2026-01-22 00:42:55','2026-01-22 00:42:55'),(619,23,'WEM-0008','混料机','A箱','monthly',1,1,1,1,NULL,15,NULL,NULL,'[]','[]','[]','[]','[{\"name\": \"密封完好；内部清洁\", \"specification\": \"检查轴端是否漏粉；清理仓壁粘料\"}]','16:00',1,1,1,35,'艾成礼','2026-01-22 00:42:55','2026-01-22 00:42:55'),(620,23,'WEM-0009','混料机出料螺旋','A箱','daily',1,1,1,1,NULL,NULL,NULL,NULL,'[]','[]','[]','[]','[{\"name\": \"运转无异响\", \"specification\": \"监听电机声音\"}]','16:00',1,1,1,35,'艾成礼','2026-01-22 00:42:55','2026-01-22 00:42:55'),(621,23,'WEM-0009','混料机出料螺旋','A箱','weekly',1,1,1,1,1,NULL,NULL,NULL,'[]','[]','[]','[]','[{\"name\": \"叶片无缠绕；链条张紧\", \"specification\": \"清理轴上缠绕物；调整传动链条松紧\"}]','16:00',1,1,1,35,'艾成礼','2026-01-22 00:42:55','2026-01-22 00:42:55'),(622,23,'WEM-0009','混料机出料螺旋','A箱','monthly',1,1,1,1,NULL,15,NULL,NULL,'[]','[]','[]','[]','[{\"name\": \"减速机油位；轴承润滑\", \"specification\": \"检查减速机油窗；给轴承座打黄油\"}]','16:00',1,1,1,35,'艾成礼','2026-01-22 00:42:55','2026-01-22 00:42:55'),(623,23,'WEM-0009','混料机出料螺旋','A箱','yearly',1,1,1,1,NULL,NULL,12,20,'[]','[]','[]','[]','[{\"name\": \"齿轮油更换；叶片磨损检查\", \"specification\": \"更换减速机润滑油；检查螺旋叶片厚度\"}]','16:00',1,1,1,35,'艾成礼','2026-01-22 00:42:55','2026-01-22 00:42:55'),(624,23,'WEM-0010','加料螺旋','A箱','daily',1,1,1,1,NULL,NULL,NULL,NULL,'[]','[]','[]','[]','[{\"name\": \"运转无异响\", \"specification\": \"监听电机声音\"}]','16:00',1,1,1,35,'艾成礼','2026-01-22 00:42:55','2026-01-22 00:42:55'),(625,23,'WEM-0010','加料螺旋','A箱','weekly',1,1,1,1,1,NULL,NULL,NULL,'[]','[]','[]','[]','[{\"name\": \"叶片无缠绕；链条张紧\", \"specification\": \"清理轴上缠绕物；调整传动链条松紧\"}]','16:00',1,1,1,35,'艾成礼','2026-01-22 00:42:55','2026-01-22 00:42:55'),(626,23,'WEM-0010','加料螺旋','A箱','monthly',1,1,1,1,NULL,15,NULL,NULL,'[]','[]','[]','[]','[{\"name\": \"减速机油位；轴承润滑\", \"specification\": \"检查减速机油窗；给轴承座打黄油\"}]','16:00',1,1,1,35,'艾成礼','2026-01-22 00:42:55','2026-01-22 00:42:55'),(627,23,'WEM-0010','加料螺旋','A箱','yearly',1,1,1,1,NULL,NULL,12,20,'[]','[]','[]','[]','[{\"name\": \"齿轮油更换；叶片磨损检查\", \"specification\": \"更换减速机润滑油；检查螺旋叶片厚度\"}]','16:00',1,1,1,35,'艾成礼','2026-01-22 00:42:55','2026-01-22 00:42:55'),(628,23,'WEM-0011','滑丝台','A箱','monthly',1,1,1,1,NULL,15,NULL,NULL,'[]','[]','[]','[]','[{\"name\": \"升降/滑动顺畅；遥控灵敏\", \"specification\": \"（参考电动卷帘门/翻桶机标准）给导轨/丝杆涂黄油\"}]','16:00',1,1,1,35,'艾成礼','2026-01-22 00:42:55','2026-01-22 00:42:55'),(629,23,'WEM-0012','原料称','A箱','monthly',1,1,1,1,NULL,15,NULL,NULL,'[]','[]','[]','[]','[{\"name\": \"砝码校准；电池/电源检查\", \"specification\": \"使用标准砝码校秤；检查电源线或更换电池\"}]','16:00',1,1,1,35,'艾成礼','2026-01-22 00:42:55','2026-01-22 00:42:55'),(630,23,'WEM-0013','加大虫平台行走电机','A箱','daily',1,1,1,1,NULL,NULL,NULL,NULL,'[]','[]','[]','[]','[{\"name\": \"运转无异响\", \"specification\": \"监听电机声音\"}]','16:00',1,1,1,35,'艾成礼','2026-01-22 00:42:55','2026-01-22 00:42:55'),(631,23,'WEM-0013','加大虫平台行走电机','A箱','monthly',1,1,1,1,NULL,15,NULL,NULL,'[]','[]','[]','[]','[{\"name\": \"减速机油位；轴承润滑\", \"specification\": \"检查减速机油窗；给轴承座打黄油\"}]','16:00',1,1,1,35,'艾成礼','2026-01-22 00:42:55','2026-01-22 00:42:55'),(632,23,'WEM-0013','加大虫平台行走电机','A箱','yearly',1,1,1,1,NULL,NULL,12,20,'[]','[]','[]','[]','[{\"name\": \"齿轮油更换\", \"specification\": \"更换减速机润滑油\"}]','16:00',1,1,1,35,'艾成礼','2026-01-22 00:42:55','2026-01-22 00:42:55'),(633,23,'WEM-0014','加大虫平台提升电机','A箱','daily',1,1,1,1,NULL,NULL,NULL,NULL,'[]','[]','[]','[]','[{\"name\": \"运转无异响\", \"specification\": \"监听电机声音\"}]','16:00',1,1,1,35,'艾成礼','2026-01-22 00:42:55','2026-01-22 00:42:55'),(634,23,'WEM-0014','加大虫平台提升电机','A箱','monthly',1,1,1,1,NULL,15,NULL,NULL,'[]','[]','[]','[]','[{\"name\": \"减速机油位；链条润滑\", \"specification\": \"检查减速机油窗；给提升链条打黄油\"}]','16:00',1,1,1,35,'艾成礼','2026-01-22 00:42:55','2026-01-22 00:42:55'),(635,23,'WEM-0014','加大虫平台提升电机','A箱','yearly',1,1,1,1,NULL,NULL,12,20,'[]','[]','[]','[]','[{\"name\": \"齿轮油更换\", \"specification\": \"更换减速机润滑油\"}]','16:00',1,1,1,35,'艾成礼','2026-01-22 00:42:55','2026-01-22 00:42:55'),(636,23,'WEM-0015','空压机','A箱','daily',1,1,1,1,NULL,NULL,NULL,NULL,'[]','[]','[]','[]','[{\"name\": \"排水；无异响\", \"specification\": \"排放储气罐冷凝水；监听主机声音\"}]','16:00',1,1,1,35,'艾成礼','2026-01-22 00:42:55','2026-01-22 00:42:55'),(637,23,'WEM-0015','空压机','A箱','weekly',1,1,1,1,1,NULL,NULL,NULL,'[]','[]','[]','[]','[{\"name\": \"油位正常；皮带完好\", \"specification\": \"检查油镜油位；检查皮带张紧度\"}]','16:00',1,1,1,35,'艾成礼','2026-01-22 00:42:55','2026-01-22 00:42:55'),(638,23,'WEM-0015','空压机','A箱','monthly',1,1,1,1,NULL,15,NULL,NULL,'[]','[]','[]','[]','[{\"name\": \"清洁空滤\", \"specification\": \"拆卸并吹扫空气滤芯\"}]','16:00',1,1,1,35,'艾成礼','2026-01-22 00:42:55','2026-01-22 00:42:55'),(639,23,'WEM-0015','空压机','A箱','yearly',1,1,1,1,NULL,NULL,12,20,'[]','[]','[]','[]','[{\"name\": \"更换机油/滤芯\", \"specification\": \"更换润滑油及三滤\"}]','16:00',1,1,1,35,'艾成礼','2026-01-22 00:42:55','2026-01-22 00:42:55'),(640,23,'WEM-0016','加料称','A箱','monthly',1,1,1,1,NULL,15,NULL,NULL,'[]','[]','[]','[]','[{\"name\": \"砝码校准；电池/电源检查\", \"specification\": \"使用标准砝码校秤；检查电源线或更换电池\"}]','16:00',1,1,1,35,'艾成礼','2026-01-22 00:42:55','2026-01-22 00:42:55'),(641,23,'WEM-0017','果汁输送泵','A箱','monthly',1,1,1,1,NULL,15,NULL,NULL,'[]','[]','[]','[]','[{\"name\": \"无泄漏；压力稳\", \"specification\": \"（参考喷淋泵标准）检查机械密封处；观察压力表\"}]','16:00',1,1,1,35,'艾成礼','2026-01-22 00:42:55','2026-01-22 00:42:55'),(642,23,'WEM-0018','小盒翻盒电机','A箱','monthly',1,1,1,1,NULL,15,NULL,NULL,'[]','[]','[]','[]','[{\"name\": \"减速机油位；轴承润滑\", \"specification\": \"检查减速机油窗；给轴承座打黄油\"}]','16:00',1,1,1,35,'艾成礼','2026-01-22 00:42:55','2026-01-22 00:42:55'),(643,23,'WEM-0019','1#电控柜','A箱','daily',1,1,1,1,NULL,NULL,NULL,NULL,'[]','[]','[]','[]','[{\"name\": \"指示灯正常；箱门锁闭\", \"specification\": \"巡视各指示灯状态；确认柜门已关紧\"}, {\"name\": \"风扇运转；无焦糊味\", \"specification\": \"检查散热风扇；闻是否有绝缘烧焦气味\"}]','16:00',1,1,1,35,'艾成礼','2026-01-22 00:42:55','2026-01-22 00:42:55'),(644,23,'WEM-0019','1#电控柜','A箱','monthly',1,1,1,1,NULL,15,NULL,NULL,'[]','[]','[]','[]','[{\"name\": \"内部无积尘；接线紧固\", \"specification\": \"断电吹扫灰尘；抽检接线端子是否松动\"}]','16:00',1,1,1,35,'艾成礼','2026-01-22 00:42:55','2026-01-22 00:42:55'),(645,23,'WEM-0019','1#电控柜','A箱','yearly',1,1,1,1,NULL,NULL,12,20,'[]','[]','[]','[]','[{\"name\": \"热成像检查；接地电阻合格\", \"specification\": \"满载检查发热点；测量接地电阻值\"}]','16:00',1,1,1,35,'艾成礼','2026-01-22 00:42:55','2026-01-22 00:42:55'),(646,23,'WEM-0020','1#空气源热泵风盘','A箱','monthly',1,1,1,1,NULL,15,NULL,NULL,'[]','[]','[]','[]','[{\"name\": \"散热片无堵塞；风扇无异响\", \"specification\": \"（参考空调标准）清洗滤网/翅片；检查风扇声音\"}]','16:00',1,1,1,35,'艾成礼','2026-01-22 00:42:55','2026-01-22 00:42:55'),(647,23,'WEM-0020','1#空气源热泵风盘','A箱','yearly',1,1,1,1,NULL,NULL,12,20,'[]','[]','[]','[]','[{\"name\": \"过滤网清洁；排水通畅\", \"specification\": \"拆洗进风口过滤网；检查冷凝水管是否滴漏\"}, {\"name\": \"线路绝缘良好\", \"specification\": \"检查电源线路老化情况\"}]','16:00',1,1,1,35,'艾成礼','2026-01-22 00:42:56','2026-01-22 00:42:56'),(648,23,'WEM-0021','1#摄像头','A箱','monthly',1,1,1,1,NULL,15,NULL,NULL,'[]','[]','[]','[]','[{\"name\": \"镜头清洁；画面清晰\", \"specification\": \"擦拭镜头灰尘；检查监控画面\"}]','16:00',1,1,1,35,'艾成礼','2026-01-22 00:42:56','2026-01-22 00:42:56'),(649,23,'WEM-0022','1#定位机构','B1箱','monthly',1,1,1,1,NULL,15,NULL,NULL,'[]','[]','[]','[]','[{\"name\": \"感应灵敏；固定牢靠\", \"specification\": \"测试传感器信号；紧固支架螺丝\"}]','16:00',1,1,1,35,'艾成礼','2026-01-22 00:42:56','2026-01-22 00:42:56'),(650,23,'WEM-0023','1#皮带','B1箱','daily',1,1,1,1,NULL,NULL,NULL,NULL,'[]','[]','[]','[]','[{\"name\": \"运转无异响\", \"specification\": \"（参考螺旋/输送标准）监听电机声音\"}]','16:00',1,1,1,35,'艾成礼','2026-01-22 00:42:56','2026-01-22 00:42:56'),(651,23,'WEM-0023','1#皮带','B1箱','weekly',1,1,1,1,1,NULL,NULL,NULL,'[]','[]','[]','[]','[{\"name\": \"皮带无跑偏；张紧适度\", \"specification\": \"调整张紧装置；观察皮带运行轨迹\"}]','16:00',1,1,1,35,'艾成礼','2026-01-22 00:42:56','2026-01-22 00:42:56'),(652,23,'WEM-0023','1#皮带','B1箱','monthly',1,1,1,1,NULL,15,NULL,NULL,'[]','[]','[]','[]','[{\"name\": \"轴承润滑\", \"specification\": \"给滚筒轴承座打黄油\"}]','16:00',1,1,1,35,'艾成礼','2026-01-22 00:42:56','2026-01-22 00:42:56'),(653,23,'WEM-0023','1#皮带','B1箱','yearly',1,1,1,1,NULL,NULL,12,20,'[]','[]','[]','[]','[{\"name\": \"皮带磨损检查\", \"specification\": \"检查皮带表面及接头情况\"}]','16:00',1,1,1,35,'艾成礼','2026-01-22 00:42:56','2026-01-22 00:42:56'),(654,23,'WEM-0024','2#摄像头','B1箱','monthly',1,1,1,1,NULL,15,NULL,NULL,'[]','[]','[]','[]','[{\"name\": \"镜头清洁；画面清晰\", \"specification\": \"擦拭镜头灰尘；检查监控画面\"}]','16:00',1,1,1,35,'艾成礼','2026-01-22 00:42:56','2026-01-22 00:42:56'),(655,23,'WEM-0025','3#摄像头','B1箱','monthly',1,1,1,1,NULL,15,NULL,NULL,'[]','[]','[]','[]','[{\"name\": \"镜头清洁；画面清晰\", \"specification\": \"擦拭镜头灰尘；检查监控画面\"}]','16:00',1,1,1,35,'艾成礼','2026-01-22 00:42:56','2026-01-22 00:42:56'),(656,23,'WEM-0026','1#定位机构','B3箱','monthly',1,1,1,1,NULL,15,NULL,NULL,'[]','[]','[]','[]','[{\"name\": \"感应灵敏；固定牢靠\", \"specification\": \"测试传感器信号；紧固支架螺丝\"}]','16:00',1,1,1,35,'艾成礼','2026-01-22 00:42:56','2026-01-22 00:42:56'),(657,23,'WEM-0027','滚筒筛','C箱','daily',1,1,1,1,NULL,NULL,NULL,NULL,'[]','[]','[]','[]','[{\"name\": \"运转无异响\", \"specification\": \"（参考粉碎机/电机类标准）监听电机声音\"}]','16:00',1,1,1,35,'艾成礼','2026-01-22 00:42:56','2026-01-22 00:42:56'),(658,23,'WEM-0027','滚筒筛','C箱','weekly',1,1,1,1,1,NULL,NULL,NULL,'[]','[]','[]','[]','[{\"name\": \"筛孔无堵塞\", \"specification\": \"清理筛网粘附物\"}]','16:00',1,1,1,35,'艾成礼','2026-01-22 00:42:56','2026-01-22 00:42:56'),(659,23,'WEM-0027','滚筒筛','C箱','monthly',1,1,1,1,NULL,15,NULL,NULL,'[]','[]','[]','[]','[{\"name\": \"托轮润滑\", \"specification\": \"给托轮轴承打黄油\"}]','16:00',1,1,1,35,'艾成礼','2026-01-22 00:42:56','2026-01-22 00:42:56'),(660,23,'WEM-0027','滚筒筛','C箱','yearly',1,1,1,1,NULL,NULL,12,20,'[]','[]','[]','[]','[{\"name\": \"筛网磨损检查\", \"specification\": \"检查筛网是否有破洞\"}]','16:00',1,1,1,35,'艾成礼','2026-01-22 00:42:56','2026-01-22 00:42:56'),(661,23,'WEM-0028','2#电控柜','C箱','daily',1,1,1,1,NULL,NULL,NULL,NULL,'[]','[]','[]','[]','[{\"name\": \"指示灯正常；箱门锁闭\", \"specification\": \"巡视各指示灯状态；确认柜门已关紧\"}, {\"name\": \"风扇运转；无焦糊味\", \"specification\": \"检查散热风扇；闻是否有绝缘烧焦气味\"}]','16:00',1,1,1,35,'艾成礼','2026-01-22 00:42:56','2026-01-22 00:42:56'),(662,23,'WEM-0028','2#电控柜','C箱','monthly',1,1,1,1,NULL,15,NULL,NULL,'[]','[]','[]','[]','[{\"name\": \"内部无积尘；接线紧固\", \"specification\": \"断电吹扫灰尘；抽检接线端子是否松动\"}]','16:00',1,1,1,35,'艾成礼','2026-01-22 00:42:56','2026-01-22 00:42:56'),(663,23,'WEM-0028','2#电控柜','C箱','yearly',1,1,1,1,NULL,NULL,12,20,'[]','[]','[]','[]','[{\"name\": \"热成像检查；接地电阻合格\", \"specification\": \"满载检查发热点；测量接地电阻值\"}]','16:00',1,1,1,35,'艾成礼','2026-01-22 00:42:56','2026-01-22 00:42:56'),(664,23,'WEM-0029','2#空气源热泵风盘','C箱','monthly',1,1,1,1,NULL,15,NULL,NULL,'[]','[]','[]','[]','[{\"name\": \"散热片无堵塞；风扇无异响\", \"specification\": \"（参考空调标准）清洗滤网/翅片；检查风扇声音\"}]','16:00',1,1,1,35,'艾成礼','2026-01-22 00:42:56','2026-01-22 00:42:56'),(665,23,'WEM-0029','2#空气源热泵风盘','C箱','yearly',1,1,1,1,NULL,NULL,12,20,'[]','[]','[]','[]','[{\"name\": \"过滤网清洁；排水通畅\", \"specification\": \"拆洗进风口过滤网；检查冷凝水管是否滴漏\"}, {\"name\": \"线路绝缘良好\", \"specification\": \"检查电源线路老化情况\"}]','16:00',1,1,1,35,'艾成礼','2026-01-22 00:42:56','2026-01-22 00:42:56'),(666,23,'WEM-0030','精分板链','C箱','daily',1,1,1,1,NULL,NULL,NULL,NULL,'[]','[]','[]','[]','[{\"name\": \"运转无异响\", \"specification\": \"监听电机声音\"}]','16:00',1,1,1,35,'艾成礼','2026-01-22 00:42:56','2026-01-22 00:42:56'),(667,23,'WEM-0030','精分板链','C箱','weekly',1,1,1,1,1,NULL,NULL,NULL,'[]','[]','[]','[]','[{\"name\": \"链板无断裂；张紧适度\", \"specification\": \"目测链板情况；调整张紧\"}]','16:00',1,1,1,35,'艾成礼','2026-01-22 00:42:56','2026-01-22 00:42:56'),(668,23,'WEM-0030','精分板链','C箱','monthly',1,1,1,1,NULL,15,NULL,NULL,'[]','[]','[]','[]','[{\"name\": \"链轮润滑\", \"specification\": \"给链轮轴承打黄油\"}]','16:00',1,1,1,35,'艾成礼','2026-01-22 00:42:56','2026-01-22 00:42:56'),(669,23,'WEM-0030','精分板链','C箱','yearly',1,1,1,1,NULL,NULL,12,20,'[]','[]','[]','[]','[{\"name\": \"链板磨损检查\", \"specification\": \"检查链板销轴磨损情况\"}]','16:00',1,1,1,35,'艾成礼','2026-01-22 00:42:56','2026-01-22 00:42:56'),(670,23,'WEM-0031','2#皮带','C箱','daily',1,1,1,1,NULL,NULL,NULL,NULL,'[]','[]','[]','[]','[{\"name\": \"运转无异响\", \"specification\": \"（参考螺旋/输送标准）监听电机声音\"}]','16:00',1,1,1,35,'艾成礼','2026-01-22 00:42:56','2026-01-22 00:42:56'),(671,23,'WEM-0031','2#皮带','C箱','weekly',1,1,1,1,1,NULL,NULL,NULL,'[]','[]','[]','[]','[{\"name\": \"皮带无跑偏；张紧适度\", \"specification\": \"调整张紧装置；观察皮带运行轨迹\"}]','16:00',1,1,1,35,'艾成礼','2026-01-22 00:42:56','2026-01-22 00:42:56'),(672,23,'WEM-0031','2#皮带','C箱','monthly',1,1,1,1,NULL,15,NULL,NULL,'[]','[]','[]','[]','[{\"name\": \"轴承润滑\", \"specification\": \"给滚筒轴承座打黄油\"}]','16:00',1,1,1,35,'艾成礼','2026-01-22 00:42:56','2026-01-22 00:42:56'),(673,23,'WEM-0031','2#皮带','C箱','yearly',1,1,1,1,NULL,NULL,12,20,'[]','[]','[]','[]','[{\"name\": \"皮带磨损检查\", \"specification\": \"检查皮带表面及接头情况\"}]','16:00',1,1,1,35,'艾成礼','2026-01-22 00:42:56','2026-01-22 00:42:56'),(674,23,'WEM-0032','3#皮带','C箱','daily',1,1,1,1,NULL,NULL,NULL,NULL,'[]','[]','[]','[]','[{\"name\": \"运转无异响\", \"specification\": \"（参考螺旋/输送标准）监听电机声音\"}]','16:00',1,1,1,35,'艾成礼','2026-01-22 00:42:56','2026-01-22 00:42:56'),(675,23,'WEM-0032','3#皮带','C箱','weekly',1,1,1,1,1,NULL,NULL,NULL,'[]','[]','[]','[]','[{\"name\": \"皮带无跑偏；张紧适度\", \"specification\": \"调整张紧装置；观察皮带运行轨迹\"}]','16:00',1,1,1,35,'艾成礼','2026-01-22 00:42:56','2026-01-22 00:42:56'),(676,23,'WEM-0032','3#皮带','C箱','monthly',1,1,1,1,NULL,15,NULL,NULL,'[]','[]','[]','[]','[{\"name\": \"轴承润滑\", \"specification\": \"给滚筒轴承座打黄油\"}]','16:00',1,1,1,35,'艾成礼','2026-01-22 00:42:56','2026-01-22 00:42:56'),(677,23,'WEM-0032','3#皮带','C箱','yearly',1,1,1,1,NULL,NULL,12,20,'[]','[]','[]','[]','[{\"name\": \"皮带磨损检查\", \"specification\": \"检查皮带表面及接头情况\"}]','16:00',1,1,1,35,'艾成礼','2026-01-22 00:42:56','2026-01-22 00:42:56'),(678,23,'WEM-0033','1#出料螺旋','C箱','daily',1,1,1,1,NULL,NULL,NULL,NULL,'[]','[]','[]','[]','[{\"name\": \"运转无异响\", \"specification\": \"监听电机声音\"}]','16:00',1,1,1,35,'艾成礼','2026-01-22 00:42:56','2026-01-22 00:42:56'),(679,23,'WEM-0033','1#出料螺旋','C箱','weekly',1,1,1,1,1,NULL,NULL,NULL,'[]','[]','[]','[]','[{\"name\": \"叶片无缠绕；链条张紧\", \"specification\": \"清理轴上缠绕物；调整传动链条松紧\"}]','16:00',1,1,1,35,'艾成礼','2026-01-22 00:42:56','2026-01-22 00:42:56'),(680,23,'WEM-0033','1#出料螺旋','C箱','monthly',1,1,1,1,NULL,15,NULL,NULL,'[]','[]','[]','[]','[{\"name\": \"减速机油位；轴承润滑\", \"specification\": \"检查减速机油窗；给轴承座打黄油\"}]','16:00',1,1,1,35,'艾成礼','2026-01-22 00:42:56','2026-01-22 00:42:56'),(681,23,'WEM-0033','1#出料螺旋','C箱','yearly',1,1,1,1,NULL,NULL,12,20,'[]','[]','[]','[]','[{\"name\": \"齿轮油更换；叶片磨损检查\", \"specification\": \"更换减速机润滑油；检查螺旋叶片厚度\"}]','16:00',1,1,1,35,'艾成礼','2026-01-22 00:42:56','2026-01-22 00:42:56'),(682,23,'WEM-0034','2#出料螺旋','C箱','daily',1,1,1,1,NULL,NULL,NULL,NULL,'[]','[]','[]','[]','[{\"name\": \"运转无异响\", \"specification\": \"监听电机声音\"}]','16:00',1,1,1,35,'艾成礼','2026-01-22 00:42:56','2026-01-22 00:42:56'),(683,23,'WEM-0034','2#出料螺旋','C箱','weekly',1,1,1,1,1,NULL,NULL,NULL,'[]','[]','[]','[]','[{\"name\": \"叶片无缠绕；链条张紧\", \"specification\": \"清理轴上缠绕物；调整传动链条松紧\"}]','16:00',1,1,1,35,'艾成礼','2026-01-22 00:42:56','2026-01-22 00:42:56'),(684,23,'WEM-0034','2#出料螺旋','C箱','monthly',1,1,1,1,NULL,15,NULL,NULL,'[]','[]','[]','[]','[{\"name\": \"减速机油位；轴承润滑\", \"specification\": \"检查减速机油窗；给轴承座打黄油\"}]','16:00',1,1,1,35,'艾成礼','2026-01-22 00:42:56','2026-01-22 00:42:56'),(685,23,'WEM-0034','2#出料螺旋','C箱','yearly',1,1,1,1,NULL,NULL,12,20,'[]','[]','[]','[]','[{\"name\": \"齿轮油更换；叶片磨损检查\", \"specification\": \"更换减速机润滑油；检查螺旋叶片厚度\"}]','16:00',1,1,1,35,'艾成礼','2026-01-22 00:42:56','2026-01-22 00:42:56'),(686,23,'WEM-0035','3#出料螺旋','C箱','daily',1,1,1,1,NULL,NULL,NULL,NULL,'[]','[]','[]','[]','[{\"name\": \"运转无异响\", \"specification\": \"监听电机声音\"}]','16:00',1,1,1,35,'艾成礼','2026-01-22 00:42:56','2026-01-22 00:42:56'),(687,23,'WEM-0035','3#出料螺旋','C箱','weekly',1,1,1,1,1,NULL,NULL,NULL,'[]','[]','[]','[]','[{\"name\": \"叶片无缠绕；链条张紧\", \"specification\": \"清理轴上缠绕物；调整传动链条松紧\"}]','16:00',1,1,1,35,'艾成礼','2026-01-22 00:42:56','2026-01-22 00:42:56'),(688,23,'WEM-0035','3#出料螺旋','C箱','monthly',1,1,1,1,NULL,15,NULL,NULL,'[]','[]','[]','[]','[{\"name\": \"减速机油位；轴承润滑\", \"specification\": \"检查减速机油窗；给轴承座打黄油\"}]','16:00',1,1,1,35,'艾成礼','2026-01-22 00:42:56','2026-01-22 00:42:56'),(689,23,'WEM-0035','3#出料螺旋','C箱','yearly',1,1,1,1,NULL,NULL,12,20,'[]','[]','[]','[]','[{\"name\": \"齿轮油更换；叶片磨损检查\", \"specification\": \"更换减速机润滑油；检查螺旋叶片厚度\"}]','16:00',1,1,1,35,'艾成礼','2026-01-22 00:42:56','2026-01-22 00:42:56'),(690,23,'WEM-0036','聚堆装置','C箱','daily',1,1,1,1,NULL,NULL,NULL,NULL,'[]','[]','[]','[]','[{\"name\": \"动作灵活\", \"specification\": \"（参考翻桶机标准）测试伸缩/推料动作\"}]','16:00',1,1,1,35,'艾成礼','2026-01-22 00:42:56','2026-01-22 00:42:56'),(691,23,'WEM-0036','聚堆装置','C箱','monthly',1,1,1,1,NULL,15,NULL,NULL,'[]','[]','[]','[]','[{\"name\": \"导轨润滑\", \"specification\": \"给导向杆/滑轨涂黄油\"}]','16:00',1,1,1,35,'艾成礼','2026-01-22 00:42:56','2026-01-22 00:42:56'),(692,23,'WEM-0037','吸料装置','C箱','daily',1,1,1,1,NULL,NULL,NULL,NULL,'[]','[]','[]','[]','[{\"name\": \"吸力正常\", \"specification\": \"测试吸料效果\"}]','16:00',1,1,1,35,'艾成礼','2026-01-22 00:42:56','2026-01-22 00:42:56'),(693,23,'WEM-0037','吸料装置','C箱','weekly',1,1,1,1,1,NULL,NULL,NULL,'[]','[]','[]','[]','[{\"name\": \"管路无破损；连接紧密\", \"specification\": \"检查软管是否有裂纹漏气\"}]','16:00',1,1,1,35,'艾成礼','2026-01-22 00:42:56','2026-01-22 00:42:56'),(694,23,'WEM-0037','吸料装置','C箱','monthly',1,1,1,1,NULL,15,NULL,NULL,'[]','[]','[]','[]','[{\"name\": \"风机检查\", \"specification\": \"（参考排气扇标准）检查风机震动及噪音\"}]','16:00',1,1,1,35,'艾成礼','2026-01-22 00:42:56','2026-01-22 00:42:56'),(695,23,'WEM-0038','4#摄像头','C箱','monthly',1,1,1,1,NULL,15,NULL,NULL,'[]','[]','[]','[]','[{\"name\": \"镜头清洁；画面清晰\", \"specification\": \"擦拭镜头灰尘；检查监控画面\"}]','16:00',1,1,1,35,'艾成礼','2026-01-22 00:42:56','2026-01-22 00:42:56'),(696,23,'WEM-0039','干式臭氧机','通风系统','daily',1,1,1,1,NULL,NULL,NULL,NULL,'[]','[]','[]','[]','[{\"name\": \"有臭氧味；喷淋正常\", \"specification\": \"确认设备运行状态；检查喷头出水\"}]','16:00',1,1,1,35,'艾成礼','2026-01-22 00:42:56','2026-01-22 00:42:56'),(697,23,'WEM-0039','干式臭氧机','通风系统','monthly',1,1,1,1,NULL,15,NULL,NULL,'[]','[]','[]','[]','[{\"name\": \"发生管清洁；水箱清理\", \"specification\": \"清理臭氧管灰尘；排空水箱清除沉淀\"}]','16:00',1,1,1,35,'艾成礼','2026-01-22 00:42:56','2026-01-22 00:42:56'),(698,23,'WEM-0040','循环风机','通风系统','weekly',1,1,1,1,1,NULL,NULL,NULL,'[]','[]','[]','[]','[{\"name\": \"叶片无积尘；运转平稳\", \"specification\": \"擦拭叶片灰尘；监听电机轴承声音\"}]','16:00',1,1,1,35,'艾成礼','2026-01-22 00:42:56','2026-01-22 00:42:56'),(699,23,'WEM-0040','循环风机','通风系统','monthly',1,1,1,1,NULL,15,NULL,NULL,'[]','[]','[]','[]','[{\"name\": \"皮带/电机紧固；百叶窗灵活\", \"specification\": \"检查固定螺栓；清理百叶窗转轴\"}]','16:00',1,1,1,35,'艾成礼','2026-01-22 00:42:56','2026-01-22 00:42:56'),(700,23,'WEM-0041','空气冷凝器风机','通风系统','weekly',1,1,1,1,1,NULL,NULL,NULL,'[]','[]','[]','[]','[{\"name\": \"叶片无积尘；运转平稳\", \"specification\": \"擦拭叶片灰尘；监听电机轴承声音\"}]','16:00',1,1,1,35,'艾成礼','2026-01-22 00:42:56','2026-01-22 00:42:56'),(701,23,'WEM-0041','空气冷凝器风机','通风系统','monthly',1,1,1,1,NULL,15,NULL,NULL,'[]','[]','[]','[]','[{\"name\": \"皮带/电机紧固\", \"specification\": \"检查固定螺栓\"}]','16:00',1,1,1,35,'艾成礼','2026-01-22 00:42:56','2026-01-22 00:42:56'),(702,23,'WEM-0042','空气冷凝器','通风系统','monthly',1,1,1,1,NULL,15,NULL,NULL,'[]','[]','[]','[]','[{\"name\": \"散热片无堵塞\", \"specification\": \"（参考空调外机）清洗散热翅片\"}]','16:00',1,1,1,35,'艾成礼','2026-01-22 00:42:56','2026-01-22 00:42:56'),(703,23,'WEM-0043','气水换热器','通风系统','yearly',1,1,1,1,NULL,NULL,12,20,'[]','[]','[]','[]','[{\"name\": \"无泄漏；换热效率\", \"specification\": \"检查水管接口；清洗换热器表面\"}]','16:00',1,1,1,35,'艾成礼','2026-01-22 00:42:56','2026-01-22 00:42:56'),(704,23,'WEM-0044','空气源热泵','温控系统','monthly',1,1,1,1,NULL,15,NULL,NULL,'[]','[]','[]','[]','[{\"name\": \"散热片无堵塞；风扇无异响\", \"specification\": \"清洗室外机散热翅片；检查内外机风扇运转声音\"}]','16:00',1,1,1,35,'艾成礼','2026-01-22 00:42:56','2026-01-22 00:42:56'),(705,23,'WEM-0044','空气源热泵','温控系统','yearly',1,1,1,1,NULL,NULL,12,20,'[]','[]','[]','[]','[{\"name\": \"过滤网清洁；排水通畅\", \"specification\": \"拆洗进风口过滤网；检查冷凝水管是否滴漏\"}, {\"name\": \"制冷剂压力正常；线路绝缘良好\", \"specification\": \"请专业人员测量加氟；检查电源线路老化情况\"}]','16:00',1,1,1,35,'艾成礼','2026-01-22 00:42:56','2026-01-22 00:42:56'),(706,23,'WEM-0045','空气源热泵循环水泵','温控系统','monthly',1,1,1,1,NULL,15,NULL,NULL,'[]','[]','[]','[]','[{\"name\": \"无泄漏；压力稳\", \"specification\": \"检查机械密封处是否有水滴；观察压力表\"}]','16:00',1,1,1,35,'艾成礼','2026-01-22 00:42:56','2026-01-22 00:42:56'),(707,23,'WEM-0046','冷却罐循环水泵','温控系统','monthly',1,1,1,1,NULL,15,NULL,NULL,'[]','[]','[]','[]','[{\"name\": \"无泄漏；压力稳\", \"specification\": \"检查机械密封处是否有水滴；观察压力表\"}]','16:00',1,1,1,35,'艾成礼','2026-01-22 00:42:56','2026-01-22 00:42:56'),(708,23,'WEM-0047','冷却罐','温控系统','monthly',1,1,1,1,NULL,15,NULL,NULL,'[]','[]','[]','[]','[{\"name\": \"无渗漏；内部清洁\", \"specification\": \"（参考储水罐标准）检查接头处；排空清洗内部藻类\"}]','16:00',1,1,1,35,'艾成礼','2026-01-22 00:42:56','2026-01-22 00:42:56'),(709,23,'WEM-0048','冷库','室外','monthly',1,1,1,1,NULL,15,NULL,NULL,'[]','[]','[]','[]','[{\"name\": \"外观完好；门锁正常\", \"specification\": \"（参考集装箱标准）检查库板连接及密封；给门锁铰链加油\"}]','16:00',1,1,1,35,'艾成礼','2026-01-22 00:42:56','2026-01-22 00:42:56'),(710,23,'WEM-0049','5#摄像头','室外','monthly',1,1,1,1,NULL,15,NULL,NULL,'[]','[]','[]','[]','[{\"name\": \"镜头清洁；画面清晰\", \"specification\": \"擦拭镜头灰尘；检查监控画面\"}]','16:00',1,1,1,35,'艾成礼','2026-01-22 00:42:56','2026-01-22 00:42:56'),(711,23,'WEM-0050','6#摄像头','室外','monthly',1,1,1,1,NULL,15,NULL,NULL,'[]','[]','[]','[]','[{\"name\": \"镜头清洁；画面清晰\", \"specification\": \"擦拭镜头灰尘；检查监控画面\"}]','16:00',1,1,1,35,'艾成礼','2026-01-22 00:42:56','2026-01-22 00:42:56'),(712,23,'WEM-0051','3#空气源热泵风盘','办公室','monthly',1,1,1,1,NULL,15,NULL,NULL,'[]','[]','[]','[]','[{\"name\": \"散热片无堵塞；风扇无异响\", \"specification\": \"（参考空调标准）清洗滤网/翅片；检查风扇声音\"}]','16:00',1,1,1,35,'艾成礼','2026-01-22 00:42:56','2026-01-22 00:42:56'),(713,23,'WEM-0051','3#空气源热泵风盘','办公室','yearly',1,1,1,1,NULL,NULL,12,20,'[]','[]','[]','[]','[{\"name\": \"过滤网清洁；排水通畅\", \"specification\": \"拆洗进风口过滤网；检查冷凝水管是否滴漏\"}, {\"name\": \"线路绝缘良好\", \"specification\": \"检查电源线路老化情况\"}]','16:00',1,1,1,35,'艾成礼','2026-01-22 00:42:56','2026-01-22 00:42:56');
/*!40000 ALTER TABLE `maintenance_plan_library` ENABLE KEYS */;
UNLOCK TABLES;

--
-- Table structure for table `maintenance_plans`
--

DROP TABLE IF EXISTS `maintenance_plans`;
/*!40101 SET @saved_cs_client     = @@character_set_client */;
/*!50503 SET character_set_client = utf8mb4 */;
CREATE TABLE `maintenance_plans` (
  `id` int NOT NULL AUTO_INCREMENT,
  `plan_code` varchar(50) COLLATE utf8mb4_unicode_ci NOT NULL,
  `project_id` int NOT NULL,
  `station_id` int DEFAULT NULL,
  `equipment_name` varchar(100) COLLATE utf8mb4_unicode_ci NOT NULL,
  `equipment_code` varchar(50) COLLATE utf8mb4_unicode_ci DEFAULT NULL,
  `cycle_type` enum('daily','weekly','monthly','quarterly','yearly','custom') COLLATE utf8mb4_unicode_ci NOT NULL,
  `cycle_value` int DEFAULT '1' COMMENT '周期值',
  `maintenance_content` text COLLATE utf8mb4_unicode_ci,
  `assigned_user_id` int DEFAULT NULL,
  `assigned_user_name` varchar(50) COLLATE utf8mb4_unicode_ci DEFAULT NULL,
  `start_date` date DEFAULT NULL,
  `last_maintenance_date` date DEFAULT NULL,
  `next_maintenance_date` date DEFAULT NULL,
  `status` enum('active','inactive') COLLATE utf8mb4_unicode_ci DEFAULT 'active',
  `created_by` int DEFAULT NULL,
  `created_at` datetime NOT NULL,
  `updated_at` datetime NOT NULL,
  PRIMARY KEY (`id`),
  UNIQUE KEY `plan_code` (`plan_code`),
  KEY `station_id` (`station_id`),
  KEY `maintenance_plans_project_id` (`project_id`),
  KEY `maintenance_plans_next_maintenance_date` (`next_maintenance_date`),
  CONSTRAINT `maintenance_plans_ibfk_1` FOREIGN KEY (`station_id`) REFERENCES `stations` (`id`) ON UPDATE CASCADE
) ENGINE=InnoDB DEFAULT CHARSET=utf8mb4 COLLATE=utf8mb4_unicode_ci;
/*!40101 SET character_set_client = @saved_cs_client */;

--
-- Dumping data for table `maintenance_plans`
--

LOCK TABLES `maintenance_plans` WRITE;
/*!40000 ALTER TABLE `maintenance_plans` DISABLE KEYS */;
/*!40000 ALTER TABLE `maintenance_plans` ENABLE KEYS */;
UNLOCK TABLES;

--
-- Table structure for table `maintenance_position_plans`
--

DROP TABLE IF EXISTS `maintenance_position_plans`;
/*!40101 SET @saved_cs_client     = @@character_set_client */;
/*!50503 SET character_set_client = utf8mb4 */;
CREATE TABLE `maintenance_position_plans` (
  `id` int NOT NULL AUTO_INCREMENT,
  `station_id` int NOT NULL COMMENT '场站ID',
  `position_name` varchar(50) COLLATE utf8mb4_unicode_ci NOT NULL COMMENT '岗位名称',
  `plan_id` int NOT NULL COMMENT '保养计划库ID',
  `created_at` datetime NOT NULL,
  `updated_at` datetime NOT NULL,
  PRIMARY KEY (`id`),
  UNIQUE KEY `maintenance_position_plans_station_id_position_name_plan_id` (`station_id`,`position_name`,`plan_id`),
  KEY `plan_id` (`plan_id`),
  CONSTRAINT `maintenance_position_plans_ibfk_1` FOREIGN KEY (`station_id`) REFERENCES `stations` (`id`) ON UPDATE CASCADE,
  CONSTRAINT `maintenance_position_plans_ibfk_2` FOREIGN KEY (`plan_id`) REFERENCES `maintenance_plan_library` (`id`) ON UPDATE CASCADE
) ENGINE=InnoDB AUTO_INCREMENT=7 DEFAULT CHARSET=utf8mb4 COLLATE=utf8mb4_unicode_ci;
/*!40101 SET character_set_client = @saved_cs_client */;

--
-- Dumping data for table `maintenance_position_plans`
--

LOCK TABLES `maintenance_position_plans` WRITE;
/*!40000 ALTER TABLE `maintenance_position_plans` DISABLE KEYS */;
/*!40000 ALTER TABLE `maintenance_position_plans` ENABLE KEYS */;
UNLOCK TABLES;

--
-- Table structure for table `maintenance_records`
--

DROP TABLE IF EXISTS `maintenance_records`;
/*!40101 SET @saved_cs_client     = @@character_set_client */;
/*!50503 SET character_set_client = utf8mb4 */;
CREATE TABLE `maintenance_records` (
  `id` int NOT NULL AUTO_INCREMENT,
  `record_code` varchar(50) NOT NULL,
  `plan_id` int DEFAULT NULL COMMENT 'å…³è”ä¿å…»è®¡åˆ’ID',
  `project_id` int NOT NULL,
  `station_id` int DEFAULT NULL,
  `equipment_name` varchar(100) NOT NULL,
  `equipment_code` varchar(50) DEFAULT NULL,
  `maintenance_date` date NOT NULL,
  `maintainer_id` int NOT NULL,
  `maintainer_name` varchar(50) DEFAULT NULL,
  `maintenance_content` text,
  `result` enum('normal','found_issue') DEFAULT 'normal',
  `issue_description` text,
  `handling_measures` text,
  `photo_urls` text COMMENT 'JSONæ•°ç»„',
  `work_hours` decimal(4,2) DEFAULT NULL,
  `status` enum('pending','approved','rejected') DEFAULT 'pending',
  `reviewer_id` int DEFAULT NULL,
  `reviewer_name` varchar(50) DEFAULT NULL,
  `review_time` datetime DEFAULT NULL,
  `reject_reason` text,
  `created_at` datetime DEFAULT CURRENT_TIMESTAMP,
  `updated_at` datetime DEFAULT CURRENT_TIMESTAMP ON UPDATE CURRENT_TIMESTAMP,
  PRIMARY KEY (`id`),
  UNIQUE KEY `record_code` (`record_code`),
  KEY `idx_maintenance_plan` (`plan_id`),
  KEY `idx_maintenance_status` (`status`),
  KEY `maintenance_records_plan_id` (`plan_id`),
  KEY `maintenance_records_status` (`status`)
) ENGINE=InnoDB DEFAULT CHARSET=utf8mb4 COLLATE=utf8mb4_0900_ai_ci COMMENT='ä¿å…»è®°å½•è¡¨';
/*!40101 SET character_set_client = @saved_cs_client */;

--
-- Dumping data for table `maintenance_records`
--

LOCK TABLES `maintenance_records` WRITE;
/*!40000 ALTER TABLE `maintenance_records` DISABLE KEYS */;
/*!40000 ALTER TABLE `maintenance_records` ENABLE KEYS */;
UNLOCK TABLES;

--
-- Table structure for table `maintenance_work_records`
--

DROP TABLE IF EXISTS `maintenance_work_records`;
/*!40101 SET @saved_cs_client     = @@character_set_client */;
/*!50503 SET character_set_client = utf8mb4 */;
CREATE TABLE `maintenance_work_records` (
  `id` int NOT NULL AUTO_INCREMENT,
  `record_code` varchar(50) COLLATE utf8mb4_unicode_ci NOT NULL COMMENT '记录编号',
  `station_id` int NOT NULL COMMENT '场站ID',
  `plan_id` int NOT NULL COMMENT '保养计划库ID',
  `position_name` varchar(50) COLLATE utf8mb4_unicode_ci NOT NULL COMMENT '岗位名称',
  `equipment_code` varchar(50) COLLATE utf8mb4_unicode_ci NOT NULL COMMENT '设备编号',
  `equipment_name` varchar(100) COLLATE utf8mb4_unicode_ci NOT NULL COMMENT '设备名称',
  `install_location` varchar(200) COLLATE utf8mb4_unicode_ci DEFAULT NULL COMMENT '安装位置',
  `cycle_type` enum('daily','weekly','monthly','yearly') COLLATE utf8mb4_unicode_ci NOT NULL COMMENT '保养周期',
  `work_date` date NOT NULL COMMENT '工作日期',
  `executor_id` int NOT NULL COMMENT '执行人ID',
  `executor_name` varchar(50) COLLATE utf8mb4_unicode_ci NOT NULL COMMENT '执行人姓名',
  `maintenance_items` json DEFAULT NULL COMMENT '保养标准确认项[{name, specification, confirmed}]',
  `maintenance_tools` text COLLATE utf8mb4_unicode_ci COMMENT '保养工具',
  `work_hours` decimal(5,2) DEFAULT NULL COMMENT '保养时长(小时)',
  `consumables_list` json DEFAULT NULL COMMENT '耗材清单[{name, quantity, unit}]',
  `parts_list` json DEFAULT NULL COMMENT '配件清单[{name, quantity, unit}]',
  `remark` text COLLATE utf8mb4_unicode_ci COMMENT '保养备注',
  `status` enum('pending','completed','verified') COLLATE utf8mb4_unicode_ci DEFAULT 'pending' COMMENT '状态: pending-待完成, completed-已完成, verified-已验收',
  `submit_time` datetime DEFAULT NULL COMMENT '提交时间',
  `verifier_id` int DEFAULT NULL COMMENT '验收人ID',
  `verifier_name` varchar(50) COLLATE utf8mb4_unicode_ci DEFAULT NULL COMMENT '验收人姓名',
  `verify_time` datetime DEFAULT NULL COMMENT '验收时间',
  `verify_result` enum('pass','fail') COLLATE utf8mb4_unicode_ci DEFAULT NULL COMMENT '验收结果',
  `verify_remark` text COLLATE utf8mb4_unicode_ci COMMENT '验收备注',
  `is_overdue` tinyint(1) DEFAULT '0' COMMENT '是否延期',
  `planned_date` date DEFAULT NULL COMMENT '计划完成日期',
  `last_reminder_time` datetime DEFAULT NULL COMMENT '最后提醒时间',
  `created_at` datetime NOT NULL,
  `updated_at` datetime NOT NULL,
  PRIMARY KEY (`id`),
  UNIQUE KEY `uk_mwr_plan_exec_date_cycle` (`plan_id`,`executor_id`,`work_date`,`cycle_type`),
  KEY `station_id` (`station_id`),
  KEY `executor_id` (`executor_id`),
  CONSTRAINT `maintenance_work_records_ibfk_1` FOREIGN KEY (`station_id`) REFERENCES `stations` (`id`) ON UPDATE CASCADE,
  CONSTRAINT `maintenance_work_records_ibfk_2` FOREIGN KEY (`plan_id`) REFERENCES `maintenance_plan_library` (`id`) ON UPDATE CASCADE,
  CONSTRAINT `maintenance_work_records_ibfk_3` FOREIGN KEY (`executor_id`) REFERENCES `users` (`id`) ON UPDATE CASCADE
) ENGINE=InnoDB AUTO_INCREMENT=7 DEFAULT CHARSET=utf8mb4 COLLATE=utf8mb4_unicode_ci;
/*!40101 SET character_set_client = @saved_cs_client */;

--
-- Dumping data for table `maintenance_work_records`
--

LOCK TABLES `maintenance_work_records` WRITE;
/*!40000 ALTER TABLE `maintenance_work_records` DISABLE KEYS */;
INSERT INTO `maintenance_work_records` VALUES (1,'MWR20260110155141TTJA',2,1,'分析','BJ001','aaa','AAA','daily','2026-01-10',3,'Test operator','[{\"name\": \"1\", \"qualified\": \"yes\", \"specification\": \"111\"}, {\"name\": \"2\", \"qualified\": \"yes\", \"specification\": \"222\"}]','反对和干部',3.00,'[{\"name\": \"二十个\", \"spec\": \"gres\", \"model\": \" 过热三个\", \"quantity\": 0}]','[{\"name\": \"Segway\", \"spec\": \"过热三个\", \"model\": \"过热三个\", \"reason\": \"\", \"quantity\": 0}]','','completed','2026-01-10 23:51:41',NULL,NULL,NULL,NULL,NULL,0,NULL,NULL,'2026-01-10 23:51:41','2026-01-10 23:51:41'),(2,'MWR20260110155152X7BY',2,1,'分析','BJ001','aaa','AAA','monthly','2026-01-10',3,'Test operator','[{\"name\": \"5\", \"qualified\": \"yes\", \"specification\": \"555\"}]','',0.00,'[]','[]','','completed','2026-01-10 23:51:52',NULL,NULL,NULL,NULL,NULL,0,NULL,NULL,'2026-01-10 23:51:52','2026-01-10 23:51:52'),(3,'MWR20260114111018K711',17,6,'站长','SJQ-005','ICP-MS','厂区3','daily','2026-01-14',12,'李四','[{\"name\": \"皮带检查\", \"qualified\": \"yes\", \"specification\": \"检查皮带张紧度及磨损情况\"}]','d',0.00,'[]','[]','','completed','2026-01-14 11:10:18',NULL,NULL,NULL,NULL,NULL,0,NULL,NULL,'2026-01-14 11:10:18','2026-01-14 11:10:18'),(4,'MWR20260114113430A2DA',17,2,'采购','SJQ-001','固液分离机','厂区1','daily','2026-01-14',13,'王五','[{\"name\": \"日常巡检\", \"qualified\": \"yes\", \"specification\": \"检查设备运行状态是否正常\"}]','',0.00,'[]','[]','','completed','2026-01-14 11:34:30',NULL,NULL,NULL,NULL,NULL,0,NULL,NULL,'2026-01-14 11:34:30','2026-01-14 11:34:30'),(5,'MWR202601141134369YXU',17,3,'采购','SJQ-002','风力筛分机','厂区2','daily','2026-01-14',13,'王五','[{\"name\": \"皮带检查\", \"qualified\": \"yes\", \"specification\": \"检查皮带张紧度及磨损情况\"}]','',0.00,'[]','[]','','completed','2026-01-14 11:34:36',NULL,NULL,NULL,NULL,NULL,0,NULL,NULL,'2026-01-14 11:34:36','2026-01-14 11:34:36'),(6,'MWR2026011411360629S5',17,6,'站长','SJQ-005','ICP-MS','厂区3','monthly','2026-01-14',12,'李四','[{\"name\": \"更换滤芯\", \"qualified\": \"yes\", \"specification\": \"更换液压油滤芯\"}, {\"name\": \"清洗保养\", \"qualified\": \"yes\", \"specification\": \"清洗设备表面及内部\"}, {\"name\": \"电气检查\", \"qualified\": \"yes\", \"specification\": \"检查电气线路及接线端子\"}]','',0.00,'[]','[]','','completed','2026-01-14 11:36:06',NULL,NULL,NULL,NULL,NULL,0,NULL,NULL,'2026-01-14 11:36:06','2026-01-14 11:36:06');
/*!40000 ALTER TABLE `maintenance_work_records` ENABLE KEYS */;
UNLOCK TABLES;

--
-- Table structure for table `material_requisitions`
--

DROP TABLE IF EXISTS `material_requisitions`;
/*!40101 SET @saved_cs_client     = @@character_set_client */;
/*!50503 SET character_set_client = utf8mb4 */;
CREATE TABLE `material_requisitions` (
  `id` int NOT NULL AUTO_INCREMENT,
  `requisition_code` varchar(50) NOT NULL,
  `repair_record_id` int DEFAULT NULL COMMENT 'å…³è”ç»´ä¿®è®°å½•ID',
  `applicant_id` int NOT NULL,
  `applicant_name` varchar(50) DEFAULT NULL,
  `material_list` json NOT NULL COMMENT 'ç‰©æ–™æ¸…å• [{name,spec,quantity,unit_price}]',
  `total_amount` decimal(10,2) DEFAULT NULL,
  `status` enum('pending','approved','rejected') DEFAULT 'pending',
  `approver_id` int DEFAULT NULL,
  `approver_name` varchar(50) DEFAULT NULL,
  `approve_time` datetime DEFAULT NULL,
  `reject_reason` text,
  `project_id` int NOT NULL,
  `station_id` int DEFAULT NULL,
  `created_at` datetime DEFAULT CURRENT_TIMESTAMP,
  `updated_at` datetime DEFAULT CURRENT_TIMESTAMP ON UPDATE CURRENT_TIMESTAMP,
  PRIMARY KEY (`id`),
  UNIQUE KEY `requisition_code` (`requisition_code`),
  KEY `idx_requisition_status` (`status`),
  KEY `idx_requisition_applicant` (`applicant_id`),
  KEY `material_requisitions_status` (`status`),
  KEY `material_requisitions_applicant_id` (`applicant_id`)
) ENGINE=InnoDB DEFAULT CHARSET=utf8mb4 COLLATE=utf8mb4_0900_ai_ci COMMENT='é¢†æ–™ç”³è¯·è¡¨';
/*!40101 SET character_set_client = @saved_cs_client */;

--
-- Dumping data for table `material_requisitions`
--

LOCK TABLES `material_requisitions` WRITE;
/*!40000 ALTER TABLE `material_requisitions` DISABLE KEYS */;
/*!40000 ALTER TABLE `material_requisitions` ENABLE KEYS */;
UNLOCK TABLES;

--
-- Table structure for table `mqtt_messages`
--

DROP TABLE IF EXISTS `mqtt_messages`;
/*!40101 SET @saved_cs_client     = @@character_set_client */;
/*!50503 SET character_set_client = utf8mb4 */;
CREATE TABLE `mqtt_messages` (
  `id` int NOT NULL AUTO_INCREMENT,
  `topic` varchar(200) NOT NULL,
  `message_code` varchar(20) DEFAULT NULL,
  `msg_id` varchar(50) DEFAULT NULL,
  `gateway_sn` varchar(50) DEFAULT NULL,
  `event_time` bigint DEFAULT NULL,
  `payload_json` json DEFAULT NULL,
  `data_value` json DEFAULT NULL,
  `payload_text` text,
  `qos` tinyint DEFAULT NULL,
  `retain` tinyint DEFAULT '0',
  `received_at` datetime DEFAULT CURRENT_TIMESTAMP,
  PRIMARY KEY (`id`),
  KEY `idx_mqtt_messages_topic` (`topic`),
  KEY `idx_mqtt_messages_gateway_sn` (`gateway_sn`),
  KEY `idx_mqtt_messages_received_at` (`received_at`),
  KEY `idx_mqtt_messages_event_time` (`event_time`),
  KEY `mqtt_messages_topic` (`topic`),
  KEY `mqtt_messages_gateway_sn` (`gateway_sn`),
  KEY `mqtt_messages_received_at` (`received_at`),
  KEY `mqtt_messages_event_time` (`event_time`)
) ENGINE=InnoDB DEFAULT CHARSET=utf8mb4 COLLATE=utf8mb4_0900_ai_ci COMMENT='MQTT message storage';
/*!40101 SET character_set_client = @saved_cs_client */;

--
-- Dumping data for table `mqtt_messages`
--

LOCK TABLES `mqtt_messages` WRITE;
/*!40000 ALTER TABLE `mqtt_messages` DISABLE KEYS */;
/*!40000 ALTER TABLE `mqtt_messages` ENABLE KEYS */;
UNLOCK TABLES;

--
-- Table structure for table `mqtt_metrics`
--

DROP TABLE IF EXISTS `mqtt_metrics`;
/*!40101 SET @saved_cs_client     = @@character_set_client */;
/*!50503 SET character_set_client = utf8mb4 */;
CREATE TABLE `mqtt_metrics` (
  `id` int NOT NULL AUTO_INCREMENT,
  `variable_name` varchar(100) NOT NULL,
  `display_name` varchar(100) NOT NULL,
  `metric_type` varchar(50) NOT NULL,
  `unit` varchar(50) DEFAULT NULL,
  `is_enabled` tinyint DEFAULT '1',
  `created_at` datetime DEFAULT CURRENT_TIMESTAMP,
  `updated_at` datetime DEFAULT CURRENT_TIMESTAMP ON UPDATE CURRENT_TIMESTAMP,
  PRIMARY KEY (`id`),
  KEY `idx_mqtt_metrics_variable_name` (`variable_name`),
  KEY `idx_mqtt_metrics_metric_type` (`metric_type`),
  KEY `idx_mqtt_metrics_is_enabled` (`is_enabled`),
  KEY `mqtt_metrics_variable_name` (`variable_name`),
  KEY `mqtt_metrics_metric_type` (`metric_type`),
  KEY `mqtt_metrics_is_enabled` (`is_enabled`)
) ENGINE=InnoDB DEFAULT CHARSET=utf8mb4 COLLATE=utf8mb4_0900_ai_ci COMMENT='MQTT metric definitions';
/*!40101 SET character_set_client = @saved_cs_client */;

--
-- Dumping data for table `mqtt_metrics`
--

LOCK TABLES `mqtt_metrics` WRITE;
/*!40000 ALTER TABLE `mqtt_metrics` DISABLE KEYS */;
/*!40000 ALTER TABLE `mqtt_metrics` ENABLE KEYS */;
UNLOCK TABLES;

--
-- Table structure for table `notifications`
--

DROP TABLE IF EXISTS `notifications`;
/*!40101 SET @saved_cs_client     = @@character_set_client */;
/*!50503 SET character_set_client = utf8mb4 */;
CREATE TABLE `notifications` (
  `id` int NOT NULL AUTO_INCREMENT,
  `notify_type` enum('inspection_overdue','task_pending','approval_request','system') NOT NULL DEFAULT 'system' COMMENT 'ç±»åž‹',
  `title` varchar(200) NOT NULL COMMENT 'æ ‡é¢˜',
  `content` text COMMENT 'å†…å®¹',
  `receiver_id` int DEFAULT NULL COMMENT 'æŽ¥æ”¶ç”¨æˆ·ID',
  `receiver_name` varchar(50) DEFAULT NULL COMMENT 'æŽ¥æ”¶äºº',
  `is_read` tinyint DEFAULT '0' COMMENT 'æ˜¯å¦å·²è¯»',
  `related_id` int DEFAULT NULL COMMENT 'å…³è”ä¸šåŠ¡ID',
  `related_type` varchar(50) DEFAULT NULL COMMENT 'å…³è”ä¸šåŠ¡ç±»åž‹',
  `created_at` datetime DEFAULT CURRENT_TIMESTAMP,
  `updated_at` datetime DEFAULT CURRENT_TIMESTAMP ON UPDATE CURRENT_TIMESTAMP,
  PRIMARY KEY (`id`),
  KEY `notifications_receiver_id` (`receiver_id`),
  KEY `notifications_is_read` (`is_read`),
  KEY `notifications_notify_type` (`notify_type`),
  CONSTRAINT `notifications_ibfk_1` FOREIGN KEY (`receiver_id`) REFERENCES `users` (`id`)
) ENGINE=InnoDB AUTO_INCREMENT=20 DEFAULT CHARSET=utf8mb4 COLLATE=utf8mb4_0900_ai_ci COMMENT='é€šçŸ¥è¡¨';
/*!40101 SET character_set_client = @saved_cs_client */;

--
-- Dumping data for table `notifications`
--

LOCK TABLES `notifications` WRITE;
/*!40000 ALTER TABLE `notifications` DISABLE KEYS */;
INSERT INTO `notifications` VALUES (1,'system','临时任务提醒','任务名称：gdsaf\n指派人：Test station_manager',3,'Test operator',0,1,'temporary_task','2026-01-10 23:48:37','2026-01-10 23:48:37'),(2,'system','设备故障提醒','维修单号：RR202601101549329J35\n设备名称：fagertg',5,'Test station_manager',0,1,'repair_record','2026-01-10 23:49:32','2026-01-10 23:49:32'),(3,'system','设备故障派单提醒','维修单号：RR202601101549329J35\n设备名称：fagertg',4,'Test maintenance',0,1,'repair_record','2026-01-10 23:49:46','2026-01-10 23:49:46'),(4,'system','设备故障派单提醒','维修单号：RR202601101549329J35\n设备名称：fagertg',5,'Test station_manager',0,1,'repair_record','2026-01-10 23:49:46','2026-01-10 23:49:46'),(5,'system','设备故障提醒','维修单号：RR20260110155521ZX60\n设备名称：gergs',3,'Test operator',0,2,'repair_record','2026-01-10 23:55:21','2026-01-10 23:55:21'),(6,'system','设备故障提醒','维修单号：RR20260114125953Q7JH\n设备名称：磁性筛分机',13,'王五',0,3,'repair_record','2026-01-14 12:59:53','2026-01-14 12:59:53'),(7,'system','设备故障提醒','维修单号：RR202601141300031Q50\n设备名称：微波消解仪',13,'王五',0,4,'repair_record','2026-01-14 13:00:03','2026-01-14 13:00:03'),(8,'system','设备故障提醒','维修单号：RR20260114130012OFHQ\n设备名称：固液分离机',13,'王五',0,5,'repair_record','2026-01-14 13:00:12','2026-01-14 13:00:12'),(9,'system','设备故障提醒','维修单号：RR20260114130025WDTC\n设备名称：风力筛分机',13,'王五',0,6,'repair_record','2026-01-14 13:00:25','2026-01-14 13:00:25'),(10,'system','设备故障派单提醒','维修单号：RR20260114130012OFHQ\n设备名称：固液分离机',4,'维修1',0,5,'repair_record','2026-01-14 13:01:25','2026-01-14 13:01:25'),(11,'system','设备故障派单提醒','维修单号：RR20260114130012OFHQ\n设备名称：固液分离机',12,'李四',1,5,'repair_record','2026-01-14 13:01:25','2026-01-14 13:01:51'),(12,'system','设备故障派单提醒','维修单号：RR202601141300031Q50\n设备名称：微波消解仪',4,'维修1',0,4,'repair_record','2026-01-14 13:02:08','2026-01-14 13:02:08'),(13,'system','设备故障派单提醒','维修单号：RR202601141300031Q50\n设备名称：微波消解仪',12,'李四',1,4,'repair_record','2026-01-14 13:02:08','2026-01-15 11:40:34'),(14,'system','设备故障派单提醒','维修单号：RR20260114125953Q7JH\n设备名称：磁性筛分机',4,'维修1',0,3,'repair_record','2026-01-14 13:04:05','2026-01-14 13:04:05'),(15,'system','设备故障派单提醒','维修单号：RR20260114125953Q7JH\n设备名称：磁性筛分机',12,'李四',1,3,'repair_record','2026-01-14 13:04:05','2026-01-15 11:40:31'),(16,'system','帮助与反馈','来自：部门副经理1\n类型：bug\n内容：1111\n联系方式：无\n图片：无',1,'系统管理员',1,NULL,'feedback','2026-01-17 15:39:21','2026-01-17 15:54:42'),(17,'system','帮助与反馈','来自：部门副经理1\n类型：bug\n内容：1111\n联系方式：无\n图片：无',16,'SU',1,NULL,'feedback','2026-01-17 15:39:21','2026-01-17 20:59:06'),(18,'system','帮助与反馈','来自：部门副经理1\n类型：bug\n内容：1111\n联系方式：无\n图片：无',19,'吴霞',0,NULL,'feedback','2026-01-17 15:39:21','2026-01-17 15:39:21'),(19,'system','临时任务提醒','任务名称：电控箱制作与监控安装\n指派人：艾成礼',43,'测试-站长1',1,2,'temporary_task','2026-01-22 19:48:59','2026-01-22 19:49:22');
/*!40000 ALTER TABLE `notifications` ENABLE KEYS */;
UNLOCK TABLES;

--
-- Table structure for table `operation_logs`
--

DROP TABLE IF EXISTS `operation_logs`;
/*!40101 SET @saved_cs_client     = @@character_set_client */;
/*!50503 SET character_set_client = utf8mb4 */;
CREATE TABLE `operation_logs` (
  `id` int NOT NULL AUTO_INCREMENT,
  `user_id` int DEFAULT NULL,
  `user_name` varchar(50) COLLATE utf8mb4_unicode_ci DEFAULT NULL,
  `operation_type` varchar(50) COLLATE utf8mb4_unicode_ci DEFAULT NULL COMMENT '操作类型',
  `operation_module` varchar(50) COLLATE utf8mb4_unicode_ci DEFAULT NULL COMMENT '操作模块',
  `operation_detail` text COLLATE utf8mb4_unicode_ci COMMENT '操作详情',
  `ip_address` varchar(50) COLLATE utf8mb4_unicode_ci DEFAULT NULL,
  `user_agent` varchar(500) COLLATE utf8mb4_unicode_ci DEFAULT NULL,
  `created_at` datetime NOT NULL,
  PRIMARY KEY (`id`),
  KEY `operation_logs_user_id` (`user_id`),
  KEY `operation_logs_operation_type` (`operation_type`),
  KEY `operation_logs_created_at` (`created_at`),
  CONSTRAINT `operation_logs_ibfk_1` FOREIGN KEY (`user_id`) REFERENCES `users` (`id`) ON UPDATE CASCADE
) ENGINE=InnoDB DEFAULT CHARSET=utf8mb4 COLLATE=utf8mb4_unicode_ci;
/*!40101 SET character_set_client = @saved_cs_client */;

--
-- Dumping data for table `operation_logs`
--

LOCK TABLES `operation_logs` WRITE;
/*!40000 ALTER TABLE `operation_logs` DISABLE KEYS */;
/*!40000 ALTER TABLE `operation_logs` ENABLE KEYS */;
UNLOCK TABLES;

--
-- Table structure for table `permissions`
--

DROP TABLE IF EXISTS `permissions`;
/*!40101 SET @saved_cs_client     = @@character_set_client */;
/*!50503 SET character_set_client = utf8mb4 */;
CREATE TABLE `permissions` (
  `id` int NOT NULL AUTO_INCREMENT,
  `permission_code` varchar(100) NOT NULL COMMENT 'æƒé™ç¼–ç ',
  `permission_name` varchar(100) NOT NULL COMMENT 'æƒé™åç§°',
  `resource_type` enum('menu','button','api','module') NOT NULL DEFAULT 'api',
  `parent_id` int DEFAULT '0' COMMENT 'çˆ¶çº§æƒé™ID',
  `created_at` datetime DEFAULT CURRENT_TIMESTAMP,
  PRIMARY KEY (`id`),
  UNIQUE KEY `permission_code` (`permission_code`)
) ENGINE=InnoDB AUTO_INCREMENT=158 DEFAULT CHARSET=utf8mb4 COLLATE=utf8mb4_0900_ai_ci COMMENT='æƒé™è¡¨';
/*!40101 SET character_set_client = @saved_cs_client */;

--
-- Dumping data for table `permissions`
--

LOCK TABLES `permissions` WRITE;
/*!40000 ALTER TABLE `permissions` DISABLE KEYS */;
INSERT INTO `permissions` VALUES (1,'menu:/home','首页','menu',0,'2026-01-10 21:25:07'),(2,'menu:/notifications','消息通知','menu',0,'2026-01-10 21:25:07'),(3,'menu:/user-management','用户管理','menu',0,'2026-01-10 21:25:07'),(4,'menu:/organization-management','组织架构','menu',0,'2026-01-10 21:25:07'),(5,'menu:/mqtt-messages','MQTT数据','menu',0,'2026-01-10 21:25:07'),(6,'menu:/mqtt-metrics','指标清单','menu',0,'2026-01-10 21:25:07'),(7,'menu:/schedule','排班表','menu',0,'2026-01-10 21:25:07'),(8,'menu:/safety','安全检查','menu',0,'2026-01-10 21:25:07'),(9,'menu:/safety-self-inspection','安全自检','menu',8,'2026-01-10 21:25:07'),(10,'menu:/safety-other-inspection','安全他检','menu',8,'2026-01-10 21:25:07'),(11,'menu:/safety-check-management','检查项目管理','menu',8,'2026-01-10 21:25:07'),(12,'menu:/safety-rectification','安全隐患','menu',0,'2026-01-10 21:25:07'),(13,'menu:/hygiene','卫生检查','menu',0,'2026-01-10 21:25:07'),(14,'menu:/hygiene-self-inspection','卫生自检','menu',13,'2026-01-10 21:25:07'),(15,'menu:/hygiene-other-inspection','卫生他检','menu',13,'2026-01-10 21:25:07'),(16,'menu:/position-work','岗位工作','menu',0,'2026-01-10 21:25:07'),(17,'menu:/temporary-tasks','临时工作','menu',0,'2026-01-10 21:25:07'),(18,'menu:/maintenance-task','保养任务','menu',0,'2026-01-10 21:25:08'),(19,'menu:/maintenance-record','保养记录','menu',0,'2026-01-10 21:25:08'),(20,'menu:/device-faults','设备故障','menu',0,'2026-01-10 21:25:08'),(21,'menu:/reports','数据报表','menu',0,'2026-01-10 21:25:08'),(22,'menu:/price-management','单价管理','menu',0,'2026-01-10 21:25:08'),(23,'menu:/change-password','修改密码','menu',0,'2026-01-10 21:25:08'),(24,'menu:/help-feedback','帮助与反馈','menu',0,'2026-01-10 21:25:08'),(25,'module:home','首页','api',0,'2026-01-10 21:25:08'),(26,'module:notifications','消息通知','module',0,'2026-01-10 21:25:08'),(27,'module:user-management','用户管理','api',0,'2026-01-10 21:25:08'),(28,'module:organization-management','组织架构','api',0,'2026-01-10 21:25:08'),(29,'module:mqtt-messages','MQTT数据','api',0,'2026-01-10 21:25:08'),(30,'module:mqtt-metrics','指标清单','api',0,'2026-01-10 21:25:08'),(31,'module:schedule','排班表','module',0,'2026-01-10 21:25:08'),(32,'module:safety-self-inspection','安全自检','module',0,'2026-01-10 21:25:08'),(33,'module:safety-other-inspection','安全他检','module',0,'2026-01-10 21:25:08'),(34,'module:safety-check-management','检查项目管理','module',0,'2026-01-10 21:25:08'),(35,'module:safety-rectification','安全隐患','module',0,'2026-01-10 21:25:08'),(36,'module:hygiene-self-inspection','卫生自检','module',0,'2026-01-10 21:25:08'),(37,'module:hygiene-other-inspection','卫生他检','module',0,'2026-01-10 21:25:08'),(38,'module:position-work','岗位工作','module',0,'2026-01-10 21:25:08'),(39,'module:temporary-tasks','临时工作','module',0,'2026-01-10 21:25:08'),(40,'module:maintenance-task','设备保养','api',0,'2026-01-10 21:25:08'),(41,'module:maintenance-record','保养记录','api',0,'2026-01-10 21:25:08'),(42,'module:device-faults','设备故障','module',0,'2026-01-10 21:25:08'),(43,'module:reports','数据报表','module',0,'2026-01-10 21:25:08'),(44,'module:price-management','单价管理','module',0,'2026-01-10 21:25:08'),(45,'module:change-password','修改密码','api',0,'2026-01-10 21:25:08'),(46,'module:help-feedback','帮助与反馈','module',0,'2026-01-10 21:25:08'),(47,'menu:/plc-records','PLC记录','menu',0,'2026-01-17 15:39:36'),(48,'menu:/equipment-maintenance','设备保养','menu',0,'2026-01-17 15:39:36'),(49,'module:plc-records','PLC记录','module',0,'2026-01-17 15:39:36'),(50,'module:equipment-maintenance','设备保养','module',0,'2026-01-17 15:39:36'),(51,'module:organization','组织架构管理','module',0,'2026-01-18 13:04:51'),(52,'module:organization:station:view','场站管理-查看','module',51,'2026-01-18 13:04:51'),(53,'module:organization:station:edit','场站管理-编辑','module',51,'2026-01-18 13:04:51'),(54,'module:organization:department:view','部门管理-查看','module',51,'2026-01-18 13:04:51'),(55,'module:organization:department:edit','部门管理-编辑','module',51,'2026-01-18 13:04:51'),(56,'module:organization:company:view','公司管理-查看','module',51,'2026-01-18 13:04:51'),(57,'module:organization:company:edit','公司管理-编辑','module',51,'2026-01-18 13:04:51'),(58,'module:organization:role:view','角色管理-查看','module',51,'2026-01-18 13:04:51'),(59,'module:organization:role:edit','角色管理-编辑','module',51,'2026-01-18 13:04:51'),(60,'module:user','用户管理','module',0,'2026-01-18 13:04:51'),(61,'module:user:view','用户管理-查看','module',60,'2026-01-18 13:04:51'),(62,'module:user:edit','用户管理-编辑','module',60,'2026-01-18 13:04:51'),(63,'module:schedule:view','排班表-查看','module',31,'2026-01-18 13:04:51'),(64,'module:schedule:edit','排班表-编辑','module',31,'2026-01-18 13:04:51'),(65,'module:safety-self-inspection:view','安全自检-查看','module',32,'2026-01-18 13:04:51'),(66,'module:safety-self-inspection:edit','安全自检-编辑','module',32,'2026-01-18 13:04:51'),(67,'module:safety-other-inspection:view','安全他检-查看','module',33,'2026-01-18 13:04:51'),(68,'module:safety-other-inspection:edit','安全他检-编辑','module',33,'2026-01-18 13:04:51'),(69,'module:safety-check-management:view','检查项目-查看','module',34,'2026-01-18 13:04:51'),(70,'module:safety-check-management:edit','检查项目-编辑','module',34,'2026-01-18 13:04:51'),(71,'module:safety-rectification:view','安全隐患-查看','module',35,'2026-01-18 13:04:51'),(72,'module:safety-rectification:edit','安全隐患-编辑','module',35,'2026-01-18 13:04:51'),(73,'module:hygiene-self-inspection:view','卫生自检-查看','module',36,'2026-01-18 13:04:51'),(74,'module:hygiene-self-inspection:edit','卫生自检-编辑','module',36,'2026-01-18 13:04:51'),(75,'module:hygiene-other-inspection:view','卫生他检-查看','module',37,'2026-01-18 13:04:51'),(76,'module:hygiene-other-inspection:edit','卫生他检-编辑','module',37,'2026-01-18 13:04:52'),(77,'module:position-work:view','岗位工作-查看','module',38,'2026-01-18 13:04:52'),(78,'module:position-work:edit','岗位工作-编辑','module',38,'2026-01-18 13:04:52'),(79,'module:temporary-tasks:view','临时工作-查看','module',39,'2026-01-18 13:04:52'),(80,'module:temporary-tasks:edit','临时工作-编辑','module',39,'2026-01-18 13:04:52'),(81,'module:equipment-maintenance:view','设备保养-查看','module',50,'2026-01-18 13:04:52'),(82,'module:equipment-maintenance:edit','设备保养-编辑','module',50,'2026-01-18 13:04:52'),(83,'module:device-faults:view','设备故障-查看','module',42,'2026-01-18 13:04:52'),(84,'module:device-faults:edit','设备故障-编辑','module',42,'2026-01-18 13:04:52'),(85,'module:plc-records:view','PLC记录-查看','module',49,'2026-01-18 13:04:52'),(86,'module:plc-records:edit','PLC记录-编辑','module',49,'2026-01-18 13:04:52'),(87,'module:reports:view','数据报表-查看','module',43,'2026-01-18 13:04:52'),(88,'module:reports:edit','数据报表-编辑','module',43,'2026-01-18 13:04:52'),(89,'module:price-management:view','单价管理-查看','module',44,'2026-01-18 13:04:52'),(90,'module:price-management:edit','单价管理-编辑','module',44,'2026-01-18 13:04:52'),(91,'module:notifications:view','消息通知-查看','module',26,'2026-01-18 13:04:52'),(92,'module:notifications:edit','消息通知-编辑','module',26,'2026-01-18 13:04:52'),(93,'module:help-feedback:view','帮助反馈-查看','module',46,'2026-01-18 13:04:52'),(94,'module:help-feedback:edit','帮助反馈-编辑','module',46,'2026-01-18 13:04:52'),(96,'module:safety-self-inspection:my:view','我的安全自检-查看','module',32,'2026-01-18 16:37:19'),(97,'module:safety-self-inspection:my:edit','我的安全自检-编辑','module',32,'2026-01-18 16:37:19'),(98,'module:safety-self-inspection:staff:view','人员安全自检-查看','module',32,'2026-01-18 16:37:19'),(99,'module:safety-self-inspection:staff:edit','人员安全自检-编辑','module',32,'2026-01-18 16:37:19'),(100,'module:hygiene-self-inspection:my:view','我的卫生自检-查看','module',36,'2026-01-18 16:37:19'),(101,'module:hygiene-self-inspection:my:edit','我的卫生自检-编辑','module',36,'2026-01-18 16:37:19'),(102,'module:hygiene-self-inspection:staff:view','人员卫生自检-查看','module',36,'2026-01-18 16:37:19'),(103,'module:hygiene-self-inspection:staff:edit','人员卫生自检-编辑','module',36,'2026-01-18 16:37:19'),(104,'module:hygiene-other-inspection:inspection:view','卫生他检记录-查看','module',37,'2026-01-18 16:37:19'),(105,'module:hygiene-other-inspection:inspection:edit','卫生他检记录-编辑','module',37,'2026-01-18 16:37:19'),(106,'module:hygiene-other-inspection:management-areas:view','卫生区域划分-查看','module',37,'2026-01-18 16:37:19'),(107,'module:hygiene-other-inspection:management-areas:edit','卫生区域划分-编辑','module',37,'2026-01-18 16:37:19'),(108,'module:hygiene-other-inspection:management-assignments:view','卫生任务分配-查看','module',37,'2026-01-18 16:37:19'),(109,'module:hygiene-other-inspection:management-assignments:edit','卫生任务分配-编辑','module',37,'2026-01-18 16:37:19'),(110,'module:position-work:my-work:view','岗位现场工作-查看','module',38,'2026-01-18 16:37:19'),(111,'module:position-work:my-work:edit','岗位现场工作-编辑','module',38,'2026-01-18 16:37:19'),(112,'module:position-work:management:view','人员岗位管理-查看','module',38,'2026-01-18 16:37:19'),(113,'module:position-work:management:edit','人员岗位管理-编辑','module',38,'2026-01-18 16:37:19'),(114,'module:temporary-tasks:tasks:view','临时工作列表-查看','module',39,'2026-01-18 16:37:19'),(115,'module:temporary-tasks:tasks:edit','临时工作列表-编辑','module',39,'2026-01-18 16:37:19'),(116,'module:temporary-tasks:library:view','临时工作任务库-查看','module',39,'2026-01-18 16:37:19'),(117,'module:temporary-tasks:library:edit','临时工作任务库-编辑','module',39,'2026-01-18 16:37:19'),(118,'module:equipment-maintenance:assignment:view','设备保养工作分配-查看','module',50,'2026-01-18 16:37:19'),(119,'module:equipment-maintenance:assignment:edit','设备保养工作分配-编辑','module',50,'2026-01-18 16:37:19'),(120,'module:equipment-maintenance:plan:view','保养计划-查看','module',50,'2026-01-18 16:37:19'),(121,'module:equipment-maintenance:plan:edit','保养计划-编辑','module',50,'2026-01-18 16:37:19'),(122,'module:equipment-maintenance:position:view','保养计划岗位分配-查看','module',50,'2026-01-18 16:37:19'),(123,'module:equipment-maintenance:position:edit','保养计划岗位分配-编辑','module',50,'2026-01-18 16:37:19'),(124,'module:equipment-maintenance:records:view','保养工作记录-查看','module',50,'2026-01-18 16:37:19'),(125,'module:equipment-maintenance:records:edit','保养工作记录-编辑','module',50,'2026-01-18 16:37:19'),(126,'module:equipment-maintenance:work:view','保养工作-查看','module',50,'2026-01-18 16:37:19'),(127,'module:equipment-maintenance:work:edit','保养工作-编辑','module',50,'2026-01-18 16:37:19'),(128,'module:device-faults:faults:view','故障列表-查看','module',42,'2026-01-18 16:37:19'),(129,'module:device-faults:faults:edit','故障列表-编辑','module',42,'2026-01-18 16:37:19'),(130,'module:device-faults:equipment:view','设备管理-查看','module',42,'2026-01-18 16:37:19'),(131,'module:device-faults:equipment:edit','设备管理-编辑','module',42,'2026-01-18 16:37:19'),(132,'module:fault-report','故障上报','module',0,'2026-01-18 16:37:19'),(133,'module:fault-report:report:view','故障上报-查看','module',132,'2026-01-18 16:37:19'),(134,'module:fault-report:report:edit','故障上报-编辑','module',132,'2026-01-18 16:37:19'),(135,'module:fault-report:equipment:view','设备管理-查看','module',132,'2026-01-18 16:37:19'),(136,'module:fault-report:equipment:edit','设备管理-编辑','module',132,'2026-01-18 16:37:19'),(137,'module:repair-work','维修工单','module',0,'2026-01-18 16:37:19'),(138,'module:repair-work:pending:view','待处理-查看','module',137,'2026-01-18 16:37:19'),(139,'module:repair-work:pending:edit','待处理-编辑','module',137,'2026-01-18 16:37:19'),(140,'module:repair-work:in-progress:view','进行中-查看','module',137,'2026-01-18 16:37:19'),(141,'module:repair-work:in-progress:edit','进行中-编辑','module',137,'2026-01-18 16:37:19'),(142,'module:repair-work:completed:view','已完成-查看','module',137,'2026-01-18 16:37:19'),(143,'module:repair-work:completed:edit','已完成-编辑','module',137,'2026-01-18 16:37:19'),(144,'module:maintenance-approval','维修审批','module',0,'2026-01-18 16:37:19'),(145,'module:maintenance-approval:pending:view','待审核-查看','module',144,'2026-01-18 16:37:19'),(146,'module:maintenance-approval:pending:edit','待审核-编辑','module',144,'2026-01-18 16:37:19'),(147,'module:maintenance-approval:approved:view','已通过-查看','module',144,'2026-01-18 16:37:19'),(148,'module:maintenance-approval:approved:edit','已通过-编辑','module',144,'2026-01-18 16:37:19'),(149,'module:maintenance-approval:rejected:view','已驳回-查看','module',144,'2026-01-18 16:37:19'),(150,'module:maintenance-approval:rejected:edit','已驳回-编辑','module',144,'2026-01-18 16:37:19'),(151,'module:reports:maintenance:view','设备保养统计-查看','module',43,'2026-01-18 16:37:19'),(152,'module:reports:maintenance:edit','设备保养统计-编辑','module',43,'2026-01-18 16:37:19'),(153,'module:reports:faults:view','设备故障统计-查看','module',43,'2026-01-18 16:37:19'),(154,'module:reports:faults:edit','设备故障统计-编辑','module',43,'2026-01-18 16:37:19'),(155,'menu:/plc-data-report','PLC数据报表','menu',0,'2026-01-19 18:30:20'),(156,'menu:/plc-visual-report','PLC可视化报表','menu',0,'2026-01-19 18:30:20'),(157,'menu:/hygiene-work-arrangement','卫生工作安排','menu',13,'2026-01-20 16:54:21');
/*!40000 ALTER TABLE `permissions` ENABLE KEYS */;
UNLOCK TABLES;

--
-- Table structure for table `plc_categories`
--

DROP TABLE IF EXISTS `plc_categories`;
/*!40101 SET @saved_cs_client     = @@character_set_client */;
/*!50503 SET character_set_client = utf8mb4 */;
CREATE TABLE `plc_categories` (
  `id` int NOT NULL AUTO_INCREMENT,
  `category_key` varchar(50) COLLATE utf8mb4_unicode_ci NOT NULL COMMENT 'åˆ†ç±»æ ‡è¯†',
  `category_name` varchar(100) COLLATE utf8mb4_unicode_ci NOT NULL COMMENT 'åˆ†ç±»åç§°',
  `data_type` varchar(20) COLLATE utf8mb4_unicode_ci NOT NULL DEFAULT 'REAL' COMMENT 'æ•°æ®ç±»åž‹',
  `value_type` varchar(20) COLLATE utf8mb4_unicode_ci NOT NULL DEFAULT 'cumulative' COMMENT 'å–å€¼ç±»åž‹',
  `schedule_type` enum('interval','fixed','on_change') COLLATE utf8mb4_unicode_ci NOT NULL DEFAULT 'interval' COMMENT 'è°ƒåº¦ç±»åž‹',
  `interval_hours` int DEFAULT '1' COMMENT 'é‡‡é›†é—´éš”(å°æ—¶)',
  `interval_minutes` int DEFAULT '0',
  `fixed_time` varchar(10) COLLATE utf8mb4_unicode_ci DEFAULT NULL COMMENT 'å›ºå®šé‡‡é›†æ—¶é—´',
  `is_enabled` tinyint(1) DEFAULT '1' COMMENT 'æ˜¯å¦å¯ç”¨',
  `sort_order` int DEFAULT '0' COMMENT 'æŽ’åº',
  `created_at` timestamp NULL DEFAULT CURRENT_TIMESTAMP,
  `updated_at` timestamp NULL DEFAULT CURRENT_TIMESTAMP ON UPDATE CURRENT_TIMESTAMP,
  PRIMARY KEY (`id`),
  UNIQUE KEY `category_key` (`category_key`)
) ENGINE=InnoDB AUTO_INCREMENT=14 DEFAULT CHARSET=utf8mb4 COLLATE=utf8mb4_unicode_ci;
/*!40101 SET character_set_client = @saved_cs_client */;

--
-- Dumping data for table `plc_categories`
--

LOCK TABLES `plc_categories` WRITE;
/*!40000 ALTER TABLE `plc_categories` DISABLE KEYS */;
INSERT INTO `plc_categories` VALUES (9,'water','水表','REAL','cumulative','fixed',1,0,'17:08',1,0,'2026-01-18 05:38:22','2026-01-19 09:05:03'),(12,'temperature','温度','REAL','fluctuating','interval',1,0,NULL,1,0,'2026-01-18 08:04:02','2026-01-19 10:31:48'),(13,'ele','电表','REAL','cumulative','fixed',1,0,'17:08',1,0,'2026-01-18 08:04:18','2026-01-19 09:05:13');
/*!40000 ALTER TABLE `plc_categories` ENABLE KEYS */;
UNLOCK TABLES;

--
-- Table structure for table `plc_file_imports`
--

DROP TABLE IF EXISTS `plc_file_imports`;
/*!40101 SET @saved_cs_client     = @@character_set_client */;
/*!50503 SET character_set_client = utf8mb4 */;
CREATE TABLE `plc_file_imports` (
  `id` int NOT NULL AUTO_INCREMENT,
  `file_name` varchar(255) NOT NULL,
  `file_key` varchar(255) NOT NULL,
  `status` varchar(20) NOT NULL DEFAULT 'processed',
  `error_message` text,
  `created_at` datetime DEFAULT CURRENT_TIMESTAMP,
  `updated_at` datetime DEFAULT CURRENT_TIMESTAMP ON UPDATE CURRENT_TIMESTAMP,
  PRIMARY KEY (`id`),
  UNIQUE KEY `file_key` (`file_key`)
) ENGINE=InnoDB DEFAULT CHARSET=utf8mb4 COLLATE=utf8mb4_0900_ai_ci;
/*!40101 SET character_set_client = @saved_cs_client */;

--
-- Dumping data for table `plc_file_imports`
--

LOCK TABLES `plc_file_imports` WRITE;
/*!40000 ALTER TABLE `plc_file_imports` DISABLE KEYS */;
/*!40000 ALTER TABLE `plc_file_imports` ENABLE KEYS */;
UNLOCK TABLES;

--
-- Table structure for table `plc_monitor_configs`
--

DROP TABLE IF EXISTS `plc_monitor_configs`;
/*!40101 SET @saved_cs_client     = @@character_set_client */;
/*!50503 SET character_set_client = utf8mb4 */;
CREATE TABLE `plc_monitor_configs` (
  `id` int NOT NULL AUTO_INCREMENT,
  `name` varchar(100) COLLATE utf8mb4_unicode_ci NOT NULL COMMENT 'ç›‘æŽ§ç‚¹åç§°',
  `station_id` int DEFAULT NULL COMMENT 'åœºç«™ID',
  `plc_ip` varchar(50) COLLATE utf8mb4_unicode_ci NOT NULL COMMENT 'PLC IPåœ°å€',
  `db_number` int NOT NULL COMMENT 'DBå—å·',
  `offset_address` decimal(10,1) NOT NULL COMMENT 'åç§»åœ°å€',
  `data_type` varchar(20) COLLATE utf8mb4_unicode_ci NOT NULL DEFAULT 'REAL' COMMENT 'æ•°æ®ç±»åž‹',
  `category_id` int DEFAULT NULL COMMENT 'åˆ†ç±»ID',
  `unit` varchar(20) COLLATE utf8mb4_unicode_ci DEFAULT NULL COMMENT 'å•ä½',
  `description` varchar(255) COLLATE utf8mb4_unicode_ci DEFAULT NULL COMMENT 'æè¿°',
  `is_active` tinyint(1) DEFAULT '1' COMMENT 'æ˜¯å¦å¯ç”¨',
  `sort_order` int DEFAULT '0' COMMENT 'æŽ’åº',
  `created_at` timestamp NULL DEFAULT CURRENT_TIMESTAMP,
  `updated_at` timestamp NULL DEFAULT CURRENT_TIMESTAMP ON UPDATE CURRENT_TIMESTAMP,
  PRIMARY KEY (`id`),
  KEY `idx_station_id` (`station_id`),
  KEY `idx_category_id` (`category_id`),
  KEY `idx_plc_ip` (`plc_ip`)
) ENGINE=InnoDB AUTO_INCREMENT=42 DEFAULT CHARSET=utf8mb4 COLLATE=utf8mb4_unicode_ci;
/*!40101 SET character_set_client = @saved_cs_client */;

--
-- Dumping data for table `plc_monitor_configs`
--

LOCK TABLES `plc_monitor_configs` WRITE;
/*!40000 ALTER TABLE `plc_monitor_configs` DISABLE KEYS */;
INSERT INTO `plc_monitor_configs` VALUES (16,'测试1',15,'192.168.0.10',9,204.0,'REAL',9,'','',1,0,'2026-01-18 08:07:47','2026-01-18 08:07:47'),(18,'测试3',15,'192.168.0.10',9,208.0,'REAL',13,'','',1,0,'2026-01-18 08:47:47','2026-01-18 08:47:47'),(29,'紫竹院-温度',9,'192.168.0.74',7,32.0,'REAL',12,'','',1,0,'2026-01-19 02:45:23','2026-01-19 02:45:23'),(30,'紫竹院-电表',9,'192.168.0.74',8,98.0,'REAL',13,'','',1,0,'2026-01-19 02:46:10','2026-01-19 02:46:10'),(31,'紫竹院-水表',9,'192.168.0.74',5,120.0,'REAL',9,'','',1,0,'2026-01-19 02:48:18','2026-01-19 06:39:42'),(32,'坂井站-水表',18,'192.168.0.57',1,106.0,'REAL',9,NULL,NULL,1,0,'2026-01-19 06:49:04','2026-01-19 06:49:04'),(33,'坂井站-电表',18,'192.168.0.57',3,13.0,'REAL',13,NULL,NULL,1,0,'2026-01-19 06:49:04','2026-01-19 06:49:04'),(34,'坂井站-温度',18,'192.168.0.57',7,94.0,'REAL',12,NULL,NULL,1,0,'2026-01-19 06:49:04','2026-01-19 06:49:04'),(35,'北航站-水表',19,'192.168.0.61',5,64.0,'REAL',9,NULL,NULL,1,0,'2026-01-19 06:49:04','2026-01-19 06:49:04'),(36,'北航站-电表',19,'192.168.0.61',1,56.0,'REAL',13,NULL,NULL,1,0,'2026-01-19 06:49:04','2026-01-19 06:49:04'),(37,'北航站-温度',19,'192.168.0.61',4,23.0,'REAL',12,NULL,NULL,1,0,'2026-01-19 06:49:04','2026-01-19 06:49:04'),(38,'测试4',15,'192.168.0.10',9,190.0,'INT',12,'','',1,0,'2026-01-19 07:10:18','2026-01-19 09:06:43'),(39,'坂井站-AAA电表',18,'192.168.0.57',3,14.0,'REAL',13,'','',1,0,'2026-01-19 10:12:16','2026-01-19 10:12:16'),(40,'坂井站-BBB电表',18,'192.168.0.57',3,15.0,'REAL',13,'','',1,0,'2026-01-19 10:13:00','2026-01-19 10:13:00'),(41,'坂井站-CCC电表',18,'192.168.0.57',3,16.0,'REAL',13,'','',1,0,'2026-01-19 10:13:38','2026-01-19 10:13:38');
/*!40000 ALTER TABLE `plc_monitor_configs` ENABLE KEYS */;
UNLOCK TABLES;

--
-- Table structure for table `plc_readings`
--

DROP TABLE IF EXISTS `plc_readings`;
/*!40101 SET @saved_cs_client     = @@character_set_client */;
/*!50503 SET character_set_client = utf8mb4 */;
CREATE TABLE `plc_readings` (
  `id` bigint NOT NULL AUTO_INCREMENT,
  `timestamp` datetime NOT NULL COMMENT 'é‡‡é›†æ—¶é—´',
  `config_id` int NOT NULL COMMENT 'é…ç½®ID',
  `address` varchar(50) COLLATE utf8mb4_unicode_ci NOT NULL COMMENT 'å®Œæ•´åœ°å€',
  `value` decimal(20,4) DEFAULT NULL COMMENT 'è¯»å–å€¼',
  `category_id` int DEFAULT NULL COMMENT 'åˆ†ç±»ID',
  `station_id` int DEFAULT NULL COMMENT 'åœºç«™ID',
  `raw_value` varchar(100) COLLATE utf8mb4_unicode_ci DEFAULT NULL COMMENT 'åŽŸå§‹å€¼',
  `quality` tinyint DEFAULT '1' COMMENT 'æ•°æ®è´¨é‡',
  `created_at` timestamp NULL DEFAULT CURRENT_TIMESTAMP,
  PRIMARY KEY (`id`),
  KEY `idx_timestamp` (`timestamp`),
  KEY `idx_config_id` (`config_id`),
  KEY `idx_category_id` (`category_id`),
  KEY `idx_station_id` (`station_id`),
  KEY `idx_timestamp_category` (`timestamp`,`category_id`),
  KEY `idx_timestamp_station` (`timestamp`,`station_id`)
) ENGINE=InnoDB AUTO_INCREMENT=3642 DEFAULT CHARSET=utf8mb4 COLLATE=utf8mb4_unicode_ci;
/*!40101 SET character_set_client = @saved_cs_client */;

--
-- Dumping data for table `plc_readings`
--

LOCK TABLES `plc_readings` WRITE;
/*!40000 ALTER TABLE `plc_readings` DISABLE KEYS */;
INSERT INTO `plc_readings` VALUES (1,'2025-07-18 18:00:00',32,'DB1.DBD106',256.3200,9,18,NULL,1,'2026-01-19 07:13:37'),(2,'2025-07-19 17:59:59',32,'DB1.DBD106',189.7600,9,18,NULL,1,'2026-01-19 07:13:37'),(3,'2025-07-20 17:59:59',32,'DB1.DBD106',321.8900,9,18,NULL,1,'2026-01-19 07:13:37'),(4,'2025-07-21 17:59:59',32,'DB1.DBD106',405.6700,9,18,NULL,1,'2026-01-19 07:13:37'),(5,'2025-07-22 17:59:59',32,'DB1.DBD106',156.9800,9,18,NULL,1,'2026-01-19 07:13:37'),(6,'2025-07-23 17:59:59',32,'DB1.DBD106',521.4500,9,18,NULL,1,'2026-01-19 07:13:37'),(7,'2025-07-24 17:59:59',32,'DB1.DBD106',612.3300,9,18,NULL,1,'2026-01-19 07:13:37'),(8,'2025-07-25 17:59:59',32,'DB1.DBD106',705.8900,9,18,NULL,1,'2026-01-19 07:13:37'),(9,'2025-07-26 17:59:59',32,'DB1.DBD106',188.6700,9,18,NULL,1,'2026-01-19 07:13:37'),(10,'2025-07-27 17:59:59',32,'DB1.DBD106',298.4500,9,18,NULL,1,'2026-01-19 07:13:37'),(11,'2025-07-28 17:59:59',32,'DB1.DBD106',456.7800,9,18,NULL,1,'2026-01-19 07:13:37'),(12,'2025-07-29 17:59:59',32,'DB1.DBD106',589.2300,9,18,NULL,1,'2026-01-19 07:13:37'),(13,'2025-07-30 17:59:59',32,'DB1.DBD106',678.9100,9,18,NULL,1,'2026-01-19 07:13:37'),(14,'2025-07-31 17:59:59',32,'DB1.DBD106',389.4500,9,18,NULL,1,'2026-01-19 07:13:37'),(15,'2025-08-01 17:59:59',32,'DB1.DBD106',198.7600,9,18,NULL,1,'2026-01-19 07:13:37'),(16,'2025-08-02 17:59:59',32,'DB1.DBD106',312.5400,9,18,NULL,1,'2026-01-19 07:13:37'),(17,'2025-08-03 17:59:59',32,'DB1.DBD106',478.9100,9,18,NULL,1,'2026-01-19 07:13:37'),(18,'2025-08-04 17:59:59',32,'DB1.DBD106',598.3200,9,18,NULL,1,'2026-01-19 07:13:37'),(19,'2025-08-05 17:59:59',32,'DB1.DBD106',721.4500,9,18,NULL,1,'2026-01-19 07:13:37'),(20,'2025-08-06 17:59:59',32,'DB1.DBD106',812.6700,9,18,NULL,1,'2026-01-19 07:13:37'),(21,'2025-08-07 17:59:59',32,'DB1.DBD106',278.5600,9,18,NULL,1,'2026-01-19 07:13:37'),(22,'2025-08-08 17:59:59',32,'DB1.DBD106',365.7800,9,18,NULL,1,'2026-01-19 07:13:37'),(23,'2025-08-09 17:59:59',32,'DB1.DBD106',498.2300,9,18,NULL,1,'2026-01-19 07:13:37'),(24,'2025-08-10 17:59:59',32,'DB1.DBD106',605.8900,9,18,NULL,1,'2026-01-19 07:13:37'),(25,'2025-08-11 17:59:59',32,'DB1.DBD106',718.4500,9,18,NULL,1,'2026-01-19 07:13:37'),(26,'2025-08-12 17:59:59',32,'DB1.DBD106',178.9100,9,18,NULL,1,'2026-01-19 07:13:37'),(27,'2025-08-13 17:59:59',32,'DB1.DBD106',289.6700,9,18,NULL,1,'2026-01-19 07:13:37'),(28,'2025-08-14 17:59:59',32,'DB1.DBD106',398.4500,9,18,NULL,1,'2026-01-19 07:13:37'),(29,'2025-08-15 17:59:59',32,'DB1.DBD106',512.7800,9,18,NULL,1,'2026-01-19 07:13:37'),(30,'2025-08-16 17:59:59',32,'DB1.DBD106',625.3200,9,18,NULL,1,'2026-01-19 07:13:37'),(31,'2025-08-17 17:59:59',32,'DB1.DBD106',738.9100,9,18,NULL,1,'2026-01-19 07:13:37'),(32,'2025-08-18 17:59:59',32,'DB1.DBD106',801.5600,9,18,NULL,1,'2026-01-19 07:13:37'),(33,'2025-08-19 17:59:59',32,'DB1.DBD106',245.8900,9,18,NULL,1,'2026-01-19 07:13:37'),(34,'2025-08-20 17:59:59',32,'DB1.DBD106',356.2300,9,18,NULL,1,'2026-01-19 07:13:37'),(35,'2025-08-21 17:59:59',32,'DB1.DBD106',468.7800,9,18,NULL,1,'2026-01-19 07:13:37'),(36,'2025-08-22 17:59:59',32,'DB1.DBD106',581.3200,9,18,NULL,1,'2026-01-19 07:13:37'),(37,'2025-08-23 17:59:59',32,'DB1.DBD106',589.4500,9,18,NULL,1,'2026-01-19 07:13:37'),(38,'2025-08-24 17:59:59',32,'DB1.DBD106',498.6700,9,18,NULL,1,'2026-01-19 07:13:37'),(39,'2025-08-25 17:59:59',32,'DB1.DBD106',365.2100,9,18,NULL,1,'2026-01-19 07:13:37'),(40,'2025-08-26 17:59:59',32,'DB1.DBD106',712.8900,9,18,NULL,1,'2026-01-19 07:13:37'),(41,'2025-08-27 17:59:59',32,'DB1.DBD106',289.4500,9,18,NULL,1,'2026-01-19 07:13:37'),(42,'2025-08-28 17:59:59',32,'DB1.DBD106',658.9100,9,18,NULL,1,'2026-01-19 07:13:37'),(43,'2025-08-29 17:59:59',32,'DB1.DBD106',805.6700,9,18,NULL,1,'2026-01-19 07:13:37'),(44,'2025-08-30 17:59:59',32,'DB1.DBD106',376.8900,9,18,NULL,1,'2026-01-19 07:13:37'),(45,'2025-08-31 17:59:59',32,'DB1.DBD106',192.4500,9,18,NULL,1,'2026-01-19 07:13:37'),(46,'2025-09-01 17:59:59',32,'DB1.DBD106',488.7600,9,18,NULL,1,'2026-01-19 07:13:37'),(47,'2025-09-02 17:59:59',32,'DB1.DBD106',599.3200,9,18,NULL,1,'2026-01-19 07:13:37'),(48,'2025-09-03 17:59:59',32,'DB1.DBD106',701.8900,9,18,NULL,1,'2026-01-19 07:13:37'),(49,'2025-09-04 17:59:59',32,'DB1.DBD106',265.5600,9,18,NULL,1,'2026-01-19 07:13:37'),(50,'2025-09-05 17:59:59',32,'DB1.DBD106',378.9100,9,18,NULL,1,'2026-01-19 07:13:37'),(51,'2025-09-06 17:59:59',32,'DB1.DBD106',491.4500,9,18,NULL,1,'2026-01-19 07:13:37'),(52,'2025-09-07 17:59:59',32,'DB1.DBD106',604.0000,9,18,NULL,1,'2026-01-19 07:13:37'),(53,'2025-09-08 17:59:59',32,'DB1.DBD106',717.5600,9,18,NULL,1,'2026-01-19 07:13:37'),(54,'2025-09-09 17:59:59',32,'DB1.DBD106',185.2300,9,18,NULL,1,'2026-01-19 07:13:37'),(55,'2025-09-10 17:59:59',32,'DB1.DBD106',296.7800,9,18,NULL,1,'2026-01-19 07:13:37'),(56,'2025-09-11 17:59:59',32,'DB1.DBD106',409.3200,9,18,NULL,1,'2026-01-19 07:13:37'),(57,'2025-09-12 17:59:59',32,'DB1.DBD106',522.8900,9,18,NULL,1,'2026-01-19 07:13:37'),(58,'2025-09-13 17:59:59',32,'DB1.DBD106',635.4500,9,18,NULL,1,'2026-01-19 07:13:37'),(59,'2025-09-14 17:59:59',32,'DB1.DBD106',748.0000,9,18,NULL,1,'2026-01-19 07:13:37'),(60,'2025-09-15 17:59:59',32,'DB1.DBD106',819.5600,9,18,NULL,1,'2026-01-19 07:13:37'),(61,'2025-09-16 17:59:59',32,'DB1.DBD106',258.1200,9,18,NULL,1,'2026-01-19 07:13:37'),(62,'2025-09-17 17:59:59',32,'DB1.DBD106',369.6700,9,18,NULL,1,'2026-01-19 07:13:37'),(63,'2025-09-18 17:59:59',32,'DB1.DBD106',482.2300,9,18,NULL,1,'2026-01-19 07:13:37'),(64,'2025-09-19 17:59:59',32,'DB1.DBD106',594.7800,9,18,NULL,1,'2026-01-19 07:13:37'),(65,'2025-09-20 17:59:59',32,'DB1.DBD106',707.3400,9,18,NULL,1,'2026-01-19 07:13:37'),(66,'2025-09-21 17:59:59',32,'DB1.DBD106',176.8900,9,18,NULL,1,'2026-01-19 07:13:37'),(67,'2025-09-22 17:59:59',32,'DB1.DBD106',288.4500,9,18,NULL,1,'2026-01-19 07:13:37'),(68,'2025-09-23 17:59:59',32,'DB1.DBD106',401.0000,9,18,NULL,1,'2026-01-19 07:13:37'),(69,'2025-09-24 17:59:59',32,'DB1.DBD106',513.5600,9,18,NULL,1,'2026-01-19 07:13:37'),(70,'2025-09-25 17:59:59',32,'DB1.DBD106',626.1200,9,18,NULL,1,'2026-01-19 07:13:37'),(71,'2025-09-26 17:59:59',32,'DB1.DBD106',738.6700,9,18,NULL,1,'2026-01-19 07:13:37'),(72,'2025-09-27 17:59:59',32,'DB1.DBD106',800.2300,9,18,NULL,1,'2026-01-19 07:13:37'),(73,'2025-09-28 17:59:59',32,'DB1.DBD106',426.7800,9,18,NULL,1,'2026-01-19 07:13:37'),(74,'2025-09-29 17:59:59',32,'DB1.DBD106',632.1500,9,18,NULL,1,'2026-01-19 07:13:37'),(75,'2025-09-30 17:59:59',32,'DB1.DBD106',298.4500,9,18,NULL,1,'2026-01-19 07:13:37'),(76,'2025-10-01 17:59:59',32,'DB1.DBD106',512.3300,9,18,NULL,1,'2026-01-19 07:13:37'),(77,'2025-10-02 17:59:59',32,'DB1.DBD106',805.6700,9,18,NULL,1,'2026-01-19 07:13:37'),(78,'2025-10-03 17:59:59',32,'DB1.DBD106',376.8900,9,18,NULL,1,'2026-01-19 07:13:37'),(79,'2025-10-04 17:59:59',32,'DB1.DBD106',188.7600,9,18,NULL,1,'2026-01-19 07:13:37'),(80,'2025-10-05 17:59:59',32,'DB1.DBD106',499.3200,9,18,NULL,1,'2026-01-19 07:13:37'),(81,'2025-10-06 17:59:59',32,'DB1.DBD106',610.8900,9,18,NULL,1,'2026-01-19 07:13:37'),(82,'2025-10-07 17:59:59',32,'DB1.DBD106',723.4500,9,18,NULL,1,'2026-01-19 07:13:37'),(83,'2025-10-08 17:59:59',32,'DB1.DBD106',247.0000,9,18,NULL,1,'2026-01-19 07:13:37'),(84,'2025-10-09 17:59:59',32,'DB1.DBD106',359.5600,9,18,NULL,1,'2026-01-19 07:13:37'),(85,'2025-10-10 17:59:59',32,'DB1.DBD106',472.1200,9,18,NULL,1,'2026-01-19 07:13:37'),(86,'2025-10-11 17:59:59',32,'DB1.DBD106',584.6700,9,18,NULL,1,'2026-01-19 07:13:37'),(87,'2025-10-12 17:59:59',32,'DB1.DBD106',697.2300,9,18,NULL,1,'2026-01-19 07:13:37'),(88,'2025-10-13 17:59:59',32,'DB1.DBD106',809.7800,9,18,NULL,1,'2026-01-19 07:13:37'),(89,'2025-10-14 17:59:59',32,'DB1.DBD106',201.3400,9,18,NULL,1,'2026-01-19 07:13:37'),(90,'2025-10-15 17:59:59',32,'DB1.DBD106',313.8900,9,18,NULL,1,'2026-01-19 07:13:37'),(91,'2025-10-16 17:59:59',32,'DB1.DBD106',426.4500,9,18,NULL,1,'2026-01-19 07:13:37'),(92,'2025-10-17 17:59:59',32,'DB1.DBD106',539.0000,9,18,NULL,1,'2026-01-19 07:13:37'),(93,'2025-10-18 17:59:59',32,'DB1.DBD106',651.5600,9,18,NULL,1,'2026-01-19 07:13:37'),(94,'2025-10-19 17:59:59',32,'DB1.DBD106',764.1200,9,18,NULL,1,'2026-01-19 07:13:37'),(95,'2025-10-20 17:59:59',32,'DB1.DBD106',190.8900,9,18,NULL,1,'2026-01-19 07:13:37'),(96,'2025-10-21 17:59:59',32,'DB1.DBD106',303.4500,9,18,NULL,1,'2026-01-19 07:13:37'),(97,'2025-10-22 17:59:59',32,'DB1.DBD106',416.0000,9,18,NULL,1,'2026-01-19 07:13:37'),(98,'2025-10-23 17:59:59',32,'DB1.DBD106',528.5600,9,18,NULL,1,'2026-01-19 07:13:37'),(99,'2025-10-24 17:59:59',32,'DB1.DBD106',641.1200,9,18,NULL,1,'2026-01-19 07:13:37'),(100,'2025-10-25 17:59:59',32,'DB1.DBD106',753.6700,9,18,NULL,1,'2026-01-19 07:13:37'),(101,'2025-10-26 17:59:59',32,'DB1.DBD106',816.2300,9,18,NULL,1,'2026-01-19 07:13:37'),(102,'2025-10-27 17:59:59',32,'DB1.DBD106',260.7800,9,18,NULL,1,'2026-01-19 07:13:37'),(103,'2025-10-28 17:59:59',32,'DB1.DBD106',373.3400,9,18,NULL,1,'2026-01-19 07:13:37'),(104,'2025-10-29 17:59:59',32,'DB1.DBD106',485.8900,9,18,NULL,1,'2026-01-19 07:13:37'),(105,'2025-10-30 17:59:59',32,'DB1.DBD106',598.4500,9,18,NULL,1,'2026-01-19 07:13:37'),(106,'2025-10-31 17:59:59',32,'DB1.DBD106',711.0000,9,18,NULL,1,'2026-01-19 07:13:37'),(107,'2025-07-18 18:00:00',33,'DB3.DBD13',312.6500,13,18,NULL,1,'2026-01-19 07:13:37'),(108,'2025-07-19 17:59:59',33,'DB3.DBD13',205.4100,13,18,NULL,1,'2026-01-19 07:13:37'),(109,'2025-07-20 17:59:59',33,'DB3.DBD13',356.2400,13,18,NULL,1,'2026-01-19 07:13:37'),(110,'2025-07-21 17:59:59',33,'DB3.DBD13',432.9800,13,18,NULL,1,'2026-01-19 07:13:37'),(111,'2025-07-22 17:59:59',33,'DB3.DBD13',178.3200,13,18,NULL,1,'2026-01-19 07:13:37'),(112,'2025-07-23 17:59:59',33,'DB3.DBD13',548.7600,13,18,NULL,1,'2026-01-19 07:13:37'),(113,'2025-07-24 17:59:59',33,'DB3.DBD13',645.8900,13,18,NULL,1,'2026-01-19 07:13:37'),(114,'2025-07-25 17:59:59',33,'DB3.DBD13',732.4500,13,18,NULL,1,'2026-01-19 07:13:37'),(115,'2025-07-26 17:59:59',33,'DB3.DBD13',210.9800,13,18,NULL,1,'2026-01-19 07:13:37'),(116,'2025-07-27 17:59:59',33,'DB3.DBD13',326.7800,13,18,NULL,1,'2026-01-19 07:13:37'),(117,'2025-07-28 17:59:59',33,'DB3.DBD13',489.2300,13,18,NULL,1,'2026-01-19 07:13:37'),(118,'2025-07-29 17:59:59',33,'DB3.DBD13',615.6700,13,18,NULL,1,'2026-01-19 07:13:37'),(119,'2025-07-30 17:59:59',33,'DB3.DBD13',705.4300,13,18,NULL,1,'2026-01-19 07:13:37'),(120,'2025-07-31 17:59:59',33,'DB3.DBD13',412.8900,13,18,NULL,1,'2026-01-19 07:13:37'),(121,'2025-08-01 17:59:59',33,'DB3.DBD13',220.3400,13,18,NULL,1,'2026-01-19 07:13:37'),(122,'2025-08-02 17:59:59',33,'DB3.DBD13',345.8900,13,18,NULL,1,'2026-01-19 07:13:37'),(123,'2025-08-03 17:59:59',33,'DB3.DBD13',505.6700,13,18,NULL,1,'2026-01-19 07:13:37'),(124,'2025-08-04 17:59:59',33,'DB3.DBD13',625.7800,13,18,NULL,1,'2026-01-19 07:13:37'),(125,'2025-08-05 17:59:59',33,'DB3.DBD13',748.9100,13,18,NULL,1,'2026-01-19 07:13:37'),(126,'2025-08-06 17:59:59',33,'DB3.DBD13',839.2400,13,18,NULL,1,'2026-01-19 07:13:37'),(127,'2025-08-07 17:59:59',33,'DB3.DBD13',305.8900,13,18,NULL,1,'2026-01-19 07:13:37'),(128,'2025-08-08 17:59:59',33,'DB3.DBD13',392.4500,13,18,NULL,1,'2026-01-19 07:13:37'),(129,'2025-08-09 17:59:59',33,'DB3.DBD13',525.6700,13,18,NULL,1,'2026-01-19 07:13:37'),(130,'2025-08-10 17:59:59',33,'DB3.DBD13',632.4500,13,18,NULL,1,'2026-01-19 07:13:37'),(131,'2025-08-11 17:59:59',33,'DB3.DBD13',745.9100,13,18,NULL,1,'2026-01-19 07:13:37'),(132,'2025-08-12 17:59:59',33,'DB3.DBD13',200.5600,13,18,NULL,1,'2026-01-19 07:13:37'),(133,'2025-08-13 17:59:59',33,'DB3.DBD13',316.2300,13,18,NULL,1,'2026-01-19 07:13:37'),(134,'2025-08-14 17:59:59',33,'DB3.DBD13',425.8900,13,18,NULL,1,'2026-01-19 07:13:37'),(135,'2025-08-15 17:59:59',33,'DB3.DBD13',540.3400,13,18,NULL,1,'2026-01-19 07:13:37'),(136,'2025-08-16 17:59:59',33,'DB3.DBD13',652.7800,13,18,NULL,1,'2026-01-19 07:13:37'),(137,'2025-08-17 17:59:59',33,'DB3.DBD13',765.4500,13,18,NULL,1,'2026-01-19 07:13:37'),(138,'2025-08-18 17:59:59',33,'DB3.DBD13',828.9100,13,18,NULL,1,'2026-01-19 07:13:37'),(139,'2025-08-19 17:59:59',33,'DB3.DBD13',272.4500,13,18,NULL,1,'2026-01-19 07:13:37'),(140,'2025-08-20 17:59:59',33,'DB3.DBD13',383.7800,13,18,NULL,1,'2026-01-19 07:13:37'),(141,'2025-08-21 17:59:59',33,'DB3.DBD13',496.3400,13,18,NULL,1,'2026-01-19 07:13:37'),(142,'2025-08-22 17:59:59',33,'DB3.DBD13',608.8900,13,18,NULL,1,'2026-01-19 07:13:37'),(143,'2025-08-23 17:59:59',33,'DB3.DBD13',612.3300,13,18,NULL,1,'2026-01-19 07:13:37'),(144,'2025-08-24 17:59:59',33,'DB3.DBD13',521.8900,13,18,NULL,1,'2026-01-19 07:13:37'),(145,'2025-08-25 17:59:59',33,'DB3.DBD13',389.7600,13,18,NULL,1,'2026-01-19 07:13:37'),(146,'2025-08-26 17:59:59',33,'DB3.DBD13',745.3200,13,18,NULL,1,'2026-01-19 07:13:37'),(147,'2025-08-27 17:59:59',33,'DB3.DBD13',315.6700,13,18,NULL,1,'2026-01-19 07:13:37'),(148,'2025-08-28 17:59:59',33,'DB3.DBD13',689.2400,13,18,NULL,1,'2026-01-19 07:13:37'),(149,'2025-08-29 17:59:59',33,'DB3.DBD13',832.9100,13,18,NULL,1,'2026-01-19 07:13:37'),(150,'2025-08-30 17:59:59',33,'DB3.DBD13',402.3300,13,18,NULL,1,'2026-01-19 07:13:37'),(151,'2025-08-31 17:59:59',33,'DB3.DBD13',215.7800,13,18,NULL,1,'2026-01-19 07:13:37'),(152,'2025-09-01 17:59:59',33,'DB3.DBD13',515.2300,13,18,NULL,1,'2026-01-19 07:13:37'),(153,'2025-09-02 17:59:59',33,'DB3.DBD13',626.8900,13,18,NULL,1,'2026-01-19 07:13:37'),(154,'2025-09-03 17:59:59',33,'DB3.DBD13',729.4500,13,18,NULL,1,'2026-01-19 07:13:37'),(155,'2025-09-04 17:59:59',33,'DB3.DBD13',292.1200,13,18,NULL,1,'2026-01-19 07:13:37'),(156,'2025-09-05 17:59:59',33,'DB3.DBD13',405.4500,13,18,NULL,1,'2026-01-19 07:13:37'),(157,'2025-09-06 17:59:59',33,'DB3.DBD13',518.9100,13,18,NULL,1,'2026-01-19 07:13:37'),(158,'2025-09-07 17:59:59',33,'DB3.DBD13',631.5600,13,18,NULL,1,'2026-01-19 07:13:37'),(159,'2025-09-08 17:59:59',33,'DB3.DBD13',745.1200,13,18,NULL,1,'2026-01-19 07:13:37'),(160,'2025-09-09 17:59:59',33,'DB3.DBD13',207.6700,13,18,NULL,1,'2026-01-19 07:13:37'),(161,'2025-09-10 17:59:59',33,'DB3.DBD13',324.3400,13,18,NULL,1,'2026-01-19 07:13:37'),(162,'2025-09-11 17:59:59',33,'DB3.DBD13',436.8900,13,18,NULL,1,'2026-01-19 07:13:37'),(163,'2025-09-12 17:59:59',33,'DB3.DBD13',550.4500,13,18,NULL,1,'2026-01-19 07:13:37'),(164,'2025-09-13 17:59:59',33,'DB3.DBD13',663.0000,13,18,NULL,1,'2026-01-19 07:13:37'),(165,'2025-09-14 17:59:59',33,'DB3.DBD13',775.5600,13,18,NULL,1,'2026-01-19 07:13:37'),(166,'2025-09-15 17:59:59',33,'DB3.DBD13',847.1200,13,18,NULL,1,'2026-01-19 07:13:37'),(167,'2025-09-16 17:59:59',33,'DB3.DBD13',284.6700,13,18,NULL,1,'2026-01-19 07:13:37'),(168,'2025-09-17 17:59:59',33,'DB3.DBD13',397.2300,13,18,NULL,1,'2026-01-19 07:13:37'),(169,'2025-09-18 17:59:59',33,'DB3.DBD13',509.7800,13,18,NULL,1,'2026-01-19 07:13:37'),(170,'2025-09-19 17:59:59',33,'DB3.DBD13',622.3400,13,18,NULL,1,'2026-01-19 07:13:37'),(171,'2025-09-20 17:59:59',33,'DB3.DBD13',734.9000,13,18,NULL,1,'2026-01-19 07:13:37'),(172,'2025-09-21 17:59:59',33,'DB3.DBD13',199.4500,13,18,NULL,1,'2026-01-19 07:13:37'),(173,'2025-09-22 17:59:59',33,'DB3.DBD13',316.0000,13,18,NULL,1,'2026-01-19 07:13:37'),(174,'2025-09-23 17:59:59',33,'DB3.DBD13',428.5600,13,18,NULL,1,'2026-01-19 07:13:37'),(175,'2025-09-24 17:59:59',33,'DB3.DBD13',541.1200,13,18,NULL,1,'2026-01-19 07:13:37'),(176,'2025-09-25 17:59:59',33,'DB3.DBD13',653.6700,13,18,NULL,1,'2026-01-19 07:13:37'),(177,'2025-09-26 17:59:59',33,'DB3.DBD13',766.2300,13,18,NULL,1,'2026-01-19 07:13:37'),(178,'2025-09-27 17:59:59',33,'DB3.DBD13',827.7800,13,18,NULL,1,'2026-01-19 07:13:37'),(179,'2025-09-28 17:59:59',33,'DB3.DBD13',458.9100,13,18,NULL,1,'2026-01-19 07:13:37'),(180,'2025-09-29 17:59:59',33,'DB3.DBD13',659.4700,13,18,NULL,1,'2026-01-19 07:13:37'),(181,'2025-09-30 17:59:59',33,'DB3.DBD13',325.6800,13,18,NULL,1,'2026-01-19 07:13:37'),(182,'2025-10-01 17:59:59',33,'DB3.DBD13',546.7800,13,18,NULL,1,'2026-01-19 07:13:37'),(183,'2025-10-02 17:59:59',33,'DB3.DBD13',832.9100,13,18,NULL,1,'2026-01-19 07:13:37'),(184,'2025-10-03 17:59:59',33,'DB3.DBD13',402.3300,13,18,NULL,1,'2026-01-19 07:13:37'),(185,'2025-10-04 17:59:59',33,'DB3.DBD13',211.2300,13,18,NULL,1,'2026-01-19 07:13:37'),(186,'2025-10-05 17:59:59',33,'DB3.DBD13',526.8900,13,18,NULL,1,'2026-01-19 07:13:37'),(187,'2025-10-06 17:59:59',33,'DB3.DBD13',638.4500,13,18,NULL,1,'2026-01-19 07:13:37'),(188,'2025-10-07 17:59:59',33,'DB3.DBD13',751.0000,13,18,NULL,1,'2026-01-19 07:13:37'),(189,'2025-10-08 17:59:59',33,'DB3.DBD13',273.5600,13,18,NULL,1,'2026-01-19 07:13:37'),(190,'2025-10-09 17:59:59',33,'DB3.DBD13',387.1200,13,18,NULL,1,'2026-01-19 07:13:37'),(191,'2025-10-10 17:59:59',33,'DB3.DBD13',499.6700,13,18,NULL,1,'2026-01-19 07:13:37'),(192,'2025-10-11 17:59:59',33,'DB3.DBD13',612.2300,13,18,NULL,1,'2026-01-19 07:13:37'),(193,'2025-10-12 17:59:59',33,'DB3.DBD13',724.7800,13,18,NULL,1,'2026-01-19 07:13:37'),(194,'2025-10-13 17:59:59',33,'DB3.DBD13',837.3400,13,18,NULL,1,'2026-01-19 07:13:37'),(195,'2025-10-14 17:59:59',33,'DB3.DBD13',223.8900,13,18,NULL,1,'2026-01-19 07:13:37'),(196,'2025-10-15 17:59:59',33,'DB3.DBD13',341.4500,13,18,NULL,1,'2026-01-19 07:13:37'),(197,'2025-10-16 17:59:59',33,'DB3.DBD13',454.0000,13,18,NULL,1,'2026-01-19 07:13:37'),(198,'2025-10-17 17:59:59',33,'DB3.DBD13',566.5600,13,18,NULL,1,'2026-01-19 07:13:37'),(199,'2025-10-18 17:59:59',33,'DB3.DBD13',679.1200,13,18,NULL,1,'2026-01-19 07:13:37'),(200,'2025-10-19 17:59:59',33,'DB3.DBD13',791.6700,13,18,NULL,1,'2026-01-19 07:13:37'),(201,'2025-10-20 17:59:59',33,'DB3.DBD13',213.4500,13,18,NULL,1,'2026-01-19 07:13:37'),(202,'2025-10-21 17:59:59',33,'DB3.DBD13',331.0000,13,18,NULL,1,'2026-01-19 07:13:37'),(203,'2025-10-22 17:59:59',33,'DB3.DBD13',443.5600,13,18,NULL,1,'2026-01-19 07:13:37'),(204,'2025-10-23 17:59:59',33,'DB3.DBD13',556.1200,13,18,NULL,1,'2026-01-19 07:13:37'),(205,'2025-10-24 17:59:59',33,'DB3.DBD13',668.6700,13,18,NULL,1,'2026-01-19 07:13:37'),(206,'2025-10-25 17:59:59',33,'DB3.DBD13',781.2300,13,18,NULL,1,'2026-01-19 07:13:37'),(207,'2025-10-26 17:59:59',33,'DB3.DBD13',843.7800,13,18,NULL,1,'2026-01-19 07:13:37'),(208,'2025-10-27 17:59:59',33,'DB3.DBD13',287.3400,13,18,NULL,1,'2026-01-19 07:13:37'),(209,'2025-10-28 17:59:59',33,'DB3.DBD13',400.8900,13,18,NULL,1,'2026-01-19 07:13:37'),(210,'2025-10-29 17:59:59',33,'DB3.DBD13',513.4500,13,18,NULL,1,'2026-01-19 07:13:37'),(211,'2025-10-30 17:59:59',33,'DB3.DBD13',626.0000,13,18,NULL,1,'2026-01-19 07:13:37'),(212,'2025-10-31 17:59:59',33,'DB3.DBD13',738.5600,13,18,NULL,1,'2026-01-19 07:13:37'),(213,'2025-07-18 18:00:00',34,'DB7.DBD94',22.8000,12,18,NULL,1,'2026-01-19 07:13:37'),(214,'2025-07-19 17:59:59',34,'DB7.DBD94',21.5000,12,18,NULL,1,'2026-01-19 07:13:37'),(215,'2025-07-20 17:59:59',34,'DB7.DBD94',23.1000,12,18,NULL,1,'2026-01-19 07:13:37'),(216,'2025-07-21 17:59:59',34,'DB7.DBD94',24.7000,12,18,NULL,1,'2026-01-19 07:13:37'),(217,'2025-07-22 17:59:59',34,'DB7.DBD94',20.2000,12,18,NULL,1,'2026-01-19 07:13:37'),(218,'2025-07-23 17:59:59',34,'DB7.DBD94',26.3000,12,18,NULL,1,'2026-01-19 07:13:37'),(219,'2025-07-24 17:59:59',34,'DB7.DBD94',28.1000,12,18,NULL,1,'2026-01-19 07:13:37'),(220,'2025-07-25 17:59:59',34,'DB7.DBD94',30.5000,12,18,NULL,1,'2026-01-19 07:13:37'),(221,'2025-07-26 17:59:59',34,'DB7.DBD94',20.8000,12,18,NULL,1,'2026-01-19 07:13:37'),(222,'2025-07-27 17:59:59',34,'DB7.DBD94',22.7000,12,18,NULL,1,'2026-01-19 07:13:37'),(223,'2025-07-28 17:59:59',34,'DB7.DBD94',25.2000,12,18,NULL,1,'2026-01-19 07:13:37'),(224,'2025-07-29 17:59:59',34,'DB7.DBD94',27.9000,12,18,NULL,1,'2026-01-19 07:13:37'),(225,'2025-07-30 17:59:59',34,'DB7.DBD94',29.4000,12,18,NULL,1,'2026-01-19 07:13:37'),(226,'2025-07-31 17:59:59',34,'DB7.DBD94',24.3000,12,18,NULL,1,'2026-01-19 07:13:37'),(227,'2025-08-01 17:59:59',34,'DB7.DBD94',21.1000,12,18,NULL,1,'2026-01-19 07:13:37'),(228,'2025-08-02 17:59:59',34,'DB7.DBD94',23.4000,12,18,NULL,1,'2026-01-19 07:13:37'),(229,'2025-08-03 17:59:59',34,'DB7.DBD94',25.8000,12,18,NULL,1,'2026-01-19 07:13:37'),(230,'2025-08-04 17:59:59',34,'DB7.DBD94',28.2000,12,18,NULL,1,'2026-01-19 07:13:37'),(231,'2025-08-05 17:59:59',34,'DB7.DBD94',30.8000,12,18,NULL,1,'2026-01-19 07:13:37'),(232,'2025-08-06 17:59:59',34,'DB7.DBD94',31.9000,12,18,NULL,1,'2026-01-19 07:13:37'),(233,'2025-08-07 17:59:59',34,'DB7.DBD94',22.5000,12,18,NULL,1,'2026-01-19 07:13:37'),(234,'2025-08-08 17:59:59',34,'DB7.DBD94',24.1000,12,18,NULL,1,'2026-01-19 07:13:37'),(235,'2025-08-09 17:59:59',34,'DB7.DBD94',26.5000,12,18,NULL,1,'2026-01-19 07:13:37'),(236,'2025-08-10 17:59:59',34,'DB7.DBD94',28.7000,12,18,NULL,1,'2026-01-19 07:13:37'),(237,'2025-08-11 17:59:59',34,'DB7.DBD94',30.3000,12,18,NULL,1,'2026-01-19 07:13:37'),(238,'2025-08-12 17:59:59',34,'DB7.DBD94',20.4000,12,18,NULL,1,'2026-01-19 07:13:37'),(239,'2025-08-13 17:59:59',34,'DB7.DBD94',22.3000,12,18,NULL,1,'2026-01-19 07:13:37'),(240,'2025-08-14 17:59:59',34,'DB7.DBD94',24.5000,12,18,NULL,1,'2026-01-19 07:13:37'),(241,'2025-08-15 17:59:59',34,'DB7.DBD94',26.9000,12,18,NULL,1,'2026-01-19 07:13:37'),(242,'2025-08-16 17:59:59',34,'DB7.DBD94',29.0000,12,18,NULL,1,'2026-01-19 07:13:37'),(243,'2025-08-17 17:59:59',34,'DB7.DBD94',31.1000,12,18,NULL,1,'2026-01-19 07:13:37'),(244,'2025-08-18 17:59:59',34,'DB7.DBD94',31.7000,12,18,NULL,1,'2026-01-19 07:13:37'),(245,'2025-08-19 17:59:59',34,'DB7.DBD94',22.0000,12,18,NULL,1,'2026-01-19 07:13:37'),(246,'2025-08-20 17:59:59',34,'DB7.DBD94',23.8000,12,18,NULL,1,'2026-01-19 07:13:37'),(247,'2025-08-21 17:59:59',34,'DB7.DBD94',25.5000,12,18,NULL,1,'2026-01-19 07:13:37'),(248,'2025-08-22 17:59:59',34,'DB7.DBD94',27.6000,12,18,NULL,1,'2026-01-19 07:13:37'),(249,'2025-08-23 17:59:59',34,'DB7.DBD94',28.5000,12,18,NULL,1,'2026-01-19 07:13:37'),(250,'2025-08-24 17:59:59',34,'DB7.DBD94',27.3000,12,18,NULL,1,'2026-01-19 07:13:37'),(251,'2025-08-25 17:59:59',34,'DB7.DBD94',25.7000,12,18,NULL,1,'2026-01-19 07:13:37'),(252,'2025-08-26 17:59:59',34,'DB7.DBD94',30.2000,12,18,NULL,1,'2026-01-19 07:13:37'),(253,'2025-08-27 17:59:59',34,'DB7.DBD94',22.9000,12,18,NULL,1,'2026-01-19 07:13:37'),(254,'2025-08-28 17:59:59',34,'DB7.DBD94',29.8000,12,18,NULL,1,'2026-01-19 07:13:37'),(255,'2025-08-29 17:59:59',34,'DB7.DBD94',31.5000,12,18,NULL,1,'2026-01-19 07:13:37'),(256,'2025-08-30 17:59:59',34,'DB7.DBD94',25.1000,12,18,NULL,1,'2026-01-19 07:13:37'),(257,'2025-08-31 17:59:59',34,'DB7.DBD94',20.7000,12,18,NULL,1,'2026-01-19 07:13:37'),(258,'2025-09-01 17:59:59',34,'DB7.DBD94',26.7000,12,18,NULL,1,'2026-01-19 07:13:37'),(259,'2025-09-02 17:59:59',34,'DB7.DBD94',28.8000,12,18,NULL,1,'2026-01-19 07:13:37'),(260,'2025-09-03 17:59:59',34,'DB7.DBD94',30.6000,12,18,NULL,1,'2026-01-19 07:13:37'),(261,'2025-09-04 17:59:59',34,'DB7.DBD94',22.4000,12,18,NULL,1,'2026-01-19 07:13:37'),(262,'2025-09-05 17:59:59',34,'DB7.DBD94',24.0000,12,18,NULL,1,'2026-01-19 07:13:37'),(263,'2025-09-06 17:59:59',34,'DB7.DBD94',26.2000,12,18,NULL,1,'2026-01-19 07:13:37'),(264,'2025-09-07 17:59:59',34,'DB7.DBD94',28.4000,12,18,NULL,1,'2026-01-19 07:13:37'),(265,'2025-09-08 17:59:59',34,'DB7.DBD94',30.9000,12,18,NULL,1,'2026-01-19 07:13:37'),(266,'2025-09-09 17:59:59',34,'DB7.DBD94',20.1000,12,18,NULL,1,'2026-01-19 07:13:37'),(267,'2025-09-10 17:59:59',34,'DB7.DBD94',22.6000,12,18,NULL,1,'2026-01-19 07:13:37'),(268,'2025-09-11 17:59:59',34,'DB7.DBD94',24.8000,12,18,NULL,1,'2026-01-19 07:13:37'),(269,'2025-09-12 17:59:59',34,'DB7.DBD94',26.4000,12,18,NULL,1,'2026-01-19 07:13:37'),(270,'2025-09-13 17:59:59',34,'DB7.DBD94',28.6000,12,18,NULL,1,'2026-01-19 07:13:37'),(271,'2025-09-14 17:59:59',34,'DB7.DBD94',31.2000,12,18,NULL,1,'2026-01-19 07:13:37'),(272,'2025-09-15 17:59:59',34,'DB7.DBD94',32.1000,12,18,NULL,1,'2026-01-19 07:13:37'),(273,'2025-09-16 17:59:59',34,'DB7.DBD94',22.2000,12,18,NULL,1,'2026-01-19 07:13:37'),(274,'2025-09-17 17:59:59',34,'DB7.DBD94',23.9000,12,18,NULL,1,'2026-01-19 07:13:37'),(275,'2025-09-18 17:59:59',34,'DB7.DBD94',25.6000,12,18,NULL,1,'2026-01-19 07:13:37'),(276,'2025-09-19 17:59:59',34,'DB7.DBD94',27.7000,12,18,NULL,1,'2026-01-19 07:13:37'),(277,'2025-09-20 17:59:59',34,'DB7.DBD94',30.4000,12,18,NULL,1,'2026-01-19 07:13:37'),(278,'2025-09-21 17:59:59',34,'DB7.DBD94',20.3000,12,18,NULL,1,'2026-01-19 07:13:37'),(279,'2025-09-22 17:59:59',34,'DB7.DBD94',22.1000,12,18,NULL,1,'2026-01-19 07:13:37'),(280,'2025-09-23 17:59:59',34,'DB7.DBD94',24.4000,12,18,NULL,1,'2026-01-19 07:13:37'),(281,'2025-09-24 17:59:59',34,'DB7.DBD94',26.8000,12,18,NULL,1,'2026-01-19 07:13:37'),(282,'2025-09-25 17:59:59',34,'DB7.DBD94',28.9000,12,18,NULL,1,'2026-01-19 07:13:37'),(283,'2025-09-26 17:59:59',34,'DB7.DBD94',31.0000,12,18,NULL,1,'2026-01-19 07:13:37'),(284,'2025-09-27 17:59:59',34,'DB7.DBD94',31.6000,12,18,NULL,1,'2026-01-19 07:13:37'),(285,'2025-09-28 17:59:59',34,'DB7.DBD94',24.2000,12,18,NULL,1,'2026-01-19 07:13:37'),(286,'2025-09-29 17:59:59',34,'DB7.DBD94',29.1000,12,18,NULL,1,'2026-01-19 07:13:37'),(287,'2025-09-30 17:59:59',34,'DB7.DBD94',23.5000,12,18,NULL,1,'2026-01-19 07:13:37'),(288,'2025-10-01 17:59:59',34,'DB7.DBD94',27.8000,12,18,NULL,1,'2026-01-19 07:13:37'),(289,'2025-10-02 17:59:59',34,'DB7.DBD94',31.5000,12,18,NULL,1,'2026-01-19 07:13:37'),(290,'2025-10-03 17:59:59',34,'DB7.DBD94',25.1000,12,18,NULL,1,'2026-01-19 07:13:37'),(291,'2025-10-04 17:59:59',34,'DB7.DBD94',20.6000,12,18,NULL,1,'2026-01-19 07:13:37'),(292,'2025-10-05 17:59:59',34,'DB7.DBD94',27.0000,12,18,NULL,1,'2026-01-19 07:13:37'),(293,'2025-10-06 17:59:59',34,'DB7.DBD94',29.2000,12,18,NULL,1,'2026-01-19 07:13:37'),(294,'2025-10-07 17:59:59',34,'DB7.DBD94',30.7000,12,18,NULL,1,'2026-01-19 07:13:37'),(295,'2025-10-08 17:59:59',34,'DB7.DBD94',21.9000,12,18,NULL,1,'2026-01-19 07:13:37'),(296,'2025-10-09 17:59:59',34,'DB7.DBD94',23.7000,12,18,NULL,1,'2026-01-19 07:13:37'),(297,'2025-10-10 17:59:59',34,'DB7.DBD94',25.4000,12,18,NULL,1,'2026-01-19 07:13:37'),(298,'2025-10-11 17:59:59',34,'DB7.DBD94',27.5000,12,18,NULL,1,'2026-01-19 07:13:37'),(299,'2025-10-12 17:59:59',34,'DB7.DBD94',29.3000,12,18,NULL,1,'2026-01-19 07:13:37'),(300,'2025-10-13 17:59:59',34,'DB7.DBD94',32.0000,12,18,NULL,1,'2026-01-19 07:13:37'),(301,'2025-10-14 17:59:59',34,'DB7.DBD94',20.5000,12,18,NULL,1,'2026-01-19 07:13:37'),(302,'2025-10-15 17:59:59',34,'DB7.DBD94',22.8000,12,18,NULL,1,'2026-01-19 07:13:37'),(303,'2025-10-16 17:59:59',34,'DB7.DBD94',24.6000,12,18,NULL,1,'2026-01-19 07:13:37'),(304,'2025-10-17 17:59:59',34,'DB7.DBD94',26.1000,12,18,NULL,1,'2026-01-19 07:13:37'),(305,'2025-10-18 17:59:59',34,'DB7.DBD94',28.3000,12,18,NULL,1,'2026-01-19 07:13:37'),(306,'2025-10-19 17:59:59',34,'DB7.DBD94',30.1000,12,18,NULL,1,'2026-01-19 07:13:37'),(307,'2025-10-20 17:59:59',34,'DB7.DBD94',20.9000,12,18,NULL,1,'2026-01-19 07:13:37'),(308,'2025-10-21 17:59:59',34,'DB7.DBD94',22.4000,12,18,NULL,1,'2026-01-19 07:13:37'),(309,'2025-10-22 17:59:59',34,'DB7.DBD94',24.3000,12,18,NULL,1,'2026-01-19 07:13:37'),(310,'2025-10-23 17:59:59',34,'DB7.DBD94',26.0000,12,18,NULL,1,'2026-01-19 07:13:37'),(311,'2025-10-24 17:59:59',34,'DB7.DBD94',28.0000,12,18,NULL,1,'2026-01-19 07:13:37'),(312,'2025-10-25 17:59:59',34,'DB7.DBD94',30.0000,12,18,NULL,1,'2026-01-19 07:13:37'),(313,'2025-10-26 17:59:59',34,'DB7.DBD94',31.8000,12,18,NULL,1,'2026-01-19 07:13:37'),(314,'2025-10-27 17:59:59',34,'DB7.DBD94',22.1000,12,18,NULL,1,'2026-01-19 07:13:37'),(315,'2025-10-28 17:59:59',34,'DB7.DBD94',23.6000,12,18,NULL,1,'2026-01-19 07:13:37'),(316,'2025-10-29 17:59:59',34,'DB7.DBD94',25.3000,12,18,NULL,1,'2026-01-19 07:13:37'),(317,'2025-10-30 17:59:59',34,'DB7.DBD94',27.4000,12,18,NULL,1,'2026-01-19 07:13:37'),(318,'2025-10-31 17:59:59',34,'DB7.DBD94',29.9000,12,18,NULL,1,'2026-01-19 07:13:37'),(319,'2025-07-18 18:00:00',35,'DB5.DBD64',312.4500,9,19,NULL,1,'2026-01-19 07:13:37'),(320,'2025-07-19 17:59:59',35,'DB5.DBD64',198.7600,9,19,NULL,1,'2026-01-19 07:13:37'),(321,'2025-07-20 17:59:59',35,'DB5.DBD64',405.8900,9,19,NULL,1,'2026-01-19 07:13:37'),(322,'2025-07-21 17:59:59',35,'DB5.DBD64',518.4500,9,19,NULL,1,'2026-01-19 07:13:37'),(323,'2025-07-22 17:59:59',35,'DB5.DBD64',631.0000,9,19,NULL,1,'2026-01-19 07:13:37'),(324,'2025-07-23 17:59:59',35,'DB5.DBD64',743.5600,9,19,NULL,1,'2026-01-19 07:13:37'),(325,'2025-07-24 17:59:59',35,'DB5.DBD64',805.1200,9,19,NULL,1,'2026-01-19 07:13:37'),(326,'2025-07-25 17:59:59',35,'DB5.DBD64',278.6700,9,19,NULL,1,'2026-01-19 07:13:37'),(327,'2025-07-26 17:59:59',35,'DB5.DBD64',391.2300,9,19,NULL,1,'2026-01-19 07:13:37'),(328,'2025-07-27 17:59:59',35,'DB5.DBD64',503.7800,9,19,NULL,1,'2026-01-19 07:13:37'),(329,'2025-07-28 17:59:59',35,'DB5.DBD64',616.3400,9,19,NULL,1,'2026-01-19 07:13:37'),(330,'2025-07-29 17:59:59',35,'DB5.DBD64',728.9000,9,19,NULL,1,'2026-01-19 07:13:37'),(331,'2025-07-30 17:59:59',35,'DB5.DBD64',185.4500,9,19,NULL,1,'2026-01-19 07:13:37'),(332,'2025-07-31 17:59:59',35,'DB5.DBD64',298.0000,9,19,NULL,1,'2026-01-19 07:13:37'),(333,'2025-08-01 17:59:59',35,'DB5.DBD64',410.5600,9,19,NULL,1,'2026-01-19 07:13:37'),(334,'2025-08-02 17:59:59',35,'DB5.DBD64',523.1200,9,19,NULL,1,'2026-01-19 07:13:37'),(335,'2025-08-03 17:59:59',35,'DB5.DBD64',635.6700,9,19,NULL,1,'2026-01-19 07:13:37'),(336,'2025-08-04 17:59:59',35,'DB5.DBD64',748.2300,9,19,NULL,1,'2026-01-19 07:13:37'),(337,'2025-08-05 17:59:59',35,'DB5.DBD64',810.7800,9,19,NULL,1,'2026-01-19 07:13:37'),(338,'2025-08-06 17:59:59',35,'DB5.DBD64',256.3400,9,19,NULL,1,'2026-01-19 07:13:37'),(339,'2025-08-07 17:59:59',35,'DB5.DBD64',368.9000,9,19,NULL,1,'2026-01-19 07:13:37'),(340,'2025-08-08 17:59:59',35,'DB5.DBD64',481.4500,9,19,NULL,1,'2026-01-19 07:13:37'),(341,'2025-08-09 17:59:59',35,'DB5.DBD64',594.0000,9,19,NULL,1,'2026-01-19 07:13:37'),(342,'2025-08-10 17:59:59',35,'DB5.DBD64',706.5600,9,19,NULL,1,'2026-01-19 07:13:37'),(343,'2025-08-11 17:59:59',35,'DB5.DBD64',178.1200,9,19,NULL,1,'2026-01-19 07:13:37'),(344,'2025-08-12 17:59:59',35,'DB5.DBD64',290.6700,9,19,NULL,1,'2026-01-19 07:13:37'),(345,'2025-08-13 17:59:59',35,'DB5.DBD64',403.2300,9,19,NULL,1,'2026-01-19 07:13:37'),(346,'2025-08-14 17:59:59',35,'DB5.DBD64',515.7800,9,19,NULL,1,'2026-01-19 07:13:37'),(347,'2025-08-15 17:59:59',35,'DB5.DBD64',628.3400,9,19,NULL,1,'2026-01-19 07:13:37'),(348,'2025-08-16 17:59:59',35,'DB5.DBD64',740.9000,9,19,NULL,1,'2026-01-19 07:13:37'),(349,'2025-08-17 17:59:59',35,'DB5.DBD64',803.4500,9,19,NULL,1,'2026-01-19 07:13:37'),(350,'2025-08-18 17:59:59',35,'DB5.DBD64',269.0000,9,19,NULL,1,'2026-01-19 07:13:37'),(351,'2025-08-19 17:59:59',35,'DB5.DBD64',381.5600,9,19,NULL,1,'2026-01-19 07:13:37'),(352,'2025-08-20 17:59:59',35,'DB5.DBD64',494.1200,9,19,NULL,1,'2026-01-19 07:13:37'),(353,'2025-08-21 17:59:59',35,'DB5.DBD64',606.6700,9,19,NULL,1,'2026-01-19 07:13:37'),(354,'2025-08-22 17:59:59',35,'DB5.DBD64',719.2300,9,19,NULL,1,'2026-01-19 07:13:37'),(355,'2025-08-23 17:59:59',35,'DB5.DBD64',191.7800,9,19,NULL,1,'2026-01-19 07:13:37'),(356,'2025-08-24 17:59:59',35,'DB5.DBD64',304.3400,9,19,NULL,1,'2026-01-19 07:13:37'),(357,'2025-08-25 17:59:59',35,'DB5.DBD64',416.9000,9,19,NULL,1,'2026-01-19 07:13:37'),(358,'2025-08-26 17:59:59',35,'DB5.DBD64',529.4500,9,19,NULL,1,'2026-01-19 07:13:37'),(359,'2025-08-27 17:59:59',35,'DB5.DBD64',642.0000,9,19,NULL,1,'2026-01-19 07:13:37'),(360,'2025-08-28 17:59:59',35,'DB5.DBD64',754.5600,9,19,NULL,1,'2026-01-19 07:13:37'),(361,'2025-08-29 17:59:59',35,'DB5.DBD64',817.1200,9,19,NULL,1,'2026-01-19 07:13:37'),(362,'2025-08-30 17:59:59',35,'DB5.DBD64',247.6700,9,19,NULL,1,'2026-01-19 07:13:37'),(363,'2025-08-31 17:59:59',35,'DB5.DBD64',360.2300,9,19,NULL,1,'2026-01-19 07:13:37'),(364,'2025-09-01 17:59:59',35,'DB5.DBD64',472.7800,9,19,NULL,1,'2026-01-19 07:13:37'),(365,'2025-09-02 17:59:59',35,'DB5.DBD64',585.3400,9,19,NULL,1,'2026-01-19 07:13:37'),(366,'2025-09-03 17:59:59',35,'DB5.DBD64',697.9000,9,19,NULL,1,'2026-01-19 07:13:37'),(367,'2025-09-04 17:59:59',35,'DB5.DBD64',182.4500,9,19,NULL,1,'2026-01-19 07:13:37'),(368,'2025-09-05 17:59:59',35,'DB5.DBD64',295.0000,9,19,NULL,1,'2026-01-19 07:13:37'),(369,'2025-09-06 17:59:59',35,'DB5.DBD64',407.5600,9,19,NULL,1,'2026-01-19 07:13:37'),(370,'2025-09-07 17:59:59',35,'DB5.DBD64',520.1200,9,19,NULL,1,'2026-01-19 07:13:37'),(371,'2025-09-08 17:59:59',35,'DB5.DBD64',632.6700,9,19,NULL,1,'2026-01-19 07:13:37'),(372,'2025-09-09 17:59:59',35,'DB5.DBD64',745.2300,9,19,NULL,1,'2026-01-19 07:13:37'),(373,'2025-09-10 17:59:59',35,'DB5.DBD64',807.7800,9,19,NULL,1,'2026-01-19 07:13:37'),(374,'2025-09-11 17:59:59',35,'DB5.DBD64',261.3400,9,19,NULL,1,'2026-01-19 07:13:37'),(375,'2025-09-12 17:59:59',35,'DB5.DBD64',373.9000,9,19,NULL,1,'2026-01-19 07:13:37'),(376,'2025-09-13 17:59:59',35,'DB5.DBD64',486.4500,9,19,NULL,1,'2026-01-19 07:13:37'),(377,'2025-09-14 17:59:59',35,'DB5.DBD64',599.0000,9,19,NULL,1,'2026-01-19 07:13:37'),(378,'2025-09-15 17:59:59',35,'DB5.DBD64',711.5600,9,19,NULL,1,'2026-01-19 07:13:37'),(379,'2025-09-16 17:59:59',35,'DB5.DBD64',176.1200,9,19,NULL,1,'2026-01-19 07:13:37'),(380,'2025-09-17 17:59:59',35,'DB5.DBD64',288.6700,9,19,NULL,1,'2026-01-19 07:13:37'),(381,'2025-09-18 17:59:59',35,'DB5.DBD64',401.2300,9,19,NULL,1,'2026-01-19 07:13:37'),(382,'2025-09-19 17:59:59',35,'DB5.DBD64',513.7800,9,19,NULL,1,'2026-01-19 07:13:37'),(383,'2025-09-20 17:59:59',35,'DB5.DBD64',626.3400,9,19,NULL,1,'2026-01-19 07:13:37'),(384,'2025-09-21 17:59:59',35,'DB5.DBD64',738.9000,9,19,NULL,1,'2026-01-19 07:13:37'),(385,'2025-09-22 17:59:59',35,'DB5.DBD64',801.4500,9,19,NULL,1,'2026-01-19 07:13:37'),(386,'2025-09-23 17:59:59',35,'DB5.DBD64',254.0000,9,19,NULL,1,'2026-01-19 07:13:37'),(387,'2025-09-24 17:59:59',35,'DB5.DBD64',366.5600,9,19,NULL,1,'2026-01-19 07:13:37'),(388,'2025-09-25 17:59:59',35,'DB5.DBD64',479.1200,9,19,NULL,1,'2026-01-19 07:13:37'),(389,'2025-09-26 17:59:59',35,'DB5.DBD64',591.6700,9,19,NULL,1,'2026-01-19 07:13:37'),(390,'2025-09-27 17:59:59',35,'DB5.DBD64',704.2300,9,19,NULL,1,'2026-01-19 07:13:37'),(391,'2025-09-28 17:59:59',35,'DB5.DBD64',189.7800,9,19,NULL,1,'2026-01-19 07:13:37'),(392,'2025-09-29 17:59:59',35,'DB5.DBD64',302.3400,9,19,NULL,1,'2026-01-19 07:13:37'),(393,'2025-09-30 17:59:59',35,'DB5.DBD64',414.9000,9,19,NULL,1,'2026-01-19 07:13:37'),(394,'2025-10-01 17:59:59',35,'DB5.DBD64',527.4500,9,19,NULL,1,'2026-01-19 07:13:37'),(395,'2025-10-02 17:59:59',35,'DB5.DBD64',640.0000,9,19,NULL,1,'2026-01-19 07:13:37'),(396,'2025-10-03 17:59:59',35,'DB5.DBD64',752.5600,9,19,NULL,1,'2026-01-19 07:13:37'),(397,'2025-10-04 17:59:59',35,'DB5.DBD64',815.1200,9,19,NULL,1,'2026-01-19 07:13:37'),(398,'2025-10-05 17:59:59',35,'DB5.DBD64',270.6700,9,19,NULL,1,'2026-01-19 07:13:37'),(399,'2025-10-06 17:59:59',35,'DB5.DBD64',383.2300,9,19,NULL,1,'2026-01-19 07:13:37'),(400,'2025-10-07 17:59:59',35,'DB5.DBD64',495.7800,9,19,NULL,1,'2026-01-19 07:13:37'),(401,'2025-10-08 17:59:59',35,'DB5.DBD64',608.3400,9,19,NULL,1,'2026-01-19 07:13:37'),(402,'2025-10-09 17:59:59',35,'DB5.DBD64',720.9000,9,19,NULL,1,'2026-01-19 07:13:37'),(403,'2025-10-10 17:59:59',35,'DB5.DBD64',180.4500,9,19,NULL,1,'2026-01-19 07:13:37'),(404,'2025-10-11 17:59:59',35,'DB5.DBD64',293.0000,9,19,NULL,1,'2026-01-19 07:13:37'),(405,'2025-10-12 17:59:59',35,'DB5.DBD64',405.5600,9,19,NULL,1,'2026-01-19 07:13:37'),(406,'2025-10-13 17:59:59',35,'DB5.DBD64',518.1200,9,19,NULL,1,'2026-01-19 07:13:37'),(407,'2025-10-14 17:59:59',35,'DB5.DBD64',630.6700,9,19,NULL,1,'2026-01-19 07:13:37'),(408,'2025-10-15 17:59:59',35,'DB5.DBD64',743.2300,9,19,NULL,1,'2026-01-19 07:13:37'),(409,'2025-10-16 17:59:59',35,'DB5.DBD64',805.7800,9,19,NULL,1,'2026-01-19 07:13:37'),(410,'2025-10-17 17:59:59',35,'DB5.DBD64',258.3400,9,19,NULL,1,'2026-01-19 07:13:37'),(411,'2025-10-18 17:59:59',35,'DB5.DBD64',370.9000,9,19,NULL,1,'2026-01-19 07:13:37'),(412,'2025-10-19 17:59:59',35,'DB5.DBD64',483.4500,9,19,NULL,1,'2026-01-19 07:13:37'),(413,'2025-10-20 17:59:59',35,'DB5.DBD64',596.0000,9,19,NULL,1,'2026-01-19 07:13:37'),(414,'2025-10-21 17:59:59',35,'DB5.DBD64',708.5600,9,19,NULL,1,'2026-01-19 07:13:37'),(415,'2025-10-22 17:59:59',35,'DB5.DBD64',179.1200,9,19,NULL,1,'2026-01-19 07:13:37'),(416,'2025-10-23 17:59:59',35,'DB5.DBD64',291.6700,9,19,NULL,1,'2026-01-19 07:13:37'),(417,'2025-10-24 17:59:59',35,'DB5.DBD64',404.2300,9,19,NULL,1,'2026-01-19 07:13:37'),(418,'2025-10-25 17:59:59',35,'DB5.DBD64',516.7800,9,19,NULL,1,'2026-01-19 07:13:37'),(419,'2025-10-26 17:59:59',35,'DB5.DBD64',629.3400,9,19,NULL,1,'2026-01-19 07:13:37'),(420,'2025-10-27 17:59:59',35,'DB5.DBD64',741.9000,9,19,NULL,1,'2026-01-19 07:13:37'),(421,'2025-10-28 17:59:59',35,'DB5.DBD64',804.4500,9,19,NULL,1,'2026-01-19 07:13:37'),(422,'2025-10-29 17:59:59',35,'DB5.DBD64',266.0000,9,19,NULL,1,'2026-01-19 07:13:37'),(423,'2025-10-30 17:59:59',35,'DB5.DBD64',378.5600,9,19,NULL,1,'2026-01-19 07:13:37'),(424,'2025-10-31 17:59:59',35,'DB5.DBD64',491.1200,9,19,NULL,1,'2026-01-19 07:13:37'),(425,'2025-07-18 18:00:00',36,'DB1.DBD56',345.8900,13,19,NULL,1,'2026-01-19 07:13:37'),(426,'2025-07-19 17:59:59',36,'DB1.DBD56',221.3400,13,19,NULL,1,'2026-01-19 07:13:37'),(427,'2025-07-20 17:59:59',36,'DB1.DBD56',433.4500,13,19,NULL,1,'2026-01-19 07:13:37'),(428,'2025-07-21 17:59:59',36,'DB1.DBD56',546.0000,13,19,NULL,1,'2026-01-19 07:13:37'),(429,'2025-07-22 17:59:59',36,'DB1.DBD56',658.5600,13,19,NULL,1,'2026-01-19 07:13:37'),(430,'2025-07-23 17:59:59',36,'DB1.DBD56',771.1200,13,19,NULL,1,'2026-01-19 07:13:37'),(431,'2025-07-24 17:59:59',36,'DB1.DBD56',832.6700,13,19,NULL,1,'2026-01-19 07:13:37'),(432,'2025-07-25 17:59:59',36,'DB1.DBD56',306.2300,13,19,NULL,1,'2026-01-19 07:13:37'),(433,'2025-07-26 17:59:59',36,'DB1.DBD56',418.7800,13,19,NULL,1,'2026-01-19 07:13:37'),(434,'2025-07-27 17:59:59',36,'DB1.DBD56',531.3400,13,19,NULL,1,'2026-01-19 07:13:37'),(435,'2025-07-28 17:59:59',36,'DB1.DBD56',643.9000,13,19,NULL,1,'2026-01-19 07:13:37'),(436,'2025-07-29 17:59:59',36,'DB1.DBD56',756.4500,13,19,NULL,1,'2026-01-19 07:13:37'),(437,'2025-07-30 17:59:59',36,'DB1.DBD56',208.0000,13,19,NULL,1,'2026-01-19 07:13:37'),(438,'2025-07-31 17:59:59',36,'DB1.DBD56',325.5600,13,19,NULL,1,'2026-01-19 07:13:37'),(439,'2025-08-01 17:59:59',36,'DB1.DBD56',438.1200,13,19,NULL,1,'2026-01-19 07:13:37'),(440,'2025-08-02 17:59:59',36,'DB1.DBD56',550.6700,13,19,NULL,1,'2026-01-19 07:13:37'),(441,'2025-08-03 17:59:59',36,'DB1.DBD56',663.2300,13,19,NULL,1,'2026-01-19 07:13:37'),(442,'2025-08-04 17:59:59',36,'DB1.DBD56',775.7800,13,19,NULL,1,'2026-01-19 07:13:37'),(443,'2025-08-05 17:59:59',36,'DB1.DBD56',838.3400,13,19,NULL,1,'2026-01-19 07:13:37'),(444,'2025-08-06 17:59:59',36,'DB1.DBD56',283.9000,13,19,NULL,1,'2026-01-19 07:13:37'),(445,'2025-08-07 17:59:59',36,'DB1.DBD56',396.4500,13,19,NULL,1,'2026-01-19 07:13:37'),(446,'2025-08-08 17:59:59',36,'DB1.DBD56',509.0000,13,19,NULL,1,'2026-01-19 07:13:37'),(447,'2025-08-09 17:59:59',36,'DB1.DBD56',621.5600,13,19,NULL,1,'2026-01-19 07:13:37'),(448,'2025-08-10 17:59:59',36,'DB1.DBD56',734.1200,13,19,NULL,1,'2026-01-19 07:13:37'),(449,'2025-08-11 17:59:59',36,'DB1.DBD56',200.6700,13,19,NULL,1,'2026-01-19 07:13:37'),(450,'2025-08-12 17:59:59',36,'DB1.DBD56',318.2300,13,19,NULL,1,'2026-01-19 07:13:37'),(451,'2025-08-13 17:59:59',36,'DB1.DBD56',430.7800,13,19,NULL,1,'2026-01-19 07:13:37'),(452,'2025-08-14 17:59:59',36,'DB1.DBD56',543.3400,13,19,NULL,1,'2026-01-19 07:13:37'),(453,'2025-08-15 17:59:59',36,'DB1.DBD56',655.9000,13,19,NULL,1,'2026-01-19 07:13:37'),(454,'2025-08-16 17:59:59',36,'DB1.DBD56',768.4500,13,19,NULL,1,'2026-01-19 07:13:37'),(455,'2025-08-17 17:59:59',36,'DB1.DBD56',831.0000,13,19,NULL,1,'2026-01-19 07:13:37'),(456,'2025-08-18 17:59:59',36,'DB1.DBD56',296.5600,13,19,NULL,1,'2026-01-19 07:13:37'),(457,'2025-08-19 17:59:59',36,'DB1.DBD56',409.1200,13,19,NULL,1,'2026-01-19 07:13:37'),(458,'2025-08-20 17:59:59',36,'DB1.DBD56',521.6700,13,19,NULL,1,'2026-01-19 07:13:37'),(459,'2025-08-21 17:59:59',36,'DB1.DBD56',634.2300,13,19,NULL,1,'2026-01-19 07:13:37'),(460,'2025-08-22 17:59:59',36,'DB1.DBD56',746.7800,13,19,NULL,1,'2026-01-19 07:13:37'),(461,'2025-08-23 17:59:59',36,'DB1.DBD56',214.3400,13,19,NULL,1,'2026-01-19 07:13:37'),(462,'2025-08-24 17:59:59',36,'DB1.DBD56',331.9000,13,19,NULL,1,'2026-01-19 07:13:37'),(463,'2025-08-25 17:59:59',36,'DB1.DBD56',444.4500,13,19,NULL,1,'2026-01-19 07:13:37'),(464,'2025-08-26 17:59:59',36,'DB1.DBD56',557.0000,13,19,NULL,1,'2026-01-19 07:13:37'),(465,'2025-08-27 17:59:59',36,'DB1.DBD56',669.5600,13,19,NULL,1,'2026-01-19 07:13:37'),(466,'2025-08-28 17:59:59',36,'DB1.DBD56',782.1200,13,19,NULL,1,'2026-01-19 07:13:37'),(467,'2025-08-29 17:59:59',36,'DB1.DBD56',844.6700,13,19,NULL,1,'2026-01-19 07:13:37'),(468,'2025-08-30 17:59:59',36,'DB1.DBD56',275.2300,13,19,NULL,1,'2026-01-19 07:13:37'),(469,'2025-08-31 17:59:59',36,'DB1.DBD56',387.7800,13,19,NULL,1,'2026-01-19 07:13:37'),(470,'2025-09-01 17:59:59',36,'DB1.DBD56',500.3400,13,19,NULL,1,'2026-01-19 07:13:37'),(471,'2025-09-02 17:59:59',36,'DB1.DBD56',612.9000,13,19,NULL,1,'2026-01-19 07:13:37'),(472,'2025-09-03 17:59:59',36,'DB1.DBD56',725.4500,13,19,NULL,1,'2026-01-19 07:13:37'),(473,'2025-09-04 17:59:59',36,'DB1.DBD56',205.0000,13,19,NULL,1,'2026-01-19 07:13:37'),(474,'2025-09-05 17:59:59',36,'DB1.DBD56',322.5600,13,19,NULL,1,'2026-01-19 07:13:37'),(475,'2025-09-06 17:59:59',36,'DB1.DBD56',435.1200,13,19,NULL,1,'2026-01-19 07:13:37'),(476,'2025-09-07 17:59:59',36,'DB1.DBD56',547.6700,13,19,NULL,1,'2026-01-19 07:13:37'),(477,'2025-09-08 17:59:59',36,'DB1.DBD56',660.2300,13,19,NULL,1,'2026-01-19 07:13:37'),(478,'2025-09-09 17:59:59',36,'DB1.DBD56',772.7800,13,19,NULL,1,'2026-01-19 07:13:37'),(479,'2025-09-10 17:59:59',36,'DB1.DBD56',835.3400,13,19,NULL,1,'2026-01-19 07:13:37'),(480,'2025-09-11 17:59:59',36,'DB1.DBD56',288.9000,13,19,NULL,1,'2026-01-19 07:13:37'),(481,'2025-09-12 17:59:59',36,'DB1.DBD56',401.4500,13,19,NULL,1,'2026-01-19 07:13:37'),(482,'2025-09-13 17:59:59',36,'DB1.DBD56',514.0000,13,19,NULL,1,'2026-01-19 07:13:37'),(483,'2025-09-14 17:59:59',36,'DB1.DBD56',626.5600,13,19,NULL,1,'2026-01-19 07:13:37'),(484,'2025-09-15 17:59:59',36,'DB1.DBD56',739.1200,13,19,NULL,1,'2026-01-19 07:13:37'),(485,'2025-09-16 17:59:59',36,'DB1.DBD56',198.6700,13,19,NULL,1,'2026-01-19 07:13:37'),(486,'2025-09-17 17:59:59',36,'DB1.DBD56',316.2300,13,19,NULL,1,'2026-01-19 07:13:37'),(487,'2025-09-18 17:59:59',36,'DB1.DBD56',428.7800,13,19,NULL,1,'2026-01-19 07:13:37'),(488,'2025-09-19 17:59:59',36,'DB1.DBD56',541.3400,13,19,NULL,1,'2026-01-19 07:13:37'),(489,'2025-09-20 17:59:59',36,'DB1.DBD56',653.9000,13,19,NULL,1,'2026-01-19 07:13:37'),(490,'2025-09-21 17:59:59',36,'DB1.DBD56',766.4500,13,19,NULL,1,'2026-01-19 07:13:37'),(491,'2025-09-22 17:59:59',36,'DB1.DBD56',829.0000,13,19,NULL,1,'2026-01-19 07:13:37'),(492,'2025-09-23 17:59:59',36,'DB1.DBD56',281.5600,13,19,NULL,1,'2026-01-19 07:13:37'),(493,'2025-09-24 17:59:59',36,'DB1.DBD56',394.1200,13,19,NULL,1,'2026-01-19 07:13:37'),(494,'2025-09-25 17:59:59',36,'DB1.DBD56',506.6700,13,19,NULL,1,'2026-01-19 07:13:37'),(495,'2025-09-26 17:59:59',36,'DB1.DBD56',619.2300,13,19,NULL,1,'2026-01-19 07:13:37'),(496,'2025-09-27 17:59:59',36,'DB1.DBD56',731.7800,13,19,NULL,1,'2026-01-19 07:13:37'),(497,'2025-09-28 17:59:59',36,'DB1.DBD56',212.3400,13,19,NULL,1,'2026-01-19 07:13:37'),(498,'2025-09-29 17:59:59',36,'DB1.DBD56',329.9000,13,19,NULL,1,'2026-01-19 07:13:37'),(499,'2025-09-30 17:59:59',36,'DB1.DBD56',442.4500,13,19,NULL,1,'2026-01-19 07:13:37'),(500,'2025-10-01 17:59:59',36,'DB1.DBD56',555.0000,13,19,NULL,1,'2026-01-19 07:13:37'),(501,'2025-10-02 17:59:59',36,'DB1.DBD56',667.5600,13,19,NULL,1,'2026-01-19 07:13:37'),(502,'2025-10-03 17:59:59',36,'DB1.DBD56',780.1200,13,19,NULL,1,'2026-01-19 07:13:37'),(503,'2025-10-04 17:59:59',36,'DB1.DBD56',842.6700,13,19,NULL,1,'2026-01-19 07:13:37'),(504,'2025-10-05 17:59:59',36,'DB1.DBD56',298.2300,13,19,NULL,1,'2026-01-19 07:13:37'),(505,'2025-10-06 17:59:59',36,'DB1.DBD56',410.7800,13,19,NULL,1,'2026-01-19 07:13:37'),(506,'2025-10-07 17:59:59',36,'DB1.DBD56',523.3400,13,19,NULL,1,'2026-01-19 07:13:37'),(507,'2025-10-08 17:59:59',36,'DB1.DBD56',635.9000,13,19,NULL,1,'2026-01-19 07:13:37'),(508,'2025-10-09 17:59:59',36,'DB1.DBD56',748.4500,13,19,NULL,1,'2026-01-19 07:13:37'),(509,'2025-10-10 17:59:59',36,'DB1.DBD56',203.0000,13,19,NULL,1,'2026-01-19 07:13:37'),(510,'2025-10-11 17:59:59',36,'DB1.DBD56',320.5600,13,19,NULL,1,'2026-01-19 07:13:37'),(511,'2025-10-12 17:59:59',36,'DB1.DBD56',433.1200,13,19,NULL,1,'2026-01-19 07:13:37'),(512,'2025-10-13 17:59:59',36,'DB1.DBD56',545.6700,13,19,NULL,1,'2026-01-19 07:13:37'),(513,'2025-10-14 17:59:59',36,'DB1.DBD56',658.2300,13,19,NULL,1,'2026-01-19 07:13:37'),(514,'2025-10-15 17:59:59',36,'DB1.DBD56',770.7800,13,19,NULL,1,'2026-01-19 07:13:37'),(515,'2025-10-16 17:59:59',36,'DB1.DBD56',833.3400,13,19,NULL,1,'2026-01-19 07:13:37'),(516,'2025-10-17 17:59:59',36,'DB1.DBD56',285.9000,13,19,NULL,1,'2026-01-19 07:13:37'),(517,'2025-10-18 17:59:59',36,'DB1.DBD56',398.4500,13,19,NULL,1,'2026-01-19 07:13:37'),(518,'2025-10-19 17:59:59',36,'DB1.DBD56',511.0000,13,19,NULL,1,'2026-01-19 07:13:37'),(519,'2025-10-20 17:59:59',36,'DB1.DBD56',623.5600,13,19,NULL,1,'2026-01-19 07:13:37'),(520,'2025-10-21 17:59:59',36,'DB1.DBD56',736.1200,13,19,NULL,1,'2026-01-19 07:13:37'),(521,'2025-10-22 17:59:59',36,'DB1.DBD56',201.6700,13,19,NULL,1,'2026-01-19 07:13:37'),(522,'2025-10-23 17:59:59',36,'DB1.DBD56',319.2300,13,19,NULL,1,'2026-01-19 07:13:37'),(523,'2025-10-24 17:59:59',36,'DB1.DBD56',431.7800,13,19,NULL,1,'2026-01-19 07:13:37'),(524,'2025-10-25 17:59:59',36,'DB1.DBD56',544.3400,13,19,NULL,1,'2026-01-19 07:13:37'),(525,'2025-10-26 17:59:59',36,'DB1.DBD56',656.9000,13,19,NULL,1,'2026-01-19 07:13:37'),(526,'2025-10-27 17:59:59',36,'DB1.DBD56',769.4500,13,19,NULL,1,'2026-01-19 07:13:37'),(527,'2025-10-28 17:59:59',36,'DB1.DBD56',832.0000,13,19,NULL,1,'2026-01-19 07:13:37'),(528,'2025-10-29 17:59:59',36,'DB1.DBD56',293.5600,13,19,NULL,1,'2026-01-19 07:13:37'),(529,'2025-10-30 17:59:59',36,'DB1.DBD56',406.1200,13,19,NULL,1,'2026-01-19 07:13:37'),(530,'2025-10-31 17:59:59',36,'DB1.DBD56',518.6700,13,19,NULL,1,'2026-01-19 07:13:37'),(531,'2025-07-18 18:00:00',37,'DB4.DBD23',23.5000,12,19,NULL,1,'2026-01-19 07:13:37'),(532,'2025-07-19 17:59:59',37,'DB4.DBD23',21.2000,12,19,NULL,1,'2026-01-19 07:13:37'),(533,'2025-07-20 17:59:59',37,'DB4.DBD23',25.0000,12,19,NULL,1,'2026-01-19 07:13:37'),(534,'2025-07-21 17:59:59',37,'DB4.DBD23',27.1000,12,19,NULL,1,'2026-01-19 07:13:37'),(535,'2025-07-22 17:59:59',37,'DB4.DBD23',29.2000,12,19,NULL,1,'2026-01-19 07:13:37'),(536,'2025-07-23 17:59:59',37,'DB4.DBD23',31.3000,12,19,NULL,1,'2026-01-19 07:13:37'),(537,'2025-07-24 17:59:59',37,'DB4.DBD23',32.2000,12,19,NULL,1,'2026-01-19 07:13:37'),(538,'2025-07-25 17:59:59',37,'DB4.DBD23',22.7000,12,19,NULL,1,'2026-01-19 07:13:37'),(539,'2025-07-26 17:59:59',37,'DB4.DBD23',24.4000,12,19,NULL,1,'2026-01-19 07:13:37'),(540,'2025-07-27 17:59:59',37,'DB4.DBD23',26.5000,12,19,NULL,1,'2026-01-19 07:13:37'),(541,'2025-07-28 17:59:59',37,'DB4.DBD23',28.6000,12,19,NULL,1,'2026-01-19 07:13:37'),(542,'2025-07-29 17:59:59',37,'DB4.DBD23',30.7000,12,19,NULL,1,'2026-01-19 07:13:37'),(543,'2025-07-30 17:59:59',37,'DB4.DBD23',20.3000,12,19,NULL,1,'2026-01-19 07:13:37'),(544,'2025-07-31 17:59:59',37,'DB4.DBD23',22.4000,12,19,NULL,1,'2026-01-19 07:13:37'),(545,'2025-08-01 17:59:59',37,'DB4.DBD23',24.5000,12,19,NULL,1,'2026-01-19 07:13:37'),(546,'2025-08-02 17:59:59',37,'DB4.DBD23',26.6000,12,19,NULL,1,'2026-01-19 07:13:37'),(547,'2025-08-03 17:59:59',37,'DB4.DBD23',28.7000,12,19,NULL,1,'2026-01-19 07:13:37'),(548,'2025-08-04 17:59:59',37,'DB4.DBD23',30.8000,12,19,NULL,1,'2026-01-19 07:13:37'),(549,'2025-08-05 17:59:59',37,'DB4.DBD23',32.3000,12,19,NULL,1,'2026-01-19 07:13:37'),(550,'2025-08-06 17:59:59',37,'DB4.DBD23',22.0000,12,19,NULL,1,'2026-01-19 07:13:37'),(551,'2025-08-07 17:59:59',37,'DB4.DBD23',23.8000,12,19,NULL,1,'2026-01-19 07:13:37'),(552,'2025-08-08 17:59:59',37,'DB4.DBD23',25.9000,12,19,NULL,1,'2026-01-19 07:13:37'),(553,'2025-08-09 17:59:59',37,'DB4.DBD23',28.0000,12,19,NULL,1,'2026-01-19 07:13:37'),(554,'2025-08-10 17:59:59',37,'DB4.DBD23',30.1000,12,19,NULL,1,'2026-01-19 07:13:37'),(555,'2025-08-11 17:59:59',37,'DB4.DBD23',20.1000,12,19,NULL,1,'2026-01-19 07:13:37'),(556,'2025-08-12 17:59:59',37,'DB4.DBD23',22.2000,12,19,NULL,1,'2026-01-19 07:13:37'),(557,'2025-08-13 17:59:59',37,'DB4.DBD23',24.3000,12,19,NULL,1,'2026-01-19 07:13:37'),(558,'2025-08-14 17:59:59',37,'DB4.DBD23',26.4000,12,19,NULL,1,'2026-01-19 07:13:37'),(559,'2025-08-15 17:59:59',37,'DB4.DBD23',28.5000,12,19,NULL,1,'2026-01-19 07:13:37'),(560,'2025-08-16 17:59:59',37,'DB4.DBD23',30.6000,12,19,NULL,1,'2026-01-19 07:13:37'),(561,'2025-08-17 17:59:59',37,'DB4.DBD23',32.0000,12,19,NULL,1,'2026-01-19 07:13:37'),(562,'2025-08-18 17:59:59',37,'DB4.DBD23',22.6000,12,19,NULL,1,'2026-01-19 07:13:37'),(563,'2025-08-19 17:59:59',37,'DB4.DBD23',24.1000,12,19,NULL,1,'2026-01-19 07:13:37'),(564,'2025-08-20 17:59:59',37,'DB4.DBD23',26.2000,12,19,NULL,1,'2026-01-19 07:13:37'),(565,'2025-08-21 17:59:59',37,'DB4.DBD23',28.3000,12,19,NULL,1,'2026-01-19 07:13:37'),(566,'2025-08-22 17:59:59',37,'DB4.DBD23',30.4000,12,19,NULL,1,'2026-01-19 07:13:37'),(567,'2025-08-23 17:59:59',37,'DB4.DBD23',20.8000,12,19,NULL,1,'2026-01-19 07:13:37'),(568,'2025-08-24 17:59:59',37,'DB4.DBD23',22.9000,12,19,NULL,1,'2026-01-19 07:13:37'),(569,'2025-08-25 17:59:59',37,'DB4.DBD23',25.0000,12,19,NULL,1,'2026-01-19 07:13:37'),(570,'2025-08-26 17:59:59',37,'DB4.DBD23',27.1000,12,19,NULL,1,'2026-01-19 07:13:37'),(571,'2025-08-27 17:59:59',37,'DB4.DBD23',29.2000,12,19,NULL,1,'2026-01-19 07:13:37'),(572,'2025-08-28 17:59:59',37,'DB4.DBD23',31.3000,12,19,NULL,1,'2026-01-19 07:13:37'),(573,'2025-08-29 17:59:59',37,'DB4.DBD23',32.4000,12,19,NULL,1,'2026-01-19 07:13:37'),(574,'2025-08-30 17:59:59',37,'DB4.DBD23',21.8000,12,19,NULL,1,'2026-01-19 07:13:37'),(575,'2025-08-31 17:59:59',37,'DB4.DBD23',23.7000,12,19,NULL,1,'2026-01-19 07:13:37'),(576,'2025-09-01 17:59:59',37,'DB4.DBD23',25.8000,12,19,NULL,1,'2026-01-19 07:13:37'),(577,'2025-09-02 17:59:59',37,'DB4.DBD23',27.9000,12,19,NULL,1,'2026-01-19 07:13:37'),(578,'2025-09-03 17:59:59',37,'DB4.DBD23',30.0000,12,19,NULL,1,'2026-01-19 07:13:37'),(579,'2025-09-04 17:59:59',37,'DB4.DBD23',20.2000,12,19,NULL,1,'2026-01-19 07:13:37'),(580,'2025-09-05 17:59:59',37,'DB4.DBD23',22.3000,12,19,NULL,1,'2026-01-19 07:13:37'),(581,'2025-09-06 17:59:59',37,'DB4.DBD23',24.4000,12,19,NULL,1,'2026-01-19 07:13:37'),(582,'2025-09-07 17:59:59',37,'DB4.DBD23',26.5000,12,19,NULL,1,'2026-01-19 07:13:37'),(583,'2025-09-08 17:59:59',37,'DB4.DBD23',28.6000,12,19,NULL,1,'2026-01-19 07:13:37'),(584,'2025-09-09 17:59:59',37,'DB4.DBD23',30.7000,12,19,NULL,1,'2026-01-19 07:13:37'),(585,'2025-09-10 17:59:59',37,'DB4.DBD23',32.1000,12,19,NULL,1,'2026-01-19 07:13:37'),(586,'2025-09-11 17:59:59',37,'DB4.DBD23',22.1000,12,19,NULL,1,'2026-01-19 07:13:37'),(587,'2025-09-12 17:59:59',37,'DB4.DBD23',23.9000,12,19,NULL,1,'2026-01-19 07:13:37'),(588,'2025-09-13 17:59:59',37,'DB4.DBD23',26.0000,12,19,NULL,1,'2026-01-19 07:13:37'),(589,'2025-09-14 17:59:59',37,'DB4.DBD23',28.1000,12,19,NULL,1,'2026-01-19 07:13:37'),(590,'2025-09-15 17:59:59',37,'DB4.DBD23',30.2000,12,19,NULL,1,'2026-01-19 07:13:37'),(591,'2025-09-16 17:59:59',37,'DB4.DBD23',20.0000,12,19,NULL,1,'2026-01-19 07:13:37'),(592,'2025-09-17 17:59:59',37,'DB4.DBD23',22.1000,12,19,NULL,1,'2026-01-19 07:13:37'),(593,'2025-09-18 17:59:59',37,'DB4.DBD23',24.2000,12,19,NULL,1,'2026-01-19 07:13:37'),(594,'2025-09-19 17:59:59',37,'DB4.DBD23',26.3000,12,19,NULL,1,'2026-01-19 07:13:37'),(595,'2025-09-20 17:59:59',37,'DB4.DBD23',28.4000,12,19,NULL,1,'2026-01-19 07:13:37'),(596,'2025-09-21 17:59:59',37,'DB4.DBD23',30.5000,12,19,NULL,1,'2026-01-19 07:13:37'),(597,'2025-09-22 17:59:59',37,'DB4.DBD23',31.9000,12,19,NULL,1,'2026-01-19 07:13:37'),(598,'2025-09-23 17:59:59',37,'DB4.DBD23',21.9000,12,19,NULL,1,'2026-01-19 07:13:37'),(599,'2025-09-24 17:59:59',37,'DB4.DBD23',23.6000,12,19,NULL,1,'2026-01-19 07:13:37'),(600,'2025-09-25 17:59:59',37,'DB4.DBD23',25.7000,12,19,NULL,1,'2026-01-19 07:13:37'),(601,'2025-09-26 17:59:59',37,'DB4.DBD23',27.8000,12,19,NULL,1,'2026-01-19 07:13:37'),(602,'2025-09-27 17:59:59',37,'DB4.DBD23',29.9000,12,19,NULL,1,'2026-01-19 07:13:37'),(603,'2025-09-28 17:59:59',37,'DB4.DBD23',20.7000,12,19,NULL,1,'2026-01-19 07:13:37'),(604,'2025-09-29 17:59:59',37,'DB4.DBD23',22.8000,12,19,NULL,1,'2026-01-19 07:13:37'),(605,'2025-09-30 17:59:59',37,'DB4.DBD23',24.9000,12,19,NULL,1,'2026-01-19 07:13:37'),(606,'2025-10-01 17:59:59',37,'DB4.DBD23',27.0000,12,19,NULL,1,'2026-01-19 07:13:37'),(607,'2025-10-02 17:59:59',37,'DB4.DBD23',29.1000,12,19,NULL,1,'2026-01-19 07:13:37'),(608,'2025-10-03 17:59:59',37,'DB4.DBD23',31.2000,12,19,NULL,1,'2026-01-19 07:13:37'),(609,'2025-10-04 17:59:59',37,'DB4.DBD23',32.3000,12,19,NULL,1,'2026-01-19 07:13:37'),(610,'2025-10-05 17:59:59',37,'DB4.DBD23',22.7000,12,19,NULL,1,'2026-01-19 07:13:37'),(611,'2025-10-06 17:59:59',37,'DB4.DBD23',24.2000,12,19,NULL,1,'2026-01-19 07:13:37'),(612,'2025-10-07 17:59:59',37,'DB4.DBD23',26.3000,12,19,NULL,1,'2026-01-19 07:13:37'),(613,'2025-10-08 17:59:59',37,'DB4.DBD23',28.4000,12,19,NULL,1,'2026-01-19 07:13:37'),(614,'2025-10-09 17:59:59',37,'DB4.DBD23',30.5000,12,19,NULL,1,'2026-01-19 07:13:37'),(615,'2025-10-10 17:59:59',37,'DB4.DBD23',20.4000,12,19,NULL,1,'2026-01-19 07:13:37'),(616,'2025-10-11 17:59:59',37,'DB4.DBD23',22.5000,12,19,NULL,1,'2026-01-19 07:13:37'),(617,'2025-10-12 17:59:59',37,'DB4.DBD23',24.6000,12,19,NULL,1,'2026-01-19 07:13:37'),(618,'2025-10-13 17:59:59',37,'DB4.DBD23',26.7000,12,19,NULL,1,'2026-01-19 07:13:37'),(619,'2025-10-14 17:59:59',37,'DB4.DBD23',28.8000,12,19,NULL,1,'2026-01-19 07:13:37'),(620,'2025-10-15 17:59:59',37,'DB4.DBD23',30.9000,12,19,NULL,1,'2026-01-19 07:13:37'),(621,'2025-10-16 17:59:59',37,'DB4.DBD23',32.2000,12,19,NULL,1,'2026-01-19 07:13:37'),(622,'2025-10-17 17:59:59',37,'DB4.DBD23',22.1000,12,19,NULL,1,'2026-01-19 07:13:37'),(623,'2025-10-18 17:59:59',37,'DB4.DBD23',23.9000,12,19,NULL,1,'2026-01-19 07:13:37'),(624,'2025-10-19 17:59:59',37,'DB4.DBD23',26.0000,12,19,NULL,1,'2026-01-19 07:13:37'),(625,'2025-10-20 17:59:59',37,'DB4.DBD23',28.1000,12,19,NULL,1,'2026-01-19 07:13:37'),(626,'2025-10-21 17:59:59',37,'DB4.DBD23',30.2000,12,19,NULL,1,'2026-01-19 07:13:37'),(627,'2025-10-22 17:59:59',37,'DB4.DBD23',20.1000,12,19,NULL,1,'2026-01-19 07:13:37'),(628,'2025-10-23 17:59:59',37,'DB4.DBD23',22.2000,12,19,NULL,1,'2026-01-19 07:13:37'),(629,'2025-10-24 17:59:59',37,'DB4.DBD23',24.3000,12,19,NULL,1,'2026-01-19 07:13:37'),(630,'2025-10-25 17:59:59',37,'DB4.DBD23',26.4000,12,19,NULL,1,'2026-01-19 07:13:37'),(631,'2025-10-26 17:59:59',37,'DB4.DBD23',28.5000,12,19,NULL,1,'2026-01-19 07:13:37'),(632,'2025-10-27 17:59:59',37,'DB4.DBD23',30.6000,12,19,NULL,1,'2026-01-19 07:13:37'),(633,'2025-10-28 17:59:59',37,'DB4.DBD23',32.0000,12,19,NULL,1,'2026-01-19 07:13:37'),(634,'2025-10-29 17:59:59',37,'DB4.DBD23',22.5000,12,19,NULL,1,'2026-01-19 07:13:37'),(635,'2025-10-30 17:59:59',37,'DB4.DBD23',24.0000,12,19,NULL,1,'2026-01-19 07:13:37'),(636,'2025-10-31 17:59:59',37,'DB4.DBD23',26.1000,12,19,NULL,1,'2026-01-19 07:13:37'),(637,'2025-07-18 18:00:00',31,'DB5.DBD120',289.4500,9,9,NULL,1,'2026-01-19 07:13:37'),(638,'2025-07-19 17:59:59',31,'DB5.DBD120',205.8900,9,9,NULL,1,'2026-01-19 07:13:37'),(639,'2025-07-20 17:59:59',31,'DB5.DBD120',426.4500,9,9,NULL,1,'2026-01-19 07:13:37'),(640,'2025-07-21 17:59:59',31,'DB5.DBD120',539.0000,9,9,NULL,1,'2026-01-19 07:13:37'),(641,'2025-07-22 17:59:59',31,'DB5.DBD120',651.5600,9,9,NULL,1,'2026-01-19 07:13:37'),(642,'2025-07-23 17:59:59',31,'DB5.DBD120',764.1200,9,9,NULL,1,'2026-01-19 07:13:37'),(643,'2025-07-24 17:59:59',31,'DB5.DBD120',817.6700,9,9,NULL,1,'2026-01-19 07:13:37'),(644,'2025-07-25 17:59:59',31,'DB5.DBD120',298.2300,9,9,NULL,1,'2026-01-19 07:13:37'),(645,'2025-07-26 17:59:59',31,'DB5.DBD120',409.7800,9,9,NULL,1,'2026-01-19 07:13:37'),(646,'2025-07-27 17:59:59',31,'DB5.DBD120',522.3400,9,9,NULL,1,'2026-01-19 07:13:37'),(647,'2025-07-28 17:59:59',31,'DB5.DBD120',634.9000,9,9,NULL,1,'2026-01-19 07:13:37'),(648,'2025-07-29 17:59:59',31,'DB5.DBD120',747.4500,9,9,NULL,1,'2026-01-19 07:13:37'),(649,'2025-07-30 17:59:59',31,'DB5.DBD120',192.0000,9,9,NULL,1,'2026-01-19 07:13:37'),(650,'2025-07-31 17:59:59',31,'DB5.DBD120',304.5600,9,9,NULL,1,'2026-01-19 07:13:37'),(651,'2025-08-01 17:59:59',31,'DB5.DBD120',417.1200,9,9,NULL,1,'2026-01-19 07:13:37'),(652,'2025-08-02 17:59:59',31,'DB5.DBD120',529.6700,9,9,NULL,1,'2026-01-19 07:13:37'),(653,'2025-08-03 17:59:59',31,'DB5.DBD120',642.2300,9,9,NULL,1,'2026-01-19 07:13:37'),(654,'2025-08-04 17:59:59',31,'DB5.DBD120',754.7800,9,9,NULL,1,'2026-01-19 07:13:37'),(655,'2025-08-05 17:59:59',31,'DB5.DBD120',818.3400,9,9,NULL,1,'2026-01-19 07:13:37'),(656,'2025-08-06 17:59:59',31,'DB5.DBD120',265.9000,9,9,NULL,1,'2026-01-19 07:13:37'),(657,'2025-08-07 17:59:59',31,'DB5.DBD120',378.4500,9,9,NULL,1,'2026-01-19 07:13:37'),(658,'2025-08-08 17:59:59',31,'DB5.DBD120',491.0000,9,9,NULL,1,'2026-01-19 07:13:37'),(659,'2025-08-09 17:59:59',31,'DB5.DBD120',603.5600,9,9,NULL,1,'2026-01-19 07:13:37'),(660,'2025-08-10 17:59:59',31,'DB5.DBD120',716.1200,9,9,NULL,1,'2026-01-19 07:13:37'),(661,'2025-08-11 17:59:59',31,'DB5.DBD120',181.6700,9,9,NULL,1,'2026-01-19 07:13:37'),(662,'2025-08-12 17:59:59',31,'DB5.DBD120',294.2300,9,9,NULL,1,'2026-01-19 07:13:37'),(663,'2025-08-13 17:59:59',31,'DB5.DBD120',406.7800,9,9,NULL,1,'2026-01-19 07:13:37'),(664,'2025-08-14 17:59:59',31,'DB5.DBD120',519.3400,9,9,NULL,1,'2026-01-19 07:13:37'),(665,'2025-08-15 17:59:59',31,'DB5.DBD120',631.9000,9,9,NULL,1,'2026-01-19 07:13:37'),(666,'2025-08-16 17:59:59',31,'DB5.DBD120',744.4500,9,9,NULL,1,'2026-01-19 07:13:37'),(667,'2025-08-17 17:59:59',31,'DB5.DBD120',807.0000,9,9,NULL,1,'2026-01-19 07:13:37'),(668,'2025-08-18 17:59:59',31,'DB5.DBD120',272.5600,9,9,NULL,1,'2026-01-19 07:13:37'),(669,'2025-08-19 17:59:59',31,'DB5.DBD120',385.1200,9,9,NULL,1,'2026-01-19 07:13:37'),(670,'2025-08-20 17:59:59',31,'DB5.DBD120',497.6700,9,9,NULL,1,'2026-01-19 07:13:37'),(671,'2025-08-21 17:59:59',31,'DB5.DBD120',610.2300,9,9,NULL,1,'2026-01-19 07:13:37'),(672,'2025-08-22 17:59:59',31,'DB5.DBD120',722.7800,9,9,NULL,1,'2026-01-19 07:13:37'),(673,'2025-08-23 17:59:59',31,'DB5.DBD120',194.3400,9,9,NULL,1,'2026-01-19 07:13:37'),(674,'2025-08-24 17:59:59',31,'DB5.DBD120',306.9000,9,9,NULL,1,'2026-01-19 07:13:37'),(675,'2025-08-25 17:59:59',31,'DB5.DBD120',419.4500,9,9,NULL,1,'2026-01-19 07:13:37'),(676,'2025-08-26 17:59:59',31,'DB5.DBD120',532.0000,9,9,NULL,1,'2026-01-19 07:13:37'),(677,'2025-08-27 17:59:59',31,'DB5.DBD120',644.5600,9,9,NULL,1,'2026-01-19 07:13:37'),(678,'2025-08-28 17:59:59',31,'DB5.DBD120',757.1200,9,9,NULL,1,'2026-01-19 07:13:37'),(679,'2025-08-29 17:59:59',31,'DB5.DBD120',819.6700,9,9,NULL,1,'2026-01-19 07:13:37'),(680,'2025-08-30 17:59:59',31,'DB5.DBD120',250.2300,9,9,NULL,1,'2026-01-19 07:13:37'),(681,'2025-08-31 17:59:59',31,'DB5.DBD120',362.7800,9,9,NULL,1,'2026-01-19 07:13:37'),(682,'2025-09-01 17:59:59',31,'DB5.DBD120',475.3400,9,9,NULL,1,'2026-01-19 07:13:37'),(683,'2025-09-02 17:59:59',31,'DB5.DBD120',587.9000,9,9,NULL,1,'2026-01-19 07:13:37'),(684,'2025-09-03 17:59:59',31,'DB5.DBD120',700.4500,9,9,NULL,1,'2026-01-19 07:13:37'),(685,'2025-09-04 17:59:59',31,'DB5.DBD120',184.0000,9,9,NULL,1,'2026-01-19 07:13:37'),(686,'2025-09-05 17:59:59',31,'DB5.DBD120',296.5600,9,9,NULL,1,'2026-01-19 07:13:37'),(687,'2025-09-06 17:59:59',31,'DB5.DBD120',409.1200,9,9,NULL,1,'2026-01-19 07:13:37'),(688,'2025-09-07 17:59:59',31,'DB5.DBD120',521.6700,9,9,NULL,1,'2026-01-19 07:13:37'),(689,'2025-09-08 17:59:59',31,'DB5.DBD120',634.2300,9,9,NULL,1,'2026-01-19 07:13:37'),(690,'2025-09-09 17:59:59',31,'DB5.DBD120',746.7800,9,9,NULL,1,'2026-01-19 07:13:37'),(691,'2025-09-10 17:59:59',31,'DB5.DBD120',809.3400,9,9,NULL,1,'2026-01-19 07:13:37'),(692,'2025-09-11 17:59:59',31,'DB5.DBD120',263.9000,9,9,NULL,1,'2026-01-19 07:13:37'),(693,'2025-09-12 17:59:59',31,'DB5.DBD120',376.4500,9,9,NULL,1,'2026-01-19 07:13:37'),(694,'2025-09-13 17:59:59',31,'DB5.DBD120',489.0000,9,9,NULL,1,'2026-01-19 07:13:37'),(695,'2025-09-14 17:59:59',31,'DB5.DBD120',601.5600,9,9,NULL,1,'2026-01-19 07:13:37'),(696,'2025-09-15 17:59:59',31,'DB5.DBD120',714.1200,9,9,NULL,1,'2026-01-19 07:13:37'),(697,'2025-09-16 17:59:59',31,'DB5.DBD120',177.6700,9,9,NULL,1,'2026-01-19 07:13:37'),(698,'2025-09-17 17:59:59',31,'DB5.DBD120',290.2300,9,9,NULL,1,'2026-01-19 07:13:37'),(699,'2025-09-18 17:59:59',31,'DB5.DBD120',402.7800,9,9,NULL,1,'2026-01-19 07:13:37'),(700,'2025-09-19 17:59:59',31,'DB5.DBD120',515.3400,9,9,NULL,1,'2026-01-19 07:13:37'),(701,'2025-09-20 17:59:59',31,'DB5.DBD120',627.9000,9,9,NULL,1,'2026-01-19 07:13:37'),(702,'2025-09-21 17:59:59',31,'DB5.DBD120',740.4500,9,9,NULL,1,'2026-01-19 07:13:37'),(703,'2025-09-22 17:59:59',31,'DB5.DBD120',803.0000,9,9,NULL,1,'2026-01-19 07:13:37'),(704,'2025-09-23 17:59:59',31,'DB5.DBD120',256.5600,9,9,NULL,1,'2026-01-19 07:13:37'),(705,'2025-09-24 17:59:59',31,'DB5.DBD120',369.1200,9,9,NULL,1,'2026-01-19 07:13:37'),(706,'2025-09-25 17:59:59',31,'DB5.DBD120',481.6700,9,9,NULL,1,'2026-01-19 07:13:37'),(707,'2025-09-26 17:59:59',31,'DB5.DBD120',594.2300,9,9,NULL,1,'2026-01-19 07:13:37'),(708,'2025-09-27 17:59:59',31,'DB5.DBD120',706.7800,9,9,NULL,1,'2026-01-19 07:13:37'),(709,'2025-09-28 17:59:59',31,'DB5.DBD120',190.3400,9,9,NULL,1,'2026-01-19 07:13:37'),(710,'2025-09-29 17:59:59',31,'DB5.DBD120',302.9000,9,9,NULL,1,'2026-01-19 07:13:37'),(711,'2025-09-30 17:59:59',31,'DB5.DBD120',415.4500,9,9,NULL,1,'2026-01-19 07:13:37'),(712,'2025-10-01 17:59:59',31,'DB5.DBD120',528.0000,9,9,NULL,1,'2026-01-19 07:13:37'),(713,'2025-10-02 17:59:59',31,'DB5.DBD120',640.5600,9,9,NULL,1,'2026-01-19 07:13:37'),(714,'2025-10-03 17:59:59',31,'DB5.DBD120',753.1200,9,9,NULL,1,'2026-01-19 07:13:37'),(715,'2025-10-04 17:59:59',31,'DB5.DBD120',815.6700,9,9,NULL,1,'2026-01-19 07:13:37'),(716,'2025-10-05 17:59:59',31,'DB5.DBD120',274.2300,9,9,NULL,1,'2026-01-19 07:13:37'),(717,'2025-10-06 17:59:59',31,'DB5.DBD120',386.7800,9,9,NULL,1,'2026-01-19 07:13:37'),(718,'2025-10-07 17:59:59',31,'DB5.DBD120',499.3400,9,9,NULL,1,'2026-01-19 07:13:37'),(719,'2025-10-08 17:59:59',31,'DB5.DBD120',611.9000,9,9,NULL,1,'2026-01-19 07:13:37'),(720,'2025-10-09 17:59:59',31,'DB5.DBD120',724.4500,9,9,NULL,1,'2026-01-19 07:13:37'),(721,'2025-10-10 17:59:59',31,'DB5.DBD120',182.6700,9,9,NULL,1,'2026-01-19 07:13:37'),(722,'2025-10-11 17:59:59',31,'DB5.DBD120',295.2300,9,9,NULL,1,'2026-01-19 07:13:37'),(723,'2025-10-12 17:59:59',31,'DB5.DBD120',407.7800,9,9,NULL,1,'2026-01-19 07:13:37'),(724,'2025-10-13 17:59:59',31,'DB5.DBD120',520.3400,9,9,NULL,1,'2026-01-19 07:13:37'),(725,'2025-10-14 17:59:59',31,'DB5.DBD120',632.9000,9,9,NULL,1,'2026-01-19 07:13:37'),(726,'2025-10-15 17:59:59',31,'DB5.DBD120',745.4500,9,9,NULL,1,'2026-01-19 07:13:37'),(727,'2025-10-16 17:59:59',31,'DB5.DBD120',808.0000,9,9,NULL,1,'2026-01-19 07:13:37'),(728,'2025-10-17 17:59:59',31,'DB5.DBD120',260.5600,9,9,NULL,1,'2026-01-19 07:13:37'),(729,'2025-10-18 17:59:59',31,'DB5.DBD120',373.1200,9,9,NULL,1,'2026-01-19 07:13:37'),(730,'2025-10-19 17:59:59',31,'DB5.DBD120',485.6700,9,9,NULL,1,'2026-01-19 07:13:37'),(731,'2025-10-20 17:59:59',31,'DB5.DBD120',598.2300,9,9,NULL,1,'2026-01-19 07:13:37'),(732,'2025-10-21 17:59:59',31,'DB5.DBD120',710.7800,9,9,NULL,1,'2026-01-19 07:13:37'),(733,'2025-10-22 17:59:59',31,'DB5.DBD120',180.2300,9,9,NULL,1,'2026-01-19 07:13:37'),(734,'2025-10-23 17:59:59',31,'DB5.DBD120',292.7800,9,9,NULL,1,'2026-01-19 07:13:37'),(735,'2025-10-24 17:59:59',31,'DB5.DBD120',405.3400,9,9,NULL,1,'2026-01-19 07:13:37'),(736,'2025-10-25 17:59:59',31,'DB5.DBD120',517.9000,9,9,NULL,1,'2026-01-19 07:13:37'),(737,'2025-10-26 17:59:59',31,'DB5.DBD120',630.4500,9,9,NULL,1,'2026-01-19 07:13:37'),(738,'2025-10-27 17:59:59',31,'DB5.DBD120',743.0000,9,9,NULL,1,'2026-01-19 07:13:37'),(739,'2025-10-28 17:59:59',31,'DB5.DBD120',805.5600,9,9,NULL,1,'2026-01-19 07:13:37'),(740,'2025-10-29 17:59:59',31,'DB5.DBD120',268.1200,9,9,NULL,1,'2026-01-19 07:13:37'),(741,'2025-10-30 17:59:59',31,'DB5.DBD120',380.6700,9,9,NULL,1,'2026-01-19 07:13:37'),(742,'2025-10-31 17:59:59',31,'DB5.DBD120',493.2300,9,9,NULL,1,'2026-01-19 07:13:37'),(743,'2025-07-18 18:00:00',30,'DB8.DBD98',317.0000,13,9,NULL,1,'2026-01-19 07:13:37'),(744,'2025-07-19 17:59:59',30,'DB8.DBD98',228.4500,13,9,NULL,1,'2026-01-19 07:13:37'),(745,'2025-07-20 17:59:59',30,'DB8.DBD98',454.0000,13,9,NULL,1,'2026-01-19 07:13:37'),(746,'2025-07-21 17:59:59',30,'DB8.DBD98',566.5600,13,9,NULL,1,'2026-01-19 07:13:37'),(747,'2025-07-22 17:59:59',30,'DB8.DBD98',679.1200,13,9,NULL,1,'2026-01-19 07:13:37'),(748,'2025-07-23 17:59:59',30,'DB8.DBD98',791.6700,13,9,NULL,1,'2026-01-19 07:13:37'),(749,'2025-07-24 17:59:59',30,'DB8.DBD98',845.2300,13,9,NULL,1,'2026-01-19 07:13:37'),(750,'2025-07-25 17:59:59',30,'DB8.DBD98',325.7800,13,9,NULL,1,'2026-01-19 07:13:37'),(751,'2025-07-26 17:59:59',30,'DB8.DBD98',437.3400,13,9,NULL,1,'2026-01-19 07:13:37'),(752,'2025-07-27 17:59:59',30,'DB8.DBD98',549.9000,13,9,NULL,1,'2026-01-19 07:13:37'),(753,'2025-07-28 17:59:59',30,'DB8.DBD98',662.4500,13,9,NULL,1,'2026-01-19 07:13:37'),(754,'2025-07-29 17:59:59',30,'DB8.DBD98',775.0000,13,9,NULL,1,'2026-01-19 07:13:37'),(755,'2025-07-30 17:59:59',30,'DB8.DBD98',214.5600,13,9,NULL,1,'2026-01-19 07:13:37'),(756,'2025-07-31 17:59:59',30,'DB8.DBD98',332.1200,13,9,NULL,1,'2026-01-19 07:13:37'),(757,'2025-08-01 17:59:59',30,'DB8.DBD98',444.6700,13,9,NULL,1,'2026-01-19 07:13:37'),(758,'2025-08-02 17:59:59',30,'DB8.DBD98',557.2300,13,9,NULL,1,'2026-01-19 07:13:37'),(759,'2025-08-03 17:59:59',30,'DB8.DBD98',669.7800,13,9,NULL,1,'2026-01-19 07:13:37'),(760,'2025-08-04 17:59:59',30,'DB8.DBD98',782.3400,13,9,NULL,1,'2026-01-19 07:13:37'),(761,'2025-08-05 17:59:59',30,'DB8.DBD98',845.9000,13,9,NULL,1,'2026-01-19 07:13:37'),(762,'2025-08-06 17:59:59',30,'DB8.DBD98',293.4500,13,9,NULL,1,'2026-01-19 07:13:37'),(763,'2025-08-07 17:59:59',30,'DB8.DBD98',406.0000,13,9,NULL,1,'2026-01-19 07:13:37'),(764,'2025-08-08 17:59:59',30,'DB8.DBD98',518.5600,13,9,NULL,1,'2026-01-19 07:13:37'),(765,'2025-08-09 17:59:59',30,'DB8.DBD98',631.1200,13,9,NULL,1,'2026-01-19 07:13:37'),(766,'2025-08-10 17:59:59',30,'DB8.DBD98',743.6700,13,9,NULL,1,'2026-01-19 07:13:37'),(767,'2025-08-11 17:59:59',30,'DB8.DBD98',204.2300,13,9,NULL,1,'2026-01-19 07:13:37'),(768,'2025-08-12 17:59:59',30,'DB8.DBD98',321.7800,13,9,NULL,1,'2026-01-19 07:13:37'),(769,'2025-08-13 17:59:59',30,'DB8.DBD98',434.3400,13,9,NULL,1,'2026-01-19 07:13:37'),(770,'2025-08-14 17:59:59',30,'DB8.DBD98',546.9000,13,9,NULL,1,'2026-01-19 07:13:37'),(771,'2025-08-15 17:59:59',30,'DB8.DBD98',659.4500,13,9,NULL,1,'2026-01-19 07:13:37'),(772,'2025-08-16 17:59:59',30,'DB8.DBD98',772.0000,13,9,NULL,1,'2026-01-19 07:13:37'),(773,'2025-08-17 17:59:59',30,'DB8.DBD98',834.5600,13,9,NULL,1,'2026-01-19 07:13:37'),(774,'2025-08-18 17:59:59',30,'DB8.DBD98',300.1200,13,9,NULL,1,'2026-01-19 07:13:37'),(775,'2025-08-19 17:59:59',30,'DB8.DBD98',412.6700,13,9,NULL,1,'2026-01-19 07:13:37'),(776,'2025-08-20 17:59:59',30,'DB8.DBD98',525.2300,13,9,NULL,1,'2026-01-19 07:13:37'),(777,'2025-08-21 17:59:59',30,'DB8.DBD98',637.7800,13,9,NULL,1,'2026-01-19 07:13:37'),(778,'2025-08-22 17:59:59',30,'DB8.DBD98',750.3400,13,9,NULL,1,'2026-01-19 07:13:37'),(779,'2025-08-23 17:59:59',30,'DB8.DBD98',216.9000,13,9,NULL,1,'2026-01-19 07:13:37'),(780,'2025-08-24 17:59:59',30,'DB8.DBD98',334.4500,13,9,NULL,1,'2026-01-19 07:13:37'),(781,'2025-08-25 17:59:59',30,'DB8.DBD98',447.0000,13,9,NULL,1,'2026-01-19 07:13:37'),(782,'2025-08-26 17:59:59',30,'DB8.DBD98',559.5600,13,9,NULL,1,'2026-01-19 07:13:37'),(783,'2025-08-27 17:59:59',30,'DB8.DBD98',672.1200,13,9,NULL,1,'2026-01-19 07:13:37'),(784,'2025-08-28 17:59:59',30,'DB8.DBD98',784.6700,13,9,NULL,1,'2026-01-19 07:13:37'),(785,'2025-08-29 17:59:59',30,'DB8.DBD98',847.2300,13,9,NULL,1,'2026-01-19 07:13:37'),(786,'2025-08-30 17:59:59',30,'DB8.DBD98',277.7800,13,9,NULL,1,'2026-01-19 07:13:37'),(787,'2025-08-31 17:59:59',30,'DB8.DBD98',390.3400,13,9,NULL,1,'2026-01-19 07:13:37'),(788,'2025-09-01 17:59:59',30,'DB8.DBD98',502.9000,13,9,NULL,1,'2026-01-19 07:13:37'),(789,'2025-09-02 17:59:59',30,'DB8.DBD98',615.4500,13,9,NULL,1,'2026-01-19 07:13:37'),(790,'2025-09-03 17:59:59',30,'DB8.DBD98',728.0000,13,9,NULL,1,'2026-01-19 07:13:37'),(791,'2025-09-04 17:59:59',30,'DB8.DBD98',206.5600,13,9,NULL,1,'2026-01-19 07:13:37'),(792,'2025-09-05 17:59:59',30,'DB8.DBD98',324.1200,13,9,NULL,1,'2026-01-19 07:13:37'),(793,'2025-09-06 17:59:59',30,'DB8.DBD98',436.6700,13,9,NULL,1,'2026-01-19 07:13:37'),(794,'2025-09-07 17:59:59',30,'DB8.DBD98',549.2300,13,9,NULL,1,'2026-01-19 07:13:37'),(795,'2025-09-08 17:59:59',30,'DB8.DBD98',661.7800,13,9,NULL,1,'2026-01-19 07:13:37'),(796,'2025-09-09 17:59:59',30,'DB8.DBD98',774.3400,13,9,NULL,1,'2026-01-19 07:13:37'),(797,'2025-09-10 17:59:59',30,'DB8.DBD98',836.9000,13,9,NULL,1,'2026-01-19 07:13:37'),(798,'2025-09-11 17:59:59',30,'DB8.DBD98',291.4500,13,9,NULL,1,'2026-01-19 07:13:37'),(799,'2025-09-12 17:59:59',30,'DB8.DBD98',404.0000,13,9,NULL,1,'2026-01-19 07:13:37'),(800,'2025-09-13 17:59:59',30,'DB8.DBD98',516.5600,13,9,NULL,1,'2026-01-19 07:13:37'),(801,'2025-09-14 17:59:59',30,'DB8.DBD98',629.1200,13,9,NULL,1,'2026-01-19 07:13:37'),(802,'2025-09-15 17:59:59',30,'DB8.DBD98',741.6700,13,9,NULL,1,'2026-01-19 07:13:37'),(803,'2025-09-16 17:59:59',30,'DB8.DBD98',200.2300,13,9,NULL,1,'2026-01-19 07:13:37'),(804,'2025-09-17 17:59:59',30,'DB8.DBD98',317.7800,13,9,NULL,1,'2026-01-19 07:13:37'),(805,'2025-09-18 17:59:59',30,'DB8.DBD98',430.3400,13,9,NULL,1,'2026-01-19 07:13:37'),(806,'2025-09-19 17:59:59',30,'DB8.DBD98',542.9000,13,9,NULL,1,'2026-01-19 07:13:37'),(807,'2025-09-20 17:59:59',30,'DB8.DBD98',655.4500,13,9,NULL,1,'2026-01-19 07:13:37'),(808,'2025-09-21 17:59:59',30,'DB8.DBD98',768.0000,13,9,NULL,1,'2026-01-19 07:13:37'),(809,'2025-09-22 17:59:59',30,'DB8.DBD98',830.5600,13,9,NULL,1,'2026-01-19 07:13:37'),(810,'2025-09-23 17:59:59',30,'DB8.DBD98',284.1200,13,9,NULL,1,'2026-01-19 07:13:37'),(811,'2025-09-24 17:59:59',30,'DB8.DBD98',396.6700,13,9,NULL,1,'2026-01-19 07:13:37'),(812,'2025-09-25 17:59:59',30,'DB8.DBD98',509.2300,13,9,NULL,1,'2026-01-19 07:13:37'),(813,'2025-09-26 17:59:59',30,'DB8.DBD98',621.7800,13,9,NULL,1,'2026-01-19 07:13:37'),(814,'2025-09-27 17:59:59',30,'DB8.DBD98',734.3400,13,9,NULL,1,'2026-01-19 07:13:37'),(815,'2025-09-28 17:59:59',30,'DB8.DBD98',212.9000,13,9,NULL,1,'2026-01-19 07:13:37'),(816,'2025-09-29 17:59:59',30,'DB8.DBD98',330.4500,13,9,NULL,1,'2026-01-19 07:13:37'),(817,'2025-09-30 17:59:59',30,'DB8.DBD98',443.0000,13,9,NULL,1,'2026-01-19 07:13:37'),(818,'2025-10-01 17:59:59',30,'DB8.DBD98',555.5600,13,9,NULL,1,'2026-01-19 07:13:37'),(819,'2025-10-02 17:59:59',30,'DB8.DBD98',668.1200,13,9,NULL,1,'2026-01-19 07:13:37'),(820,'2025-10-03 17:59:59',30,'DB8.DBD98',780.6700,13,9,NULL,1,'2026-01-19 07:13:37'),(821,'2025-10-04 17:59:59',30,'DB8.DBD98',843.2300,13,9,NULL,1,'2026-01-19 07:13:37'),(822,'2025-10-05 17:59:59',30,'DB8.DBD98',301.7800,13,9,NULL,1,'2026-01-19 07:13:37'),(823,'2025-10-06 17:59:59',30,'DB8.DBD98',414.3400,13,9,NULL,1,'2026-01-19 07:13:37'),(824,'2025-10-07 17:59:59',30,'DB8.DBD98',526.9000,13,9,NULL,1,'2026-01-19 07:13:37'),(825,'2025-10-08 17:59:59',30,'DB8.DBD98',639.4500,13,9,NULL,1,'2026-01-19 07:13:37'),(826,'2025-10-09 17:59:59',30,'DB8.DBD98',752.0000,13,9,NULL,1,'2026-01-19 07:13:37'),(827,'2025-10-10 17:59:59',30,'DB8.DBD98',205.2300,13,9,NULL,1,'2026-01-19 07:13:37'),(828,'2025-10-11 17:59:59',30,'DB8.DBD98',322.7800,13,9,NULL,1,'2026-01-19 07:13:37'),(829,'2025-10-12 17:59:59',30,'DB8.DBD98',435.3400,13,9,NULL,1,'2026-01-19 07:13:37'),(830,'2025-10-13 17:59:59',30,'DB8.DBD98',547.9000,13,9,NULL,1,'2026-01-19 07:13:37'),(831,'2025-10-14 17:59:59',30,'DB8.DBD98',660.4500,13,9,NULL,1,'2026-01-19 07:13:37'),(832,'2025-10-15 17:59:59',30,'DB8.DBD98',773.0000,13,9,NULL,1,'2026-01-19 07:13:37'),(833,'2025-10-16 17:59:59',30,'DB8.DBD98',835.5600,13,9,NULL,1,'2026-01-19 07:13:37'),(834,'2025-10-17 17:59:59',30,'DB8.DBD98',288.1200,13,9,NULL,1,'2026-01-19 07:13:37'),(835,'2025-10-18 17:59:59',30,'DB8.DBD98',400.6700,13,9,NULL,1,'2026-01-19 07:13:37'),(836,'2025-10-19 17:59:59',30,'DB8.DBD98',513.2300,13,9,NULL,1,'2026-01-19 07:13:37'),(837,'2025-10-20 17:59:59',30,'DB8.DBD98',625.7800,13,9,NULL,1,'2026-01-19 07:13:37'),(838,'2025-10-21 17:59:59',30,'DB8.DBD98',738.3400,13,9,NULL,1,'2026-01-19 07:13:37'),(839,'2025-10-22 17:59:59',30,'DB8.DBD98',202.7800,13,9,NULL,1,'2026-01-19 07:13:37'),(840,'2025-10-23 17:59:59',30,'DB8.DBD98',320.3400,13,9,NULL,1,'2026-01-19 07:13:37'),(841,'2025-10-24 17:59:59',30,'DB8.DBD98',432.9000,13,9,NULL,1,'2026-01-19 07:13:37'),(842,'2025-10-25 17:59:59',30,'DB8.DBD98',545.4500,13,9,NULL,1,'2026-01-19 07:13:37'),(843,'2025-10-26 17:59:59',30,'DB8.DBD98',658.0000,13,9,NULL,1,'2026-01-19 07:13:37'),(844,'2025-10-27 17:59:59',30,'DB8.DBD98',770.5600,13,9,NULL,1,'2026-01-19 07:13:37'),(845,'2025-10-28 17:59:59',30,'DB8.DBD98',833.1200,13,9,NULL,1,'2026-01-19 07:13:37'),(846,'2025-10-29 17:59:59',30,'DB8.DBD98',295.6700,13,9,NULL,1,'2026-01-19 07:13:37'),(847,'2025-10-30 17:59:59',30,'DB8.DBD98',408.2300,13,9,NULL,1,'2026-01-19 07:13:37'),(848,'2025-10-31 17:59:59',30,'DB8.DBD98',520.7800,13,9,NULL,1,'2026-01-19 07:13:37'),(849,'2025-07-18 18:00:00',29,'DB7.DBD32',23.1000,12,9,NULL,1,'2026-01-19 07:13:37'),(850,'2025-07-19 17:59:59',29,'DB7.DBD32',21.4000,12,9,NULL,1,'2026-01-19 07:13:37'),(851,'2025-07-20 17:59:59',29,'DB7.DBD32',25.2000,12,9,NULL,1,'2026-01-19 07:13:37'),(852,'2025-07-21 17:59:59',29,'DB7.DBD32',27.3000,12,9,NULL,1,'2026-01-19 07:13:37'),(853,'2025-07-22 17:59:59',29,'DB7.DBD32',29.4000,12,9,NULL,1,'2026-01-19 07:13:37'),(854,'2025-07-23 17:59:59',29,'DB7.DBD32',31.5000,12,9,NULL,1,'2026-01-19 07:13:37'),(855,'2025-07-24 17:59:59',29,'DB7.DBD32',32.4000,12,9,NULL,1,'2026-01-19 07:13:37'),(856,'2025-07-25 17:59:59',29,'DB7.DBD32',23.3000,12,9,NULL,1,'2026-01-19 07:13:37'),(857,'2025-07-26 17:59:59',29,'DB7.DBD32',25.4000,12,9,NULL,1,'2026-01-19 07:13:37'),(858,'2025-07-27 17:59:59',29,'DB7.DBD32',27.5000,12,9,NULL,1,'2026-01-19 07:13:37'),(859,'2025-07-28 17:59:59',29,'DB7.DBD32',29.6000,12,9,NULL,1,'2026-01-19 07:13:37'),(860,'2025-07-29 17:59:59',29,'DB7.DBD32',31.7000,12,9,NULL,1,'2026-01-19 07:13:37'),(861,'2025-07-30 17:59:59',29,'DB7.DBD32',20.6000,12,9,NULL,1,'2026-01-19 07:13:37'),(862,'2025-07-31 17:59:59',29,'DB7.DBD32',22.7000,12,9,NULL,1,'2026-01-19 07:13:37'),(863,'2025-08-01 17:59:59',29,'DB7.DBD32',24.8000,12,9,NULL,1,'2026-01-19 07:13:37'),(864,'2025-08-02 17:59:59',29,'DB7.DBD32',26.9000,12,9,NULL,1,'2026-01-19 07:13:37'),(865,'2025-08-03 17:59:59',29,'DB7.DBD32',29.0000,12,9,NULL,1,'2026-01-19 07:13:37'),(866,'2025-08-04 17:59:59',29,'DB7.DBD32',31.1000,12,9,NULL,1,'2026-01-19 07:13:37'),(867,'2025-08-05 17:59:59',29,'DB7.DBD32',32.5000,12,9,NULL,1,'2026-01-19 07:13:37'),(868,'2025-08-06 17:59:59',29,'DB7.DBD32',22.3000,12,9,NULL,1,'2026-01-19 07:13:37'),(869,'2025-08-07 17:59:59',29,'DB7.DBD32',24.0000,12,9,NULL,1,'2026-01-19 07:13:37'),(870,'2025-08-08 17:59:59',29,'DB7.DBD32',26.1000,12,9,NULL,1,'2026-01-19 07:13:37'),(871,'2025-08-09 17:59:59',29,'DB7.DBD32',28.2000,12,9,NULL,1,'2026-01-19 07:13:37'),(872,'2025-08-10 17:59:59',29,'DB7.DBD32',30.3000,12,9,NULL,1,'2026-01-19 07:13:37'),(873,'2025-08-11 17:59:59',29,'DB7.DBD32',20.5000,12,9,NULL,1,'2026-01-19 07:13:37'),(874,'2025-08-12 17:59:59',29,'DB7.DBD32',22.6000,12,9,NULL,1,'2026-01-19 07:13:37'),(875,'2025-08-13 17:59:59',29,'DB7.DBD32',24.7000,12,9,NULL,1,'2026-01-19 07:13:37'),(876,'2025-08-14 17:59:59',29,'DB7.DBD32',26.8000,12,9,NULL,1,'2026-01-19 07:13:37'),(877,'2025-08-15 17:59:59',29,'DB7.DBD32',28.9000,12,9,NULL,1,'2026-01-19 07:13:37'),(878,'2025-08-16 17:59:59',29,'DB7.DBD32',31.0000,12,9,NULL,1,'2026-01-19 07:13:37'),(879,'2025-08-17 17:59:59',29,'DB7.DBD32',32.1000,12,9,NULL,1,'2026-01-19 07:13:37'),(880,'2025-08-18 17:59:59',29,'DB7.DBD32',22.9000,12,9,NULL,1,'2026-01-19 07:13:37'),(881,'2025-08-19 17:59:59',29,'DB7.DBD32',24.3000,12,9,NULL,1,'2026-01-19 07:13:37'),(882,'2025-08-20 17:59:59',29,'DB7.DBD32',26.4000,12,9,NULL,1,'2026-01-19 07:13:37'),(883,'2025-08-21 17:59:59',29,'DB7.DBD32',28.5000,12,9,NULL,1,'2026-01-19 07:13:37'),(884,'2025-08-22 17:59:59',29,'DB7.DBD32',30.6000,12,9,NULL,1,'2026-01-19 07:13:37'),(885,'2025-08-23 17:59:59',29,'DB7.DBD32',20.9000,12,9,NULL,1,'2026-01-19 07:13:37'),(886,'2025-08-24 17:59:59',29,'DB7.DBD32',23.0000,12,9,NULL,1,'2026-01-19 07:13:37'),(887,'2025-08-25 17:59:59',29,'DB7.DBD32',25.1000,12,9,NULL,1,'2026-01-19 07:13:37'),(888,'2025-08-26 17:59:59',29,'DB7.DBD32',27.2000,12,9,NULL,1,'2026-01-19 07:13:37'),(889,'2025-08-27 17:59:59',29,'DB7.DBD32',29.3000,12,9,NULL,1,'2026-01-19 07:13:37'),(890,'2025-08-28 17:59:59',29,'DB7.DBD32',31.4000,12,9,NULL,1,'2026-01-19 07:13:37'),(891,'2025-08-29 17:59:59',29,'DB7.DBD32',32.6000,12,9,NULL,1,'2026-01-19 07:13:37'),(892,'2025-08-30 17:59:59',29,'DB7.DBD32',22.0000,12,9,NULL,1,'2026-01-19 07:13:37'),(893,'2025-08-31 17:59:59',29,'DB7.DBD32',23.8000,12,9,NULL,1,'2026-01-19 07:13:37'),(894,'2025-09-01 17:59:59',29,'DB7.DBD32',25.9000,12,9,NULL,1,'2026-01-19 07:13:37'),(895,'2025-09-02 17:59:59',29,'DB7.DBD32',28.0000,12,9,NULL,1,'2026-01-19 07:13:37'),(896,'2025-09-03 17:59:59',29,'DB7.DBD32',30.1000,12,9,NULL,1,'2026-01-19 07:13:37'),(897,'2025-09-04 17:59:59',29,'DB7.DBD32',20.4000,12,9,NULL,1,'2026-01-19 07:13:37'),(898,'2025-09-05 17:59:59',29,'DB7.DBD32',22.5000,12,9,NULL,1,'2026-01-19 07:13:37'),(899,'2025-09-06 17:59:59',29,'DB7.DBD32',24.6000,12,9,NULL,1,'2026-01-19 07:13:37'),(900,'2025-09-07 17:59:59',29,'DB7.DBD32',26.7000,12,9,NULL,1,'2026-01-19 07:13:37'),(901,'2025-09-08 17:59:59',29,'DB7.DBD32',28.8000,12,9,NULL,1,'2026-01-19 07:13:37'),(902,'2025-09-09 17:59:59',29,'DB7.DBD32',30.9000,12,9,NULL,1,'2026-01-19 07:13:37'),(903,'2025-09-10 17:59:59',29,'DB7.DBD32',32.2000,12,9,NULL,1,'2026-01-19 07:13:37'),(904,'2025-09-11 17:59:59',29,'DB7.DBD32',22.2000,12,9,NULL,1,'2026-01-19 07:13:37'),(905,'2025-09-12 17:59:59',29,'DB7.DBD32',23.9000,12,9,NULL,1,'2026-01-19 07:13:37'),(906,'2025-09-13 17:59:59',29,'DB7.DBD32',26.0000,12,9,NULL,1,'2026-01-19 07:13:37'),(907,'2025-09-14 17:59:59',29,'DB7.DBD32',28.1000,12,9,NULL,1,'2026-01-19 07:13:37'),(908,'2025-09-15 17:59:59',29,'DB7.DBD32',30.2000,12,9,NULL,1,'2026-01-19 07:13:37'),(909,'2025-09-16 17:59:59',29,'DB7.DBD32',20.2000,12,9,NULL,1,'2026-01-19 07:13:37'),(910,'2025-09-17 17:59:59',29,'DB7.DBD32',22.3000,12,9,NULL,1,'2026-01-19 07:13:37'),(911,'2025-09-18 17:59:59',29,'DB7.DBD32',24.4000,12,9,NULL,1,'2026-01-19 07:13:37'),(912,'2025-09-19 17:59:59',29,'DB7.DBD32',26.5000,12,9,NULL,1,'2026-01-19 07:13:37'),(913,'2025-09-20 17:59:59',29,'DB7.DBD32',28.6000,12,9,NULL,1,'2026-01-19 07:13:37'),(914,'2025-09-21 17:59:59',29,'DB7.DBD32',30.7000,12,9,NULL,1,'2026-01-19 07:13:37'),(915,'2025-09-22 17:59:59',29,'DB7.DBD32',31.8000,12,9,NULL,1,'2026-01-19 07:13:37'),(916,'2025-09-23 17:59:59',29,'DB7.DBD32',21.8000,12,9,NULL,1,'2026-01-19 07:13:37'),(917,'2025-09-24 17:59:59',29,'DB7.DBD32',23.7000,12,9,NULL,1,'2026-01-19 07:13:37'),(918,'2025-09-25 17:59:59',29,'DB7.DBD32',25.8000,12,9,NULL,1,'2026-01-19 07:13:37'),(919,'2025-09-26 17:59:59',29,'DB7.DBD32',27.9000,12,9,NULL,1,'2026-01-19 07:13:37'),(920,'2025-09-27 17:59:59',29,'DB7.DBD32',30.0000,12,9,NULL,1,'2026-01-19 07:13:37'),(921,'2025-09-28 17:59:59',29,'DB7.DBD32',20.8000,12,9,NULL,1,'2026-01-19 07:13:37'),(922,'2025-09-29 17:59:59',29,'DB7.DBD32',22.9000,12,9,NULL,1,'2026-01-19 07:13:37'),(923,'2025-09-30 17:59:59',29,'DB7.DBD32',25.0000,12,9,NULL,1,'2026-01-19 07:13:37'),(924,'2025-10-01 17:59:59',29,'DB7.DBD32',27.1000,12,9,NULL,1,'2026-01-19 07:13:37'),(925,'2025-10-02 17:59:59',29,'DB7.DBD32',29.2000,12,9,NULL,1,'2026-01-19 07:13:37'),(926,'2025-10-03 17:59:59',29,'DB7.DBD32',31.3000,12,9,NULL,1,'2026-01-19 07:13:37'),(927,'2025-10-04 17:59:59',29,'DB7.DBD32',32.4000,12,9,NULL,1,'2026-01-19 07:13:37'),(928,'2025-10-05 17:59:59',29,'DB7.DBD32',23.0000,12,9,NULL,1,'2026-01-19 07:13:37'),(929,'2025-10-06 17:59:59',29,'DB7.DBD32',24.1000,12,9,NULL,1,'2026-01-19 07:13:37'),(930,'2025-10-07 17:59:59',29,'DB7.DBD32',26.2000,12,9,NULL,1,'2026-01-19 07:13:37'),(931,'2025-10-08 17:59:59',29,'DB7.DBD32',28.3000,12,9,NULL,1,'2026-01-19 07:13:37'),(932,'2025-10-09 17:59:59',29,'DB7.DBD32',30.4000,12,9,NULL,1,'2026-01-19 07:13:37'),(933,'2025-10-10 17:59:59',29,'DB7.DBD32',20.3000,12,9,NULL,1,'2026-01-19 07:13:37'),(934,'2025-10-11 17:59:59',29,'DB7.DBD32',22.4000,12,9,NULL,1,'2026-01-19 07:13:37'),(935,'2025-10-12 17:59:59',29,'DB7.DBD32',24.5000,12,9,NULL,1,'2026-01-19 07:13:37'),(936,'2025-10-13 17:59:59',29,'DB7.DBD32',26.6000,12,9,NULL,1,'2026-01-19 07:13:37'),(937,'2025-10-14 17:59:59',29,'DB7.DBD32',28.7000,12,9,NULL,1,'2026-01-19 07:13:37'),(938,'2025-10-15 17:59:59',29,'DB7.DBD32',30.8000,12,9,NULL,1,'2026-01-19 07:13:37'),(939,'2025-10-16 17:59:59',29,'DB7.DBD32',32.1000,12,9,NULL,1,'2026-01-19 07:13:37'),(940,'2025-10-17 17:59:59',29,'DB7.DBD32',22.1000,12,9,NULL,1,'2026-01-19 07:13:37'),(941,'2025-10-18 17:59:59',29,'DB7.DBD32',23.9000,12,9,NULL,1,'2026-01-19 07:13:37'),(942,'2025-10-19 17:59:59',29,'DB7.DBD32',26.0000,12,9,NULL,1,'2026-01-19 07:13:37'),(943,'2025-10-20 17:59:59',29,'DB7.DBD32',28.1000,12,9,NULL,1,'2026-01-19 07:13:37'),(944,'2025-10-21 17:59:59',29,'DB7.DBD32',30.2000,12,9,NULL,1,'2026-01-19 07:13:37'),(945,'2025-10-22 17:59:59',29,'DB7.DBD32',20.4000,12,9,NULL,1,'2026-01-19 07:13:37'),(946,'2025-10-23 17:59:59',29,'DB7.DBD32',22.5000,12,9,NULL,1,'2026-01-19 07:13:37'),(947,'2025-10-24 17:59:59',29,'DB7.DBD32',24.6000,12,9,NULL,1,'2026-01-19 07:13:37'),(948,'2025-10-25 17:59:59',29,'DB7.DBD32',26.7000,12,9,NULL,1,'2026-01-19 07:13:37'),(949,'2025-10-26 17:59:59',29,'DB7.DBD32',28.8000,12,9,NULL,1,'2026-01-19 07:13:37'),(950,'2025-10-27 17:59:59',29,'DB7.DBD32',30.9000,12,9,NULL,1,'2026-01-19 07:13:37'),(951,'2025-10-28 17:59:59',29,'DB7.DBD32',32.0000,12,9,NULL,1,'2026-01-19 07:13:37'),(952,'2025-10-29 17:59:59',29,'DB7.DBD32',22.6000,12,9,NULL,1,'2026-01-19 07:13:37'),(953,'2025-10-30 17:59:59',29,'DB7.DBD32',24.1000,12,9,NULL,1,'2026-01-19 07:13:37'),(954,'2025-10-31 17:59:59',29,'DB7.DBD32',26.2000,12,9,NULL,1,'2026-01-19 07:13:37'),(955,'2025-07-18 18:00:00',32,'DB1.DBD106',256.3200,9,18,NULL,1,'2026-01-19 07:13:52'),(956,'2025-07-19 17:59:59',32,'DB1.DBD106',189.7600,9,18,NULL,1,'2026-01-19 07:13:52'),(957,'2025-07-20 17:59:59',32,'DB1.DBD106',321.8900,9,18,NULL,1,'2026-01-19 07:13:52'),(958,'2025-07-21 17:59:59',32,'DB1.DBD106',405.6700,9,18,NULL,1,'2026-01-19 07:13:52'),(959,'2025-07-22 17:59:59',32,'DB1.DBD106',156.9800,9,18,NULL,1,'2026-01-19 07:13:52'),(960,'2025-07-23 17:59:59',32,'DB1.DBD106',521.4500,9,18,NULL,1,'2026-01-19 07:13:52'),(961,'2025-07-24 17:59:59',32,'DB1.DBD106',612.3300,9,18,NULL,1,'2026-01-19 07:13:52'),(962,'2025-07-25 17:59:59',32,'DB1.DBD106',705.8900,9,18,NULL,1,'2026-01-19 07:13:52'),(963,'2025-07-26 17:59:59',32,'DB1.DBD106',188.6700,9,18,NULL,1,'2026-01-19 07:13:52'),(964,'2025-07-27 17:59:59',32,'DB1.DBD106',298.4500,9,18,NULL,1,'2026-01-19 07:13:52'),(965,'2025-07-28 17:59:59',32,'DB1.DBD106',456.7800,9,18,NULL,1,'2026-01-19 07:13:52'),(966,'2025-07-29 17:59:59',32,'DB1.DBD106',589.2300,9,18,NULL,1,'2026-01-19 07:13:52'),(967,'2025-07-30 17:59:59',32,'DB1.DBD106',678.9100,9,18,NULL,1,'2026-01-19 07:13:52'),(968,'2025-07-31 17:59:59',32,'DB1.DBD106',389.4500,9,18,NULL,1,'2026-01-19 07:13:52'),(969,'2025-08-01 17:59:59',32,'DB1.DBD106',198.7600,9,18,NULL,1,'2026-01-19 07:13:52'),(970,'2025-08-02 17:59:59',32,'DB1.DBD106',312.5400,9,18,NULL,1,'2026-01-19 07:13:52'),(971,'2025-08-03 17:59:59',32,'DB1.DBD106',478.9100,9,18,NULL,1,'2026-01-19 07:13:52'),(972,'2025-08-04 17:59:59',32,'DB1.DBD106',598.3200,9,18,NULL,1,'2026-01-19 07:13:52'),(973,'2025-08-05 17:59:59',32,'DB1.DBD106',721.4500,9,18,NULL,1,'2026-01-19 07:13:52'),(974,'2025-08-06 17:59:59',32,'DB1.DBD106',812.6700,9,18,NULL,1,'2026-01-19 07:13:52'),(975,'2025-08-07 17:59:59',32,'DB1.DBD106',278.5600,9,18,NULL,1,'2026-01-19 07:13:52'),(976,'2025-08-08 17:59:59',32,'DB1.DBD106',365.7800,9,18,NULL,1,'2026-01-19 07:13:52'),(977,'2025-08-09 17:59:59',32,'DB1.DBD106',498.2300,9,18,NULL,1,'2026-01-19 07:13:52'),(978,'2025-08-10 17:59:59',32,'DB1.DBD106',605.8900,9,18,NULL,1,'2026-01-19 07:13:52'),(979,'2025-08-11 17:59:59',32,'DB1.DBD106',718.4500,9,18,NULL,1,'2026-01-19 07:13:52'),(980,'2025-08-12 17:59:59',32,'DB1.DBD106',178.9100,9,18,NULL,1,'2026-01-19 07:13:52'),(981,'2025-08-13 17:59:59',32,'DB1.DBD106',289.6700,9,18,NULL,1,'2026-01-19 07:13:52'),(982,'2025-08-14 17:59:59',32,'DB1.DBD106',398.4500,9,18,NULL,1,'2026-01-19 07:13:52'),(983,'2025-08-15 17:59:59',32,'DB1.DBD106',512.7800,9,18,NULL,1,'2026-01-19 07:13:52'),(984,'2025-08-16 17:59:59',32,'DB1.DBD106',625.3200,9,18,NULL,1,'2026-01-19 07:13:52'),(985,'2025-08-17 17:59:59',32,'DB1.DBD106',738.9100,9,18,NULL,1,'2026-01-19 07:13:52'),(986,'2025-08-18 17:59:59',32,'DB1.DBD106',801.5600,9,18,NULL,1,'2026-01-19 07:13:52'),(987,'2025-08-19 17:59:59',32,'DB1.DBD106',245.8900,9,18,NULL,1,'2026-01-19 07:13:52'),(988,'2025-08-20 17:59:59',32,'DB1.DBD106',356.2300,9,18,NULL,1,'2026-01-19 07:13:52'),(989,'2025-08-21 17:59:59',32,'DB1.DBD106',468.7800,9,18,NULL,1,'2026-01-19 07:13:52'),(990,'2025-08-22 17:59:59',32,'DB1.DBD106',581.3200,9,18,NULL,1,'2026-01-19 07:13:52'),(991,'2025-08-23 17:59:59',32,'DB1.DBD106',589.4500,9,18,NULL,1,'2026-01-19 07:13:52'),(992,'2025-08-24 17:59:59',32,'DB1.DBD106',498.6700,9,18,NULL,1,'2026-01-19 07:13:52'),(993,'2025-08-25 17:59:59',32,'DB1.DBD106',365.2100,9,18,NULL,1,'2026-01-19 07:13:52'),(994,'2025-08-26 17:59:59',32,'DB1.DBD106',712.8900,9,18,NULL,1,'2026-01-19 07:13:52'),(995,'2025-08-27 17:59:59',32,'DB1.DBD106',289.4500,9,18,NULL,1,'2026-01-19 07:13:52'),(996,'2025-08-28 17:59:59',32,'DB1.DBD106',658.9100,9,18,NULL,1,'2026-01-19 07:13:52'),(997,'2025-08-29 17:59:59',32,'DB1.DBD106',805.6700,9,18,NULL,1,'2026-01-19 07:13:52'),(998,'2025-08-30 17:59:59',32,'DB1.DBD106',376.8900,9,18,NULL,1,'2026-01-19 07:13:52'),(999,'2025-08-31 17:59:59',32,'DB1.DBD106',192.4500,9,18,NULL,1,'2026-01-19 07:13:52'),(1000,'2025-09-01 17:59:59',32,'DB1.DBD106',488.7600,9,18,NULL,1,'2026-01-19 07:13:52'),(1001,'2025-09-02 17:59:59',32,'DB1.DBD106',599.3200,9,18,NULL,1,'2026-01-19 07:13:52'),(1002,'2025-09-03 17:59:59',32,'DB1.DBD106',701.8900,9,18,NULL,1,'2026-01-19 07:13:52'),(1003,'2025-09-04 17:59:59',32,'DB1.DBD106',265.5600,9,18,NULL,1,'2026-01-19 07:13:52'),(1004,'2025-09-05 17:59:59',32,'DB1.DBD106',378.9100,9,18,NULL,1,'2026-01-19 07:13:52'),(1005,'2025-09-06 17:59:59',32,'DB1.DBD106',491.4500,9,18,NULL,1,'2026-01-19 07:13:52'),(1006,'2025-09-07 17:59:59',32,'DB1.DBD106',604.0000,9,18,NULL,1,'2026-01-19 07:13:52'),(1007,'2025-09-08 17:59:59',32,'DB1.DBD106',717.5600,9,18,NULL,1,'2026-01-19 07:13:52'),(1008,'2025-09-09 17:59:59',32,'DB1.DBD106',185.2300,9,18,NULL,1,'2026-01-19 07:13:52'),(1009,'2025-09-10 17:59:59',32,'DB1.DBD106',296.7800,9,18,NULL,1,'2026-01-19 07:13:52'),(1010,'2025-09-11 17:59:59',32,'DB1.DBD106',409.3200,9,18,NULL,1,'2026-01-19 07:13:52'),(1011,'2025-09-12 17:59:59',32,'DB1.DBD106',522.8900,9,18,NULL,1,'2026-01-19 07:13:52'),(1012,'2025-09-13 17:59:59',32,'DB1.DBD106',635.4500,9,18,NULL,1,'2026-01-19 07:13:52'),(1013,'2025-09-14 17:59:59',32,'DB1.DBD106',748.0000,9,18,NULL,1,'2026-01-19 07:13:52'),(1014,'2025-09-15 17:59:59',32,'DB1.DBD106',819.5600,9,18,NULL,1,'2026-01-19 07:13:52'),(1015,'2025-09-16 17:59:59',32,'DB1.DBD106',258.1200,9,18,NULL,1,'2026-01-19 07:13:52'),(1016,'2025-09-17 17:59:59',32,'DB1.DBD106',369.6700,9,18,NULL,1,'2026-01-19 07:13:52'),(1017,'2025-09-18 17:59:59',32,'DB1.DBD106',482.2300,9,18,NULL,1,'2026-01-19 07:13:52'),(1018,'2025-09-19 17:59:59',32,'DB1.DBD106',594.7800,9,18,NULL,1,'2026-01-19 07:13:52'),(1019,'2025-09-20 17:59:59',32,'DB1.DBD106',707.3400,9,18,NULL,1,'2026-01-19 07:13:52'),(1020,'2025-09-21 17:59:59',32,'DB1.DBD106',176.8900,9,18,NULL,1,'2026-01-19 07:13:52'),(1021,'2025-09-22 17:59:59',32,'DB1.DBD106',288.4500,9,18,NULL,1,'2026-01-19 07:13:52'),(1022,'2025-09-23 17:59:59',32,'DB1.DBD106',401.0000,9,18,NULL,1,'2026-01-19 07:13:52'),(1023,'2025-09-24 17:59:59',32,'DB1.DBD106',513.5600,9,18,NULL,1,'2026-01-19 07:13:52'),(1024,'2025-09-25 17:59:59',32,'DB1.DBD106',626.1200,9,18,NULL,1,'2026-01-19 07:13:52'),(1025,'2025-09-26 17:59:59',32,'DB1.DBD106',738.6700,9,18,NULL,1,'2026-01-19 07:13:52'),(1026,'2025-09-27 17:59:59',32,'DB1.DBD106',800.2300,9,18,NULL,1,'2026-01-19 07:13:52'),(1027,'2025-09-28 17:59:59',32,'DB1.DBD106',426.7800,9,18,NULL,1,'2026-01-19 07:13:52'),(1028,'2025-09-29 17:59:59',32,'DB1.DBD106',632.1500,9,18,NULL,1,'2026-01-19 07:13:52'),(1029,'2025-09-30 17:59:59',32,'DB1.DBD106',298.4500,9,18,NULL,1,'2026-01-19 07:13:52'),(1030,'2025-10-01 17:59:59',32,'DB1.DBD106',512.3300,9,18,NULL,1,'2026-01-19 07:13:52'),(1031,'2025-10-02 17:59:59',32,'DB1.DBD106',805.6700,9,18,NULL,1,'2026-01-19 07:13:52'),(1032,'2025-10-03 17:59:59',32,'DB1.DBD106',376.8900,9,18,NULL,1,'2026-01-19 07:13:52'),(1033,'2025-10-04 17:59:59',32,'DB1.DBD106',188.7600,9,18,NULL,1,'2026-01-19 07:13:52'),(1034,'2025-10-05 17:59:59',32,'DB1.DBD106',499.3200,9,18,NULL,1,'2026-01-19 07:13:52'),(1035,'2025-10-06 17:59:59',32,'DB1.DBD106',610.8900,9,18,NULL,1,'2026-01-19 07:13:52'),(1036,'2025-10-07 17:59:59',32,'DB1.DBD106',723.4500,9,18,NULL,1,'2026-01-19 07:13:52'),(1037,'2025-10-08 17:59:59',32,'DB1.DBD106',247.0000,9,18,NULL,1,'2026-01-19 07:13:52'),(1038,'2025-10-09 17:59:59',32,'DB1.DBD106',359.5600,9,18,NULL,1,'2026-01-19 07:13:52'),(1039,'2025-10-10 17:59:59',32,'DB1.DBD106',472.1200,9,18,NULL,1,'2026-01-19 07:13:52'),(1040,'2025-10-11 17:59:59',32,'DB1.DBD106',584.6700,9,18,NULL,1,'2026-01-19 07:13:52'),(1041,'2025-10-12 17:59:59',32,'DB1.DBD106',697.2300,9,18,NULL,1,'2026-01-19 07:13:52'),(1042,'2025-10-13 17:59:59',32,'DB1.DBD106',809.7800,9,18,NULL,1,'2026-01-19 07:13:52'),(1043,'2025-10-14 17:59:59',32,'DB1.DBD106',201.3400,9,18,NULL,1,'2026-01-19 07:13:52'),(1044,'2025-10-15 17:59:59',32,'DB1.DBD106',313.8900,9,18,NULL,1,'2026-01-19 07:13:52'),(1045,'2025-10-16 17:59:59',32,'DB1.DBD106',426.4500,9,18,NULL,1,'2026-01-19 07:13:52'),(1046,'2025-10-17 17:59:59',32,'DB1.DBD106',539.0000,9,18,NULL,1,'2026-01-19 07:13:52'),(1047,'2025-10-18 17:59:59',32,'DB1.DBD106',651.5600,9,18,NULL,1,'2026-01-19 07:13:52'),(1048,'2025-10-19 17:59:59',32,'DB1.DBD106',764.1200,9,18,NULL,1,'2026-01-19 07:13:52'),(1049,'2025-10-20 17:59:59',32,'DB1.DBD106',190.8900,9,18,NULL,1,'2026-01-19 07:13:52'),(1050,'2025-10-21 17:59:59',32,'DB1.DBD106',303.4500,9,18,NULL,1,'2026-01-19 07:13:52'),(1051,'2025-10-22 17:59:59',32,'DB1.DBD106',416.0000,9,18,NULL,1,'2026-01-19 07:13:52'),(1052,'2025-10-23 17:59:59',32,'DB1.DBD106',528.5600,9,18,NULL,1,'2026-01-19 07:13:52'),(1053,'2025-10-24 17:59:59',32,'DB1.DBD106',641.1200,9,18,NULL,1,'2026-01-19 07:13:52'),(1054,'2025-10-25 17:59:59',32,'DB1.DBD106',753.6700,9,18,NULL,1,'2026-01-19 07:13:52'),(1055,'2025-10-26 17:59:59',32,'DB1.DBD106',816.2300,9,18,NULL,1,'2026-01-19 07:13:52'),(1056,'2025-10-27 17:59:59',32,'DB1.DBD106',260.7800,9,18,NULL,1,'2026-01-19 07:13:52'),(1057,'2025-10-28 17:59:59',32,'DB1.DBD106',373.3400,9,18,NULL,1,'2026-01-19 07:13:52'),(1058,'2025-10-29 17:59:59',32,'DB1.DBD106',485.8900,9,18,NULL,1,'2026-01-19 07:13:52'),(1059,'2025-10-30 17:59:59',32,'DB1.DBD106',598.4500,9,18,NULL,1,'2026-01-19 07:13:52'),(1060,'2025-10-31 17:59:59',32,'DB1.DBD106',711.0000,9,18,NULL,1,'2026-01-19 07:13:52'),(1061,'2025-07-18 18:00:00',33,'DB3.DBD13',312.6500,13,18,NULL,1,'2026-01-19 07:13:52'),(1062,'2025-07-19 17:59:59',33,'DB3.DBD13',205.4100,13,18,NULL,1,'2026-01-19 07:13:52'),(1063,'2025-07-20 17:59:59',33,'DB3.DBD13',356.2400,13,18,NULL,1,'2026-01-19 07:13:52'),(1064,'2025-07-21 17:59:59',33,'DB3.DBD13',432.9800,13,18,NULL,1,'2026-01-19 07:13:52'),(1065,'2025-07-22 17:59:59',33,'DB3.DBD13',178.3200,13,18,NULL,1,'2026-01-19 07:13:52'),(1066,'2025-07-23 17:59:59',33,'DB3.DBD13',548.7600,13,18,NULL,1,'2026-01-19 07:13:52'),(1067,'2025-07-24 17:59:59',33,'DB3.DBD13',645.8900,13,18,NULL,1,'2026-01-19 07:13:52'),(1068,'2025-07-25 17:59:59',33,'DB3.DBD13',732.4500,13,18,NULL,1,'2026-01-19 07:13:52'),(1069,'2025-07-26 17:59:59',33,'DB3.DBD13',210.9800,13,18,NULL,1,'2026-01-19 07:13:52'),(1070,'2025-07-27 17:59:59',33,'DB3.DBD13',326.7800,13,18,NULL,1,'2026-01-19 07:13:52'),(1071,'2025-07-28 17:59:59',33,'DB3.DBD13',489.2300,13,18,NULL,1,'2026-01-19 07:13:52'),(1072,'2025-07-29 17:59:59',33,'DB3.DBD13',615.6700,13,18,NULL,1,'2026-01-19 07:13:52'),(1073,'2025-07-30 17:59:59',33,'DB3.DBD13',705.4300,13,18,NULL,1,'2026-01-19 07:13:52'),(1074,'2025-07-31 17:59:59',33,'DB3.DBD13',412.8900,13,18,NULL,1,'2026-01-19 07:13:52'),(1075,'2025-08-01 17:59:59',33,'DB3.DBD13',220.3400,13,18,NULL,1,'2026-01-19 07:13:52'),(1076,'2025-08-02 17:59:59',33,'DB3.DBD13',345.8900,13,18,NULL,1,'2026-01-19 07:13:52'),(1077,'2025-08-03 17:59:59',33,'DB3.DBD13',505.6700,13,18,NULL,1,'2026-01-19 07:13:52'),(1078,'2025-08-04 17:59:59',33,'DB3.DBD13',625.7800,13,18,NULL,1,'2026-01-19 07:13:52'),(1079,'2025-08-05 17:59:59',33,'DB3.DBD13',748.9100,13,18,NULL,1,'2026-01-19 07:13:52'),(1080,'2025-08-06 17:59:59',33,'DB3.DBD13',839.2400,13,18,NULL,1,'2026-01-19 07:13:52'),(1081,'2025-08-07 17:59:59',33,'DB3.DBD13',305.8900,13,18,NULL,1,'2026-01-19 07:13:52'),(1082,'2025-08-08 17:59:59',33,'DB3.DBD13',392.4500,13,18,NULL,1,'2026-01-19 07:13:52'),(1083,'2025-08-09 17:59:59',33,'DB3.DBD13',525.6700,13,18,NULL,1,'2026-01-19 07:13:52'),(1084,'2025-08-10 17:59:59',33,'DB3.DBD13',632.4500,13,18,NULL,1,'2026-01-19 07:13:52'),(1085,'2025-08-11 17:59:59',33,'DB3.DBD13',745.9100,13,18,NULL,1,'2026-01-19 07:13:52'),(1086,'2025-08-12 17:59:59',33,'DB3.DBD13',200.5600,13,18,NULL,1,'2026-01-19 07:13:52'),(1087,'2025-08-13 17:59:59',33,'DB3.DBD13',316.2300,13,18,NULL,1,'2026-01-19 07:13:52'),(1088,'2025-08-14 17:59:59',33,'DB3.DBD13',425.8900,13,18,NULL,1,'2026-01-19 07:13:52'),(1089,'2025-08-15 17:59:59',33,'DB3.DBD13',540.3400,13,18,NULL,1,'2026-01-19 07:13:52'),(1090,'2025-08-16 17:59:59',33,'DB3.DBD13',652.7800,13,18,NULL,1,'2026-01-19 07:13:52'),(1091,'2025-08-17 17:59:59',33,'DB3.DBD13',765.4500,13,18,NULL,1,'2026-01-19 07:13:52'),(1092,'2025-08-18 17:59:59',33,'DB3.DBD13',828.9100,13,18,NULL,1,'2026-01-19 07:13:52'),(1093,'2025-08-19 17:59:59',33,'DB3.DBD13',272.4500,13,18,NULL,1,'2026-01-19 07:13:52'),(1094,'2025-08-20 17:59:59',33,'DB3.DBD13',383.7800,13,18,NULL,1,'2026-01-19 07:13:52'),(1095,'2025-08-21 17:59:59',33,'DB3.DBD13',496.3400,13,18,NULL,1,'2026-01-19 07:13:52'),(1096,'2025-08-22 17:59:59',33,'DB3.DBD13',608.8900,13,18,NULL,1,'2026-01-19 07:13:52'),(1097,'2025-08-23 17:59:59',33,'DB3.DBD13',612.3300,13,18,NULL,1,'2026-01-19 07:13:52'),(1098,'2025-08-24 17:59:59',33,'DB3.DBD13',521.8900,13,18,NULL,1,'2026-01-19 07:13:52'),(1099,'2025-08-25 17:59:59',33,'DB3.DBD13',389.7600,13,18,NULL,1,'2026-01-19 07:13:52'),(1100,'2025-08-26 17:59:59',33,'DB3.DBD13',745.3200,13,18,NULL,1,'2026-01-19 07:13:52'),(1101,'2025-08-27 17:59:59',33,'DB3.DBD13',315.6700,13,18,NULL,1,'2026-01-19 07:13:52'),(1102,'2025-08-28 17:59:59',33,'DB3.DBD13',689.2400,13,18,NULL,1,'2026-01-19 07:13:52'),(1103,'2025-08-29 17:59:59',33,'DB3.DBD13',832.9100,13,18,NULL,1,'2026-01-19 07:13:52'),(1104,'2025-08-30 17:59:59',33,'DB3.DBD13',402.3300,13,18,NULL,1,'2026-01-19 07:13:52'),(1105,'2025-08-31 17:59:59',33,'DB3.DBD13',215.7800,13,18,NULL,1,'2026-01-19 07:13:52'),(1106,'2025-09-01 17:59:59',33,'DB3.DBD13',515.2300,13,18,NULL,1,'2026-01-19 07:13:52'),(1107,'2025-09-02 17:59:59',33,'DB3.DBD13',626.8900,13,18,NULL,1,'2026-01-19 07:13:52'),(1108,'2025-09-03 17:59:59',33,'DB3.DBD13',729.4500,13,18,NULL,1,'2026-01-19 07:13:52'),(1109,'2025-09-04 17:59:59',33,'DB3.DBD13',292.1200,13,18,NULL,1,'2026-01-19 07:13:52'),(1110,'2025-09-05 17:59:59',33,'DB3.DBD13',405.4500,13,18,NULL,1,'2026-01-19 07:13:52'),(1111,'2025-09-06 17:59:59',33,'DB3.DBD13',518.9100,13,18,NULL,1,'2026-01-19 07:13:52'),(1112,'2025-09-07 17:59:59',33,'DB3.DBD13',631.5600,13,18,NULL,1,'2026-01-19 07:13:52'),(1113,'2025-09-08 17:59:59',33,'DB3.DBD13',745.1200,13,18,NULL,1,'2026-01-19 07:13:52'),(1114,'2025-09-09 17:59:59',33,'DB3.DBD13',207.6700,13,18,NULL,1,'2026-01-19 07:13:52'),(1115,'2025-09-10 17:59:59',33,'DB3.DBD13',324.3400,13,18,NULL,1,'2026-01-19 07:13:52'),(1116,'2025-09-11 17:59:59',33,'DB3.DBD13',436.8900,13,18,NULL,1,'2026-01-19 07:13:52'),(1117,'2025-09-12 17:59:59',33,'DB3.DBD13',550.4500,13,18,NULL,1,'2026-01-19 07:13:52'),(1118,'2025-09-13 17:59:59',33,'DB3.DBD13',663.0000,13,18,NULL,1,'2026-01-19 07:13:52'),(1119,'2025-09-14 17:59:59',33,'DB3.DBD13',775.5600,13,18,NULL,1,'2026-01-19 07:13:52'),(1120,'2025-09-15 17:59:59',33,'DB3.DBD13',847.1200,13,18,NULL,1,'2026-01-19 07:13:52'),(1121,'2025-09-16 17:59:59',33,'DB3.DBD13',284.6700,13,18,NULL,1,'2026-01-19 07:13:52'),(1122,'2025-09-17 17:59:59',33,'DB3.DBD13',397.2300,13,18,NULL,1,'2026-01-19 07:13:52'),(1123,'2025-09-18 17:59:59',33,'DB3.DBD13',509.7800,13,18,NULL,1,'2026-01-19 07:13:52'),(1124,'2025-09-19 17:59:59',33,'DB3.DBD13',622.3400,13,18,NULL,1,'2026-01-19 07:13:52'),(1125,'2025-09-20 17:59:59',33,'DB3.DBD13',734.9000,13,18,NULL,1,'2026-01-19 07:13:52'),(1126,'2025-09-21 17:59:59',33,'DB3.DBD13',199.4500,13,18,NULL,1,'2026-01-19 07:13:52'),(1127,'2025-09-22 17:59:59',33,'DB3.DBD13',316.0000,13,18,NULL,1,'2026-01-19 07:13:52'),(1128,'2025-09-23 17:59:59',33,'DB3.DBD13',428.5600,13,18,NULL,1,'2026-01-19 07:13:52'),(1129,'2025-09-24 17:59:59',33,'DB3.DBD13',541.1200,13,18,NULL,1,'2026-01-19 07:13:52'),(1130,'2025-09-25 17:59:59',33,'DB3.DBD13',653.6700,13,18,NULL,1,'2026-01-19 07:13:52'),(1131,'2025-09-26 17:59:59',33,'DB3.DBD13',766.2300,13,18,NULL,1,'2026-01-19 07:13:52'),(1132,'2025-09-27 17:59:59',33,'DB3.DBD13',827.7800,13,18,NULL,1,'2026-01-19 07:13:52'),(1133,'2025-09-28 17:59:59',33,'DB3.DBD13',458.9100,13,18,NULL,1,'2026-01-19 07:13:52'),(1134,'2025-09-29 17:59:59',33,'DB3.DBD13',659.4700,13,18,NULL,1,'2026-01-19 07:13:52'),(1135,'2025-09-30 17:59:59',33,'DB3.DBD13',325.6800,13,18,NULL,1,'2026-01-19 07:13:52'),(1136,'2025-10-01 17:59:59',33,'DB3.DBD13',546.7800,13,18,NULL,1,'2026-01-19 07:13:52'),(1137,'2025-10-02 17:59:59',33,'DB3.DBD13',832.9100,13,18,NULL,1,'2026-01-19 07:13:52'),(1138,'2025-10-03 17:59:59',33,'DB3.DBD13',402.3300,13,18,NULL,1,'2026-01-19 07:13:52'),(1139,'2025-10-04 17:59:59',33,'DB3.DBD13',211.2300,13,18,NULL,1,'2026-01-19 07:13:52'),(1140,'2025-10-05 17:59:59',33,'DB3.DBD13',526.8900,13,18,NULL,1,'2026-01-19 07:13:52'),(1141,'2025-10-06 17:59:59',33,'DB3.DBD13',638.4500,13,18,NULL,1,'2026-01-19 07:13:52'),(1142,'2025-10-07 17:59:59',33,'DB3.DBD13',751.0000,13,18,NULL,1,'2026-01-19 07:13:52'),(1143,'2025-10-08 17:59:59',33,'DB3.DBD13',273.5600,13,18,NULL,1,'2026-01-19 07:13:52'),(1144,'2025-10-09 17:59:59',33,'DB3.DBD13',387.1200,13,18,NULL,1,'2026-01-19 07:13:52'),(1145,'2025-10-10 17:59:59',33,'DB3.DBD13',499.6700,13,18,NULL,1,'2026-01-19 07:13:52'),(1146,'2025-10-11 17:59:59',33,'DB3.DBD13',612.2300,13,18,NULL,1,'2026-01-19 07:13:52'),(1147,'2025-10-12 17:59:59',33,'DB3.DBD13',724.7800,13,18,NULL,1,'2026-01-19 07:13:52'),(1148,'2025-10-13 17:59:59',33,'DB3.DBD13',837.3400,13,18,NULL,1,'2026-01-19 07:13:52'),(1149,'2025-10-14 17:59:59',33,'DB3.DBD13',223.8900,13,18,NULL,1,'2026-01-19 07:13:52'),(1150,'2025-10-15 17:59:59',33,'DB3.DBD13',341.4500,13,18,NULL,1,'2026-01-19 07:13:52'),(1151,'2025-10-16 17:59:59',33,'DB3.DBD13',454.0000,13,18,NULL,1,'2026-01-19 07:13:52'),(1152,'2025-10-17 17:59:59',33,'DB3.DBD13',566.5600,13,18,NULL,1,'2026-01-19 07:13:52'),(1153,'2025-10-18 17:59:59',33,'DB3.DBD13',679.1200,13,18,NULL,1,'2026-01-19 07:13:52'),(1154,'2025-10-19 17:59:59',33,'DB3.DBD13',791.6700,13,18,NULL,1,'2026-01-19 07:13:52'),(1155,'2025-10-20 17:59:59',33,'DB3.DBD13',213.4500,13,18,NULL,1,'2026-01-19 07:13:52'),(1156,'2025-10-21 17:59:59',33,'DB3.DBD13',331.0000,13,18,NULL,1,'2026-01-19 07:13:52'),(1157,'2025-10-22 17:59:59',33,'DB3.DBD13',443.5600,13,18,NULL,1,'2026-01-19 07:13:52'),(1158,'2025-10-23 17:59:59',33,'DB3.DBD13',556.1200,13,18,NULL,1,'2026-01-19 07:13:52'),(1159,'2025-10-24 17:59:59',33,'DB3.DBD13',668.6700,13,18,NULL,1,'2026-01-19 07:13:52'),(1160,'2025-10-25 17:59:59',33,'DB3.DBD13',781.2300,13,18,NULL,1,'2026-01-19 07:13:52'),(1161,'2025-10-26 17:59:59',33,'DB3.DBD13',843.7800,13,18,NULL,1,'2026-01-19 07:13:52'),(1162,'2025-10-27 17:59:59',33,'DB3.DBD13',287.3400,13,18,NULL,1,'2026-01-19 07:13:52'),(1163,'2025-10-28 17:59:59',33,'DB3.DBD13',400.8900,13,18,NULL,1,'2026-01-19 07:13:52'),(1164,'2025-10-29 17:59:59',33,'DB3.DBD13',513.4500,13,18,NULL,1,'2026-01-19 07:13:52'),(1165,'2025-10-30 17:59:59',33,'DB3.DBD13',626.0000,13,18,NULL,1,'2026-01-19 07:13:52'),(1166,'2025-10-31 17:59:59',33,'DB3.DBD13',738.5600,13,18,NULL,1,'2026-01-19 07:13:52'),(1167,'2025-07-18 18:00:00',34,'DB7.DBD94',22.8000,12,18,NULL,1,'2026-01-19 07:13:52'),(1168,'2025-07-19 17:59:59',34,'DB7.DBD94',21.5000,12,18,NULL,1,'2026-01-19 07:13:52'),(1169,'2025-07-20 17:59:59',34,'DB7.DBD94',23.1000,12,18,NULL,1,'2026-01-19 07:13:52'),(1170,'2025-07-21 17:59:59',34,'DB7.DBD94',24.7000,12,18,NULL,1,'2026-01-19 07:13:52'),(1171,'2025-07-22 17:59:59',34,'DB7.DBD94',20.2000,12,18,NULL,1,'2026-01-19 07:13:52'),(1172,'2025-07-23 17:59:59',34,'DB7.DBD94',26.3000,12,18,NULL,1,'2026-01-19 07:13:52'),(1173,'2025-07-24 17:59:59',34,'DB7.DBD94',28.1000,12,18,NULL,1,'2026-01-19 07:13:52'),(1174,'2025-07-25 17:59:59',34,'DB7.DBD94',30.5000,12,18,NULL,1,'2026-01-19 07:13:52'),(1175,'2025-07-26 17:59:59',34,'DB7.DBD94',20.8000,12,18,NULL,1,'2026-01-19 07:13:52'),(1176,'2025-07-27 17:59:59',34,'DB7.DBD94',22.7000,12,18,NULL,1,'2026-01-19 07:13:52'),(1177,'2025-07-28 17:59:59',34,'DB7.DBD94',25.2000,12,18,NULL,1,'2026-01-19 07:13:52'),(1178,'2025-07-29 17:59:59',34,'DB7.DBD94',27.9000,12,18,NULL,1,'2026-01-19 07:13:52'),(1179,'2025-07-30 17:59:59',34,'DB7.DBD94',29.4000,12,18,NULL,1,'2026-01-19 07:13:52'),(1180,'2025-07-31 17:59:59',34,'DB7.DBD94',24.3000,12,18,NULL,1,'2026-01-19 07:13:52'),(1181,'2025-08-01 17:59:59',34,'DB7.DBD94',21.1000,12,18,NULL,1,'2026-01-19 07:13:52'),(1182,'2025-08-02 17:59:59',34,'DB7.DBD94',23.4000,12,18,NULL,1,'2026-01-19 07:13:52'),(1183,'2025-08-03 17:59:59',34,'DB7.DBD94',25.8000,12,18,NULL,1,'2026-01-19 07:13:52'),(1184,'2025-08-04 17:59:59',34,'DB7.DBD94',28.2000,12,18,NULL,1,'2026-01-19 07:13:52'),(1185,'2025-08-05 17:59:59',34,'DB7.DBD94',30.8000,12,18,NULL,1,'2026-01-19 07:13:52'),(1186,'2025-08-06 17:59:59',34,'DB7.DBD94',31.9000,12,18,NULL,1,'2026-01-19 07:13:52'),(1187,'2025-08-07 17:59:59',34,'DB7.DBD94',22.5000,12,18,NULL,1,'2026-01-19 07:13:52'),(1188,'2025-08-08 17:59:59',34,'DB7.DBD94',24.1000,12,18,NULL,1,'2026-01-19 07:13:52'),(1189,'2025-08-09 17:59:59',34,'DB7.DBD94',26.5000,12,18,NULL,1,'2026-01-19 07:13:52'),(1190,'2025-08-10 17:59:59',34,'DB7.DBD94',28.7000,12,18,NULL,1,'2026-01-19 07:13:52'),(1191,'2025-08-11 17:59:59',34,'DB7.DBD94',30.3000,12,18,NULL,1,'2026-01-19 07:13:52'),(1192,'2025-08-12 17:59:59',34,'DB7.DBD94',20.4000,12,18,NULL,1,'2026-01-19 07:13:52'),(1193,'2025-08-13 17:59:59',34,'DB7.DBD94',22.3000,12,18,NULL,1,'2026-01-19 07:13:52'),(1194,'2025-08-14 17:59:59',34,'DB7.DBD94',24.5000,12,18,NULL,1,'2026-01-19 07:13:52'),(1195,'2025-08-15 17:59:59',34,'DB7.DBD94',26.9000,12,18,NULL,1,'2026-01-19 07:13:52'),(1196,'2025-08-16 17:59:59',34,'DB7.DBD94',29.0000,12,18,NULL,1,'2026-01-19 07:13:52'),(1197,'2025-08-17 17:59:59',34,'DB7.DBD94',31.1000,12,18,NULL,1,'2026-01-19 07:13:52'),(1198,'2025-08-18 17:59:59',34,'DB7.DBD94',31.7000,12,18,NULL,1,'2026-01-19 07:13:52'),(1199,'2025-08-19 17:59:59',34,'DB7.DBD94',22.0000,12,18,NULL,1,'2026-01-19 07:13:52'),(1200,'2025-08-20 17:59:59',34,'DB7.DBD94',23.8000,12,18,NULL,1,'2026-01-19 07:13:52'),(1201,'2025-08-21 17:59:59',34,'DB7.DBD94',25.5000,12,18,NULL,1,'2026-01-19 07:13:52'),(1202,'2025-08-22 17:59:59',34,'DB7.DBD94',27.6000,12,18,NULL,1,'2026-01-19 07:13:52'),(1203,'2025-08-23 17:59:59',34,'DB7.DBD94',28.5000,12,18,NULL,1,'2026-01-19 07:13:52'),(1204,'2025-08-24 17:59:59',34,'DB7.DBD94',27.3000,12,18,NULL,1,'2026-01-19 07:13:52'),(1205,'2025-08-25 17:59:59',34,'DB7.DBD94',25.7000,12,18,NULL,1,'2026-01-19 07:13:52'),(1206,'2025-08-26 17:59:59',34,'DB7.DBD94',30.2000,12,18,NULL,1,'2026-01-19 07:13:52'),(1207,'2025-08-27 17:59:59',34,'DB7.DBD94',22.9000,12,18,NULL,1,'2026-01-19 07:13:52'),(1208,'2025-08-28 17:59:59',34,'DB7.DBD94',29.8000,12,18,NULL,1,'2026-01-19 07:13:52'),(1209,'2025-08-29 17:59:59',34,'DB7.DBD94',31.5000,12,18,NULL,1,'2026-01-19 07:13:52'),(1210,'2025-08-30 17:59:59',34,'DB7.DBD94',25.1000,12,18,NULL,1,'2026-01-19 07:13:52'),(1211,'2025-08-31 17:59:59',34,'DB7.DBD94',20.7000,12,18,NULL,1,'2026-01-19 07:13:52'),(1212,'2025-09-01 17:59:59',34,'DB7.DBD94',26.7000,12,18,NULL,1,'2026-01-19 07:13:52'),(1213,'2025-09-02 17:59:59',34,'DB7.DBD94',28.8000,12,18,NULL,1,'2026-01-19 07:13:52'),(1214,'2025-09-03 17:59:59',34,'DB7.DBD94',30.6000,12,18,NULL,1,'2026-01-19 07:13:52'),(1215,'2025-09-04 17:59:59',34,'DB7.DBD94',22.4000,12,18,NULL,1,'2026-01-19 07:13:52'),(1216,'2025-09-05 17:59:59',34,'DB7.DBD94',24.0000,12,18,NULL,1,'2026-01-19 07:13:52'),(1217,'2025-09-06 17:59:59',34,'DB7.DBD94',26.2000,12,18,NULL,1,'2026-01-19 07:13:52'),(1218,'2025-09-07 17:59:59',34,'DB7.DBD94',28.4000,12,18,NULL,1,'2026-01-19 07:13:52'),(1219,'2025-09-08 17:59:59',34,'DB7.DBD94',30.9000,12,18,NULL,1,'2026-01-19 07:13:52'),(1220,'2025-09-09 17:59:59',34,'DB7.DBD94',20.1000,12,18,NULL,1,'2026-01-19 07:13:52'),(1221,'2025-09-10 17:59:59',34,'DB7.DBD94',22.6000,12,18,NULL,1,'2026-01-19 07:13:52'),(1222,'2025-09-11 17:59:59',34,'DB7.DBD94',24.8000,12,18,NULL,1,'2026-01-19 07:13:52'),(1223,'2025-09-12 17:59:59',34,'DB7.DBD94',26.4000,12,18,NULL,1,'2026-01-19 07:13:52'),(1224,'2025-09-13 17:59:59',34,'DB7.DBD94',28.6000,12,18,NULL,1,'2026-01-19 07:13:52'),(1225,'2025-09-14 17:59:59',34,'DB7.DBD94',31.2000,12,18,NULL,1,'2026-01-19 07:13:52'),(1226,'2025-09-15 17:59:59',34,'DB7.DBD94',32.1000,12,18,NULL,1,'2026-01-19 07:13:52'),(1227,'2025-09-16 17:59:59',34,'DB7.DBD94',22.2000,12,18,NULL,1,'2026-01-19 07:13:52'),(1228,'2025-09-17 17:59:59',34,'DB7.DBD94',23.9000,12,18,NULL,1,'2026-01-19 07:13:52'),(1229,'2025-09-18 17:59:59',34,'DB7.DBD94',25.6000,12,18,NULL,1,'2026-01-19 07:13:52'),(1230,'2025-09-19 17:59:59',34,'DB7.DBD94',27.7000,12,18,NULL,1,'2026-01-19 07:13:52'),(1231,'2025-09-20 17:59:59',34,'DB7.DBD94',30.4000,12,18,NULL,1,'2026-01-19 07:13:52'),(1232,'2025-09-21 17:59:59',34,'DB7.DBD94',20.3000,12,18,NULL,1,'2026-01-19 07:13:52'),(1233,'2025-09-22 17:59:59',34,'DB7.DBD94',22.1000,12,18,NULL,1,'2026-01-19 07:13:52'),(1234,'2025-09-23 17:59:59',34,'DB7.DBD94',24.4000,12,18,NULL,1,'2026-01-19 07:13:52'),(1235,'2025-09-24 17:59:59',34,'DB7.DBD94',26.8000,12,18,NULL,1,'2026-01-19 07:13:52'),(1236,'2025-09-25 17:59:59',34,'DB7.DBD94',28.9000,12,18,NULL,1,'2026-01-19 07:13:52'),(1237,'2025-09-26 17:59:59',34,'DB7.DBD94',31.0000,12,18,NULL,1,'2026-01-19 07:13:52'),(1238,'2025-09-27 17:59:59',34,'DB7.DBD94',31.6000,12,18,NULL,1,'2026-01-19 07:13:52'),(1239,'2025-09-28 17:59:59',34,'DB7.DBD94',24.2000,12,18,NULL,1,'2026-01-19 07:13:52'),(1240,'2025-09-29 17:59:59',34,'DB7.DBD94',29.1000,12,18,NULL,1,'2026-01-19 07:13:52'),(1241,'2025-09-30 17:59:59',34,'DB7.DBD94',23.5000,12,18,NULL,1,'2026-01-19 07:13:52'),(1242,'2025-10-01 17:59:59',34,'DB7.DBD94',27.8000,12,18,NULL,1,'2026-01-19 07:13:52'),(1243,'2025-10-02 17:59:59',34,'DB7.DBD94',31.5000,12,18,NULL,1,'2026-01-19 07:13:52'),(1244,'2025-10-03 17:59:59',34,'DB7.DBD94',25.1000,12,18,NULL,1,'2026-01-19 07:13:52'),(1245,'2025-10-04 17:59:59',34,'DB7.DBD94',20.6000,12,18,NULL,1,'2026-01-19 07:13:52'),(1246,'2025-10-05 17:59:59',34,'DB7.DBD94',27.0000,12,18,NULL,1,'2026-01-19 07:13:52'),(1247,'2025-10-06 17:59:59',34,'DB7.DBD94',29.2000,12,18,NULL,1,'2026-01-19 07:13:52'),(1248,'2025-10-07 17:59:59',34,'DB7.DBD94',30.7000,12,18,NULL,1,'2026-01-19 07:13:52'),(1249,'2025-10-08 17:59:59',34,'DB7.DBD94',21.9000,12,18,NULL,1,'2026-01-19 07:13:52'),(1250,'2025-10-09 17:59:59',34,'DB7.DBD94',23.7000,12,18,NULL,1,'2026-01-19 07:13:52'),(1251,'2025-10-10 17:59:59',34,'DB7.DBD94',25.4000,12,18,NULL,1,'2026-01-19 07:13:52'),(1252,'2025-10-11 17:59:59',34,'DB7.DBD94',27.5000,12,18,NULL,1,'2026-01-19 07:13:52'),(1253,'2025-10-12 17:59:59',34,'DB7.DBD94',29.3000,12,18,NULL,1,'2026-01-19 07:13:52'),(1254,'2025-10-13 17:59:59',34,'DB7.DBD94',32.0000,12,18,NULL,1,'2026-01-19 07:13:52'),(1255,'2025-10-14 17:59:59',34,'DB7.DBD94',20.5000,12,18,NULL,1,'2026-01-19 07:13:52'),(1256,'2025-10-15 17:59:59',34,'DB7.DBD94',22.8000,12,18,NULL,1,'2026-01-19 07:13:52'),(1257,'2025-10-16 17:59:59',34,'DB7.DBD94',24.6000,12,18,NULL,1,'2026-01-19 07:13:52'),(1258,'2025-10-17 17:59:59',34,'DB7.DBD94',26.1000,12,18,NULL,1,'2026-01-19 07:13:52'),(1259,'2025-10-18 17:59:59',34,'DB7.DBD94',28.3000,12,18,NULL,1,'2026-01-19 07:13:52'),(1260,'2025-10-19 17:59:59',34,'DB7.DBD94',30.1000,12,18,NULL,1,'2026-01-19 07:13:52'),(1261,'2025-10-20 17:59:59',34,'DB7.DBD94',20.9000,12,18,NULL,1,'2026-01-19 07:13:52'),(1262,'2025-10-21 17:59:59',34,'DB7.DBD94',22.4000,12,18,NULL,1,'2026-01-19 07:13:52'),(1263,'2025-10-22 17:59:59',34,'DB7.DBD94',24.3000,12,18,NULL,1,'2026-01-19 07:13:52'),(1264,'2025-10-23 17:59:59',34,'DB7.DBD94',26.0000,12,18,NULL,1,'2026-01-19 07:13:52'),(1265,'2025-10-24 17:59:59',34,'DB7.DBD94',28.0000,12,18,NULL,1,'2026-01-19 07:13:52'),(1266,'2025-10-25 17:59:59',34,'DB7.DBD94',30.0000,12,18,NULL,1,'2026-01-19 07:13:52'),(1267,'2025-10-26 17:59:59',34,'DB7.DBD94',31.8000,12,18,NULL,1,'2026-01-19 07:13:52'),(1268,'2025-10-27 17:59:59',34,'DB7.DBD94',22.1000,12,18,NULL,1,'2026-01-19 07:13:52'),(1269,'2025-10-28 17:59:59',34,'DB7.DBD94',23.6000,12,18,NULL,1,'2026-01-19 07:13:52'),(1270,'2025-10-29 17:59:59',34,'DB7.DBD94',25.3000,12,18,NULL,1,'2026-01-19 07:13:52'),(1271,'2025-10-30 17:59:59',34,'DB7.DBD94',27.4000,12,18,NULL,1,'2026-01-19 07:13:52'),(1272,'2025-10-31 17:59:59',34,'DB7.DBD94',29.9000,12,18,NULL,1,'2026-01-19 07:13:52'),(1273,'2025-07-18 18:00:00',35,'DB5.DBD64',312.4500,9,19,NULL,1,'2026-01-19 07:13:52'),(1274,'2025-07-19 17:59:59',35,'DB5.DBD64',198.7600,9,19,NULL,1,'2026-01-19 07:13:52'),(1275,'2025-07-20 17:59:59',35,'DB5.DBD64',405.8900,9,19,NULL,1,'2026-01-19 07:13:52'),(1276,'2025-07-21 17:59:59',35,'DB5.DBD64',518.4500,9,19,NULL,1,'2026-01-19 07:13:52'),(1277,'2025-07-22 17:59:59',35,'DB5.DBD64',631.0000,9,19,NULL,1,'2026-01-19 07:13:52'),(1278,'2025-07-23 17:59:59',35,'DB5.DBD64',743.5600,9,19,NULL,1,'2026-01-19 07:13:52'),(1279,'2025-07-24 17:59:59',35,'DB5.DBD64',805.1200,9,19,NULL,1,'2026-01-19 07:13:52'),(1280,'2025-07-25 17:59:59',35,'DB5.DBD64',278.6700,9,19,NULL,1,'2026-01-19 07:13:52'),(1281,'2025-07-26 17:59:59',35,'DB5.DBD64',391.2300,9,19,NULL,1,'2026-01-19 07:13:52'),(1282,'2025-07-27 17:59:59',35,'DB5.DBD64',503.7800,9,19,NULL,1,'2026-01-19 07:13:52'),(1283,'2025-07-28 17:59:59',35,'DB5.DBD64',616.3400,9,19,NULL,1,'2026-01-19 07:13:52'),(1284,'2025-07-29 17:59:59',35,'DB5.DBD64',728.9000,9,19,NULL,1,'2026-01-19 07:13:52'),(1285,'2025-07-30 17:59:59',35,'DB5.DBD64',185.4500,9,19,NULL,1,'2026-01-19 07:13:52'),(1286,'2025-07-31 17:59:59',35,'DB5.DBD64',298.0000,9,19,NULL,1,'2026-01-19 07:13:52'),(1287,'2025-08-01 17:59:59',35,'DB5.DBD64',410.5600,9,19,NULL,1,'2026-01-19 07:13:52'),(1288,'2025-08-02 17:59:59',35,'DB5.DBD64',523.1200,9,19,NULL,1,'2026-01-19 07:13:52'),(1289,'2025-08-03 17:59:59',35,'DB5.DBD64',635.6700,9,19,NULL,1,'2026-01-19 07:13:52'),(1290,'2025-08-04 17:59:59',35,'DB5.DBD64',748.2300,9,19,NULL,1,'2026-01-19 07:13:52'),(1291,'2025-08-05 17:59:59',35,'DB5.DBD64',810.7800,9,19,NULL,1,'2026-01-19 07:13:52'),(1292,'2025-08-06 17:59:59',35,'DB5.DBD64',256.3400,9,19,NULL,1,'2026-01-19 07:13:52'),(1293,'2025-08-07 17:59:59',35,'DB5.DBD64',368.9000,9,19,NULL,1,'2026-01-19 07:13:52'),(1294,'2025-08-08 17:59:59',35,'DB5.DBD64',481.4500,9,19,NULL,1,'2026-01-19 07:13:52'),(1295,'2025-08-09 17:59:59',35,'DB5.DBD64',594.0000,9,19,NULL,1,'2026-01-19 07:13:52'),(1296,'2025-08-10 17:59:59',35,'DB5.DBD64',706.5600,9,19,NULL,1,'2026-01-19 07:13:52'),(1297,'2025-08-11 17:59:59',35,'DB5.DBD64',178.1200,9,19,NULL,1,'2026-01-19 07:13:52'),(1298,'2025-08-12 17:59:59',35,'DB5.DBD64',290.6700,9,19,NULL,1,'2026-01-19 07:13:52'),(1299,'2025-08-13 17:59:59',35,'DB5.DBD64',403.2300,9,19,NULL,1,'2026-01-19 07:13:52'),(1300,'2025-08-14 17:59:59',35,'DB5.DBD64',515.7800,9,19,NULL,1,'2026-01-19 07:13:52'),(1301,'2025-08-15 17:59:59',35,'DB5.DBD64',628.3400,9,19,NULL,1,'2026-01-19 07:13:52'),(1302,'2025-08-16 17:59:59',35,'DB5.DBD64',740.9000,9,19,NULL,1,'2026-01-19 07:13:52'),(1303,'2025-08-17 17:59:59',35,'DB5.DBD64',803.4500,9,19,NULL,1,'2026-01-19 07:13:52'),(1304,'2025-08-18 17:59:59',35,'DB5.DBD64',269.0000,9,19,NULL,1,'2026-01-19 07:13:52'),(1305,'2025-08-19 17:59:59',35,'DB5.DBD64',381.5600,9,19,NULL,1,'2026-01-19 07:13:52'),(1306,'2025-08-20 17:59:59',35,'DB5.DBD64',494.1200,9,19,NULL,1,'2026-01-19 07:13:52'),(1307,'2025-08-21 17:59:59',35,'DB5.DBD64',606.6700,9,19,NULL,1,'2026-01-19 07:13:52'),(1308,'2025-08-22 17:59:59',35,'DB5.DBD64',719.2300,9,19,NULL,1,'2026-01-19 07:13:52'),(1309,'2025-08-23 17:59:59',35,'DB5.DBD64',191.7800,9,19,NULL,1,'2026-01-19 07:13:52'),(1310,'2025-08-24 17:59:59',35,'DB5.DBD64',304.3400,9,19,NULL,1,'2026-01-19 07:13:52'),(1311,'2025-08-25 17:59:59',35,'DB5.DBD64',416.9000,9,19,NULL,1,'2026-01-19 07:13:52'),(1312,'2025-08-26 17:59:59',35,'DB5.DBD64',529.4500,9,19,NULL,1,'2026-01-19 07:13:52'),(1313,'2025-08-27 17:59:59',35,'DB5.DBD64',642.0000,9,19,NULL,1,'2026-01-19 07:13:52'),(1314,'2025-08-28 17:59:59',35,'DB5.DBD64',754.5600,9,19,NULL,1,'2026-01-19 07:13:52'),(1315,'2025-08-29 17:59:59',35,'DB5.DBD64',817.1200,9,19,NULL,1,'2026-01-19 07:13:52'),(1316,'2025-08-30 17:59:59',35,'DB5.DBD64',247.6700,9,19,NULL,1,'2026-01-19 07:13:52'),(1317,'2025-08-31 17:59:59',35,'DB5.DBD64',360.2300,9,19,NULL,1,'2026-01-19 07:13:52'),(1318,'2025-09-01 17:59:59',35,'DB5.DBD64',472.7800,9,19,NULL,1,'2026-01-19 07:13:52'),(1319,'2025-09-02 17:59:59',35,'DB5.DBD64',585.3400,9,19,NULL,1,'2026-01-19 07:13:52'),(1320,'2025-09-03 17:59:59',35,'DB5.DBD64',697.9000,9,19,NULL,1,'2026-01-19 07:13:52'),(1321,'2025-09-04 17:59:59',35,'DB5.DBD64',182.4500,9,19,NULL,1,'2026-01-19 07:13:52'),(1322,'2025-09-05 17:59:59',35,'DB5.DBD64',295.0000,9,19,NULL,1,'2026-01-19 07:13:52'),(1323,'2025-09-06 17:59:59',35,'DB5.DBD64',407.5600,9,19,NULL,1,'2026-01-19 07:13:52'),(1324,'2025-09-07 17:59:59',35,'DB5.DBD64',520.1200,9,19,NULL,1,'2026-01-19 07:13:52'),(1325,'2025-09-08 17:59:59',35,'DB5.DBD64',632.6700,9,19,NULL,1,'2026-01-19 07:13:52'),(1326,'2025-09-09 17:59:59',35,'DB5.DBD64',745.2300,9,19,NULL,1,'2026-01-19 07:13:52'),(1327,'2025-09-10 17:59:59',35,'DB5.DBD64',807.7800,9,19,NULL,1,'2026-01-19 07:13:52'),(1328,'2025-09-11 17:59:59',35,'DB5.DBD64',261.3400,9,19,NULL,1,'2026-01-19 07:13:52'),(1329,'2025-09-12 17:59:59',35,'DB5.DBD64',373.9000,9,19,NULL,1,'2026-01-19 07:13:52'),(1330,'2025-09-13 17:59:59',35,'DB5.DBD64',486.4500,9,19,NULL,1,'2026-01-19 07:13:52'),(1331,'2025-09-14 17:59:59',35,'DB5.DBD64',599.0000,9,19,NULL,1,'2026-01-19 07:13:52'),(1332,'2025-09-15 17:59:59',35,'DB5.DBD64',711.5600,9,19,NULL,1,'2026-01-19 07:13:52'),(1333,'2025-09-16 17:59:59',35,'DB5.DBD64',176.1200,9,19,NULL,1,'2026-01-19 07:13:52'),(1334,'2025-09-17 17:59:59',35,'DB5.DBD64',288.6700,9,19,NULL,1,'2026-01-19 07:13:52'),(1335,'2025-09-18 17:59:59',35,'DB5.DBD64',401.2300,9,19,NULL,1,'2026-01-19 07:13:52'),(1336,'2025-09-19 17:59:59',35,'DB5.DBD64',513.7800,9,19,NULL,1,'2026-01-19 07:13:52'),(1337,'2025-09-20 17:59:59',35,'DB5.DBD64',626.3400,9,19,NULL,1,'2026-01-19 07:13:52'),(1338,'2025-09-21 17:59:59',35,'DB5.DBD64',738.9000,9,19,NULL,1,'2026-01-19 07:13:52'),(1339,'2025-09-22 17:59:59',35,'DB5.DBD64',801.4500,9,19,NULL,1,'2026-01-19 07:13:52'),(1340,'2025-09-23 17:59:59',35,'DB5.DBD64',254.0000,9,19,NULL,1,'2026-01-19 07:13:52'),(1341,'2025-09-24 17:59:59',35,'DB5.DBD64',366.5600,9,19,NULL,1,'2026-01-19 07:13:52'),(1342,'2025-09-25 17:59:59',35,'DB5.DBD64',479.1200,9,19,NULL,1,'2026-01-19 07:13:52'),(1343,'2025-09-26 17:59:59',35,'DB5.DBD64',591.6700,9,19,NULL,1,'2026-01-19 07:13:52'),(1344,'2025-09-27 17:59:59',35,'DB5.DBD64',704.2300,9,19,NULL,1,'2026-01-19 07:13:52'),(1345,'2025-09-28 17:59:59',35,'DB5.DBD64',189.7800,9,19,NULL,1,'2026-01-19 07:13:52'),(1346,'2025-09-29 17:59:59',35,'DB5.DBD64',302.3400,9,19,NULL,1,'2026-01-19 07:13:52'),(1347,'2025-09-30 17:59:59',35,'DB5.DBD64',414.9000,9,19,NULL,1,'2026-01-19 07:13:52'),(1348,'2025-10-01 17:59:59',35,'DB5.DBD64',527.4500,9,19,NULL,1,'2026-01-19 07:13:52'),(1349,'2025-10-02 17:59:59',35,'DB5.DBD64',640.0000,9,19,NULL,1,'2026-01-19 07:13:52'),(1350,'2025-10-03 17:59:59',35,'DB5.DBD64',752.5600,9,19,NULL,1,'2026-01-19 07:13:52'),(1351,'2025-10-04 17:59:59',35,'DB5.DBD64',815.1200,9,19,NULL,1,'2026-01-19 07:13:52'),(1352,'2025-10-05 17:59:59',35,'DB5.DBD64',270.6700,9,19,NULL,1,'2026-01-19 07:13:52'),(1353,'2025-10-06 17:59:59',35,'DB5.DBD64',383.2300,9,19,NULL,1,'2026-01-19 07:13:52'),(1354,'2025-10-07 17:59:59',35,'DB5.DBD64',495.7800,9,19,NULL,1,'2026-01-19 07:13:52'),(1355,'2025-10-08 17:59:59',35,'DB5.DBD64',608.3400,9,19,NULL,1,'2026-01-19 07:13:52'),(1356,'2025-10-09 17:59:59',35,'DB5.DBD64',720.9000,9,19,NULL,1,'2026-01-19 07:13:52'),(1357,'2025-10-10 17:59:59',35,'DB5.DBD64',180.4500,9,19,NULL,1,'2026-01-19 07:13:52'),(1358,'2025-10-11 17:59:59',35,'DB5.DBD64',293.0000,9,19,NULL,1,'2026-01-19 07:13:52'),(1359,'2025-10-12 17:59:59',35,'DB5.DBD64',405.5600,9,19,NULL,1,'2026-01-19 07:13:52'),(1360,'2025-10-13 17:59:59',35,'DB5.DBD64',518.1200,9,19,NULL,1,'2026-01-19 07:13:52'),(1361,'2025-10-14 17:59:59',35,'DB5.DBD64',630.6700,9,19,NULL,1,'2026-01-19 07:13:52'),(1362,'2025-10-15 17:59:59',35,'DB5.DBD64',743.2300,9,19,NULL,1,'2026-01-19 07:13:52'),(1363,'2025-10-16 17:59:59',35,'DB5.DBD64',805.7800,9,19,NULL,1,'2026-01-19 07:13:52'),(1364,'2025-10-17 17:59:59',35,'DB5.DBD64',258.3400,9,19,NULL,1,'2026-01-19 07:13:52'),(1365,'2025-10-18 17:59:59',35,'DB5.DBD64',370.9000,9,19,NULL,1,'2026-01-19 07:13:52'),(1366,'2025-10-19 17:59:59',35,'DB5.DBD64',483.4500,9,19,NULL,1,'2026-01-19 07:13:52'),(1367,'2025-10-20 17:59:59',35,'DB5.DBD64',596.0000,9,19,NULL,1,'2026-01-19 07:13:52'),(1368,'2025-10-21 17:59:59',35,'DB5.DBD64',708.5600,9,19,NULL,1,'2026-01-19 07:13:52'),(1369,'2025-10-22 17:59:59',35,'DB5.DBD64',179.1200,9,19,NULL,1,'2026-01-19 07:13:52'),(1370,'2025-10-23 17:59:59',35,'DB5.DBD64',291.6700,9,19,NULL,1,'2026-01-19 07:13:52'),(1371,'2025-10-24 17:59:59',35,'DB5.DBD64',404.2300,9,19,NULL,1,'2026-01-19 07:13:52'),(1372,'2025-10-25 17:59:59',35,'DB5.DBD64',516.7800,9,19,NULL,1,'2026-01-19 07:13:52'),(1373,'2025-10-26 17:59:59',35,'DB5.DBD64',629.3400,9,19,NULL,1,'2026-01-19 07:13:52'),(1374,'2025-10-27 17:59:59',35,'DB5.DBD64',741.9000,9,19,NULL,1,'2026-01-19 07:13:52'),(1375,'2025-10-28 17:59:59',35,'DB5.DBD64',804.4500,9,19,NULL,1,'2026-01-19 07:13:52'),(1376,'2025-10-29 17:59:59',35,'DB5.DBD64',266.0000,9,19,NULL,1,'2026-01-19 07:13:52'),(1377,'2025-10-30 17:59:59',35,'DB5.DBD64',378.5600,9,19,NULL,1,'2026-01-19 07:13:52'),(1378,'2025-10-31 17:59:59',35,'DB5.DBD64',491.1200,9,19,NULL,1,'2026-01-19 07:13:52'),(1379,'2025-07-18 18:00:00',36,'DB1.DBD56',345.8900,13,19,NULL,1,'2026-01-19 07:13:52'),(1380,'2025-07-19 17:59:59',36,'DB1.DBD56',221.3400,13,19,NULL,1,'2026-01-19 07:13:52'),(1381,'2025-07-20 17:59:59',36,'DB1.DBD56',433.4500,13,19,NULL,1,'2026-01-19 07:13:52'),(1382,'2025-07-21 17:59:59',36,'DB1.DBD56',546.0000,13,19,NULL,1,'2026-01-19 07:13:52'),(1383,'2025-07-22 17:59:59',36,'DB1.DBD56',658.5600,13,19,NULL,1,'2026-01-19 07:13:52'),(1384,'2025-07-23 17:59:59',36,'DB1.DBD56',771.1200,13,19,NULL,1,'2026-01-19 07:13:52'),(1385,'2025-07-24 17:59:59',36,'DB1.DBD56',832.6700,13,19,NULL,1,'2026-01-19 07:13:52'),(1386,'2025-07-25 17:59:59',36,'DB1.DBD56',306.2300,13,19,NULL,1,'2026-01-19 07:13:52'),(1387,'2025-07-26 17:59:59',36,'DB1.DBD56',418.7800,13,19,NULL,1,'2026-01-19 07:13:52'),(1388,'2025-07-27 17:59:59',36,'DB1.DBD56',531.3400,13,19,NULL,1,'2026-01-19 07:13:52'),(1389,'2025-07-28 17:59:59',36,'DB1.DBD56',643.9000,13,19,NULL,1,'2026-01-19 07:13:52'),(1390,'2025-07-29 17:59:59',36,'DB1.DBD56',756.4500,13,19,NULL,1,'2026-01-19 07:13:52'),(1391,'2025-07-30 17:59:59',36,'DB1.DBD56',208.0000,13,19,NULL,1,'2026-01-19 07:13:52'),(1392,'2025-07-31 17:59:59',36,'DB1.DBD56',325.5600,13,19,NULL,1,'2026-01-19 07:13:52'),(1393,'2025-08-01 17:59:59',36,'DB1.DBD56',438.1200,13,19,NULL,1,'2026-01-19 07:13:52'),(1394,'2025-08-02 17:59:59',36,'DB1.DBD56',550.6700,13,19,NULL,1,'2026-01-19 07:13:52'),(1395,'2025-08-03 17:59:59',36,'DB1.DBD56',663.2300,13,19,NULL,1,'2026-01-19 07:13:52'),(1396,'2025-08-04 17:59:59',36,'DB1.DBD56',775.7800,13,19,NULL,1,'2026-01-19 07:13:52'),(1397,'2025-08-05 17:59:59',36,'DB1.DBD56',838.3400,13,19,NULL,1,'2026-01-19 07:13:52'),(1398,'2025-08-06 17:59:59',36,'DB1.DBD56',283.9000,13,19,NULL,1,'2026-01-19 07:13:52'),(1399,'2025-08-07 17:59:59',36,'DB1.DBD56',396.4500,13,19,NULL,1,'2026-01-19 07:13:52'),(1400,'2025-08-08 17:59:59',36,'DB1.DBD56',509.0000,13,19,NULL,1,'2026-01-19 07:13:52'),(1401,'2025-08-09 17:59:59',36,'DB1.DBD56',621.5600,13,19,NULL,1,'2026-01-19 07:13:52'),(1402,'2025-08-10 17:59:59',36,'DB1.DBD56',734.1200,13,19,NULL,1,'2026-01-19 07:13:52'),(1403,'2025-08-11 17:59:59',36,'DB1.DBD56',200.6700,13,19,NULL,1,'2026-01-19 07:13:52'),(1404,'2025-08-12 17:59:59',36,'DB1.DBD56',318.2300,13,19,NULL,1,'2026-01-19 07:13:52'),(1405,'2025-08-13 17:59:59',36,'DB1.DBD56',430.7800,13,19,NULL,1,'2026-01-19 07:13:52'),(1406,'2025-08-14 17:59:59',36,'DB1.DBD56',543.3400,13,19,NULL,1,'2026-01-19 07:13:52'),(1407,'2025-08-15 17:59:59',36,'DB1.DBD56',655.9000,13,19,NULL,1,'2026-01-19 07:13:52'),(1408,'2025-08-16 17:59:59',36,'DB1.DBD56',768.4500,13,19,NULL,1,'2026-01-19 07:13:52'),(1409,'2025-08-17 17:59:59',36,'DB1.DBD56',831.0000,13,19,NULL,1,'2026-01-19 07:13:52'),(1410,'2025-08-18 17:59:59',36,'DB1.DBD56',296.5600,13,19,NULL,1,'2026-01-19 07:13:52'),(1411,'2025-08-19 17:59:59',36,'DB1.DBD56',409.1200,13,19,NULL,1,'2026-01-19 07:13:52'),(1412,'2025-08-20 17:59:59',36,'DB1.DBD56',521.6700,13,19,NULL,1,'2026-01-19 07:13:52'),(1413,'2025-08-21 17:59:59',36,'DB1.DBD56',634.2300,13,19,NULL,1,'2026-01-19 07:13:52'),(1414,'2025-08-22 17:59:59',36,'DB1.DBD56',746.7800,13,19,NULL,1,'2026-01-19 07:13:52'),(1415,'2025-08-23 17:59:59',36,'DB1.DBD56',214.3400,13,19,NULL,1,'2026-01-19 07:13:52'),(1416,'2025-08-24 17:59:59',36,'DB1.DBD56',331.9000,13,19,NULL,1,'2026-01-19 07:13:52'),(1417,'2025-08-25 17:59:59',36,'DB1.DBD56',444.4500,13,19,NULL,1,'2026-01-19 07:13:52'),(1418,'2025-08-26 17:59:59',36,'DB1.DBD56',557.0000,13,19,NULL,1,'2026-01-19 07:13:52'),(1419,'2025-08-27 17:59:59',36,'DB1.DBD56',669.5600,13,19,NULL,1,'2026-01-19 07:13:52'),(1420,'2025-08-28 17:59:59',36,'DB1.DBD56',782.1200,13,19,NULL,1,'2026-01-19 07:13:52'),(1421,'2025-08-29 17:59:59',36,'DB1.DBD56',844.6700,13,19,NULL,1,'2026-01-19 07:13:52'),(1422,'2025-08-30 17:59:59',36,'DB1.DBD56',275.2300,13,19,NULL,1,'2026-01-19 07:13:52'),(1423,'2025-08-31 17:59:59',36,'DB1.DBD56',387.7800,13,19,NULL,1,'2026-01-19 07:13:52'),(1424,'2025-09-01 17:59:59',36,'DB1.DBD56',500.3400,13,19,NULL,1,'2026-01-19 07:13:52'),(1425,'2025-09-02 17:59:59',36,'DB1.DBD56',612.9000,13,19,NULL,1,'2026-01-19 07:13:52'),(1426,'2025-09-03 17:59:59',36,'DB1.DBD56',725.4500,13,19,NULL,1,'2026-01-19 07:13:52'),(1427,'2025-09-04 17:59:59',36,'DB1.DBD56',205.0000,13,19,NULL,1,'2026-01-19 07:13:52'),(1428,'2025-09-05 17:59:59',36,'DB1.DBD56',322.5600,13,19,NULL,1,'2026-01-19 07:13:52'),(1429,'2025-09-06 17:59:59',36,'DB1.DBD56',435.1200,13,19,NULL,1,'2026-01-19 07:13:52'),(1430,'2025-09-07 17:59:59',36,'DB1.DBD56',547.6700,13,19,NULL,1,'2026-01-19 07:13:52'),(1431,'2025-09-08 17:59:59',36,'DB1.DBD56',660.2300,13,19,NULL,1,'2026-01-19 07:13:52'),(1432,'2025-09-09 17:59:59',36,'DB1.DBD56',772.7800,13,19,NULL,1,'2026-01-19 07:13:52'),(1433,'2025-09-10 17:59:59',36,'DB1.DBD56',835.3400,13,19,NULL,1,'2026-01-19 07:13:52'),(1434,'2025-09-11 17:59:59',36,'DB1.DBD56',288.9000,13,19,NULL,1,'2026-01-19 07:13:52'),(1435,'2025-09-12 17:59:59',36,'DB1.DBD56',401.4500,13,19,NULL,1,'2026-01-19 07:13:52'),(1436,'2025-09-13 17:59:59',36,'DB1.DBD56',514.0000,13,19,NULL,1,'2026-01-19 07:13:52'),(1437,'2025-09-14 17:59:59',36,'DB1.DBD56',626.5600,13,19,NULL,1,'2026-01-19 07:13:52'),(1438,'2025-09-15 17:59:59',36,'DB1.DBD56',739.1200,13,19,NULL,1,'2026-01-19 07:13:52'),(1439,'2025-09-16 17:59:59',36,'DB1.DBD56',198.6700,13,19,NULL,1,'2026-01-19 07:13:52'),(1440,'2025-09-17 17:59:59',36,'DB1.DBD56',316.2300,13,19,NULL,1,'2026-01-19 07:13:52'),(1441,'2025-09-18 17:59:59',36,'DB1.DBD56',428.7800,13,19,NULL,1,'2026-01-19 07:13:52'),(1442,'2025-09-19 17:59:59',36,'DB1.DBD56',541.3400,13,19,NULL,1,'2026-01-19 07:13:52'),(1443,'2025-09-20 17:59:59',36,'DB1.DBD56',653.9000,13,19,NULL,1,'2026-01-19 07:13:52'),(1444,'2025-09-21 17:59:59',36,'DB1.DBD56',766.4500,13,19,NULL,1,'2026-01-19 07:13:52'),(1445,'2025-09-22 17:59:59',36,'DB1.DBD56',829.0000,13,19,NULL,1,'2026-01-19 07:13:52'),(1446,'2025-09-23 17:59:59',36,'DB1.DBD56',281.5600,13,19,NULL,1,'2026-01-19 07:13:52'),(1447,'2025-09-24 17:59:59',36,'DB1.DBD56',394.1200,13,19,NULL,1,'2026-01-19 07:13:52'),(1448,'2025-09-25 17:59:59',36,'DB1.DBD56',506.6700,13,19,NULL,1,'2026-01-19 07:13:52'),(1449,'2025-09-26 17:59:59',36,'DB1.DBD56',619.2300,13,19,NULL,1,'2026-01-19 07:13:52'),(1450,'2025-09-27 17:59:59',36,'DB1.DBD56',731.7800,13,19,NULL,1,'2026-01-19 07:13:52'),(1451,'2025-09-28 17:59:59',36,'DB1.DBD56',212.3400,13,19,NULL,1,'2026-01-19 07:13:52'),(1452,'2025-09-29 17:59:59',36,'DB1.DBD56',329.9000,13,19,NULL,1,'2026-01-19 07:13:52'),(1453,'2025-09-30 17:59:59',36,'DB1.DBD56',442.4500,13,19,NULL,1,'2026-01-19 07:13:52'),(1454,'2025-10-01 17:59:59',36,'DB1.DBD56',555.0000,13,19,NULL,1,'2026-01-19 07:13:52'),(1455,'2025-10-02 17:59:59',36,'DB1.DBD56',667.5600,13,19,NULL,1,'2026-01-19 07:13:52'),(1456,'2025-10-03 17:59:59',36,'DB1.DBD56',780.1200,13,19,NULL,1,'2026-01-19 07:13:52'),(1457,'2025-10-04 17:59:59',36,'DB1.DBD56',842.6700,13,19,NULL,1,'2026-01-19 07:13:52'),(1458,'2025-10-05 17:59:59',36,'DB1.DBD56',298.2300,13,19,NULL,1,'2026-01-19 07:13:52'),(1459,'2025-10-06 17:59:59',36,'DB1.DBD56',410.7800,13,19,NULL,1,'2026-01-19 07:13:52'),(1460,'2025-10-07 17:59:59',36,'DB1.DBD56',523.3400,13,19,NULL,1,'2026-01-19 07:13:52'),(1461,'2025-10-08 17:59:59',36,'DB1.DBD56',635.9000,13,19,NULL,1,'2026-01-19 07:13:52'),(1462,'2025-10-09 17:59:59',36,'DB1.DBD56',748.4500,13,19,NULL,1,'2026-01-19 07:13:52'),(1463,'2025-10-10 17:59:59',36,'DB1.DBD56',203.0000,13,19,NULL,1,'2026-01-19 07:13:52'),(1464,'2025-10-11 17:59:59',36,'DB1.DBD56',320.5600,13,19,NULL,1,'2026-01-19 07:13:52'),(1465,'2025-10-12 17:59:59',36,'DB1.DBD56',433.1200,13,19,NULL,1,'2026-01-19 07:13:52'),(1466,'2025-10-13 17:59:59',36,'DB1.DBD56',545.6700,13,19,NULL,1,'2026-01-19 07:13:52'),(1467,'2025-10-14 17:59:59',36,'DB1.DBD56',658.2300,13,19,NULL,1,'2026-01-19 07:13:52'),(1468,'2025-10-15 17:59:59',36,'DB1.DBD56',770.7800,13,19,NULL,1,'2026-01-19 07:13:52'),(1469,'2025-10-16 17:59:59',36,'DB1.DBD56',833.3400,13,19,NULL,1,'2026-01-19 07:13:52'),(1470,'2025-10-17 17:59:59',36,'DB1.DBD56',285.9000,13,19,NULL,1,'2026-01-19 07:13:52'),(1471,'2025-10-18 17:59:59',36,'DB1.DBD56',398.4500,13,19,NULL,1,'2026-01-19 07:13:52'),(1472,'2025-10-19 17:59:59',36,'DB1.DBD56',511.0000,13,19,NULL,1,'2026-01-19 07:13:52'),(1473,'2025-10-20 17:59:59',36,'DB1.DBD56',623.5600,13,19,NULL,1,'2026-01-19 07:13:52'),(1474,'2025-10-21 17:59:59',36,'DB1.DBD56',736.1200,13,19,NULL,1,'2026-01-19 07:13:52'),(1475,'2025-10-22 17:59:59',36,'DB1.DBD56',201.6700,13,19,NULL,1,'2026-01-19 07:13:52'),(1476,'2025-10-23 17:59:59',36,'DB1.DBD56',319.2300,13,19,NULL,1,'2026-01-19 07:13:52'),(1477,'2025-10-24 17:59:59',36,'DB1.DBD56',431.7800,13,19,NULL,1,'2026-01-19 07:13:52'),(1478,'2025-10-25 17:59:59',36,'DB1.DBD56',544.3400,13,19,NULL,1,'2026-01-19 07:13:52'),(1479,'2025-10-26 17:59:59',36,'DB1.DBD56',656.9000,13,19,NULL,1,'2026-01-19 07:13:52'),(1480,'2025-10-27 17:59:59',36,'DB1.DBD56',769.4500,13,19,NULL,1,'2026-01-19 07:13:52'),(1481,'2025-10-28 17:59:59',36,'DB1.DBD56',832.0000,13,19,NULL,1,'2026-01-19 07:13:52'),(1482,'2025-10-29 17:59:59',36,'DB1.DBD56',293.5600,13,19,NULL,1,'2026-01-19 07:13:52'),(1483,'2025-10-30 17:59:59',36,'DB1.DBD56',406.1200,13,19,NULL,1,'2026-01-19 07:13:52'),(1484,'2025-10-31 17:59:59',36,'DB1.DBD56',518.6700,13,19,NULL,1,'2026-01-19 07:13:52'),(1485,'2025-07-18 18:00:00',37,'DB4.DBD23',23.5000,12,19,NULL,1,'2026-01-19 07:13:52'),(1486,'2025-07-19 17:59:59',37,'DB4.DBD23',21.2000,12,19,NULL,1,'2026-01-19 07:13:52'),(1487,'2025-07-20 17:59:59',37,'DB4.DBD23',25.0000,12,19,NULL,1,'2026-01-19 07:13:52'),(1488,'2025-07-21 17:59:59',37,'DB4.DBD23',27.1000,12,19,NULL,1,'2026-01-19 07:13:52'),(1489,'2025-07-22 17:59:59',37,'DB4.DBD23',29.2000,12,19,NULL,1,'2026-01-19 07:13:52'),(1490,'2025-07-23 17:59:59',37,'DB4.DBD23',31.3000,12,19,NULL,1,'2026-01-19 07:13:52'),(1491,'2025-07-24 17:59:59',37,'DB4.DBD23',32.2000,12,19,NULL,1,'2026-01-19 07:13:52'),(1492,'2025-07-25 17:59:59',37,'DB4.DBD23',22.7000,12,19,NULL,1,'2026-01-19 07:13:52'),(1493,'2025-07-26 17:59:59',37,'DB4.DBD23',24.4000,12,19,NULL,1,'2026-01-19 07:13:52'),(1494,'2025-07-27 17:59:59',37,'DB4.DBD23',26.5000,12,19,NULL,1,'2026-01-19 07:13:52'),(1495,'2025-07-28 17:59:59',37,'DB4.DBD23',28.6000,12,19,NULL,1,'2026-01-19 07:13:52'),(1496,'2025-07-29 17:59:59',37,'DB4.DBD23',30.7000,12,19,NULL,1,'2026-01-19 07:13:52'),(1497,'2025-07-30 17:59:59',37,'DB4.DBD23',20.3000,12,19,NULL,1,'2026-01-19 07:13:52'),(1498,'2025-07-31 17:59:59',37,'DB4.DBD23',22.4000,12,19,NULL,1,'2026-01-19 07:13:52'),(1499,'2025-08-01 17:59:59',37,'DB4.DBD23',24.5000,12,19,NULL,1,'2026-01-19 07:13:52'),(1500,'2025-08-02 17:59:59',37,'DB4.DBD23',26.6000,12,19,NULL,1,'2026-01-19 07:13:52'),(1501,'2025-08-03 17:59:59',37,'DB4.DBD23',28.7000,12,19,NULL,1,'2026-01-19 07:13:52'),(1502,'2025-08-04 17:59:59',37,'DB4.DBD23',30.8000,12,19,NULL,1,'2026-01-19 07:13:52'),(1503,'2025-08-05 17:59:59',37,'DB4.DBD23',32.3000,12,19,NULL,1,'2026-01-19 07:13:52'),(1504,'2025-08-06 17:59:59',37,'DB4.DBD23',22.0000,12,19,NULL,1,'2026-01-19 07:13:52'),(1505,'2025-08-07 17:59:59',37,'DB4.DBD23',23.8000,12,19,NULL,1,'2026-01-19 07:13:52'),(1506,'2025-08-08 17:59:59',37,'DB4.DBD23',25.9000,12,19,NULL,1,'2026-01-19 07:13:52'),(1507,'2025-08-09 17:59:59',37,'DB4.DBD23',28.0000,12,19,NULL,1,'2026-01-19 07:13:52'),(1508,'2025-08-10 17:59:59',37,'DB4.DBD23',30.1000,12,19,NULL,1,'2026-01-19 07:13:52'),(1509,'2025-08-11 17:59:59',37,'DB4.DBD23',20.1000,12,19,NULL,1,'2026-01-19 07:13:52'),(1510,'2025-08-12 17:59:59',37,'DB4.DBD23',22.2000,12,19,NULL,1,'2026-01-19 07:13:52'),(1511,'2025-08-13 17:59:59',37,'DB4.DBD23',24.3000,12,19,NULL,1,'2026-01-19 07:13:52'),(1512,'2025-08-14 17:59:59',37,'DB4.DBD23',26.4000,12,19,NULL,1,'2026-01-19 07:13:52'),(1513,'2025-08-15 17:59:59',37,'DB4.DBD23',28.5000,12,19,NULL,1,'2026-01-19 07:13:52'),(1514,'2025-08-16 17:59:59',37,'DB4.DBD23',30.6000,12,19,NULL,1,'2026-01-19 07:13:52'),(1515,'2025-08-17 17:59:59',37,'DB4.DBD23',32.0000,12,19,NULL,1,'2026-01-19 07:13:52'),(1516,'2025-08-18 17:59:59',37,'DB4.DBD23',22.6000,12,19,NULL,1,'2026-01-19 07:13:52'),(1517,'2025-08-19 17:59:59',37,'DB4.DBD23',24.1000,12,19,NULL,1,'2026-01-19 07:13:52'),(1518,'2025-08-20 17:59:59',37,'DB4.DBD23',26.2000,12,19,NULL,1,'2026-01-19 07:13:52'),(1519,'2025-08-21 17:59:59',37,'DB4.DBD23',28.3000,12,19,NULL,1,'2026-01-19 07:13:52'),(1520,'2025-08-22 17:59:59',37,'DB4.DBD23',30.4000,12,19,NULL,1,'2026-01-19 07:13:52'),(1521,'2025-08-23 17:59:59',37,'DB4.DBD23',20.8000,12,19,NULL,1,'2026-01-19 07:13:52'),(1522,'2025-08-24 17:59:59',37,'DB4.DBD23',22.9000,12,19,NULL,1,'2026-01-19 07:13:52'),(1523,'2025-08-25 17:59:59',37,'DB4.DBD23',25.0000,12,19,NULL,1,'2026-01-19 07:13:52'),(1524,'2025-08-26 17:59:59',37,'DB4.DBD23',27.1000,12,19,NULL,1,'2026-01-19 07:13:52'),(1525,'2025-08-27 17:59:59',37,'DB4.DBD23',29.2000,12,19,NULL,1,'2026-01-19 07:13:52'),(1526,'2025-08-28 17:59:59',37,'DB4.DBD23',31.3000,12,19,NULL,1,'2026-01-19 07:13:52'),(1527,'2025-08-29 17:59:59',37,'DB4.DBD23',32.4000,12,19,NULL,1,'2026-01-19 07:13:52'),(1528,'2025-08-30 17:59:59',37,'DB4.DBD23',21.8000,12,19,NULL,1,'2026-01-19 07:13:52'),(1529,'2025-08-31 17:59:59',37,'DB4.DBD23',23.7000,12,19,NULL,1,'2026-01-19 07:13:52'),(1530,'2025-09-01 17:59:59',37,'DB4.DBD23',25.8000,12,19,NULL,1,'2026-01-19 07:13:52'),(1531,'2025-09-02 17:59:59',37,'DB4.DBD23',27.9000,12,19,NULL,1,'2026-01-19 07:13:52'),(1532,'2025-09-03 17:59:59',37,'DB4.DBD23',30.0000,12,19,NULL,1,'2026-01-19 07:13:52'),(1533,'2025-09-04 17:59:59',37,'DB4.DBD23',20.2000,12,19,NULL,1,'2026-01-19 07:13:52'),(1534,'2025-09-05 17:59:59',37,'DB4.DBD23',22.3000,12,19,NULL,1,'2026-01-19 07:13:52'),(1535,'2025-09-06 17:59:59',37,'DB4.DBD23',24.4000,12,19,NULL,1,'2026-01-19 07:13:52'),(1536,'2025-09-07 17:59:59',37,'DB4.DBD23',26.5000,12,19,NULL,1,'2026-01-19 07:13:52'),(1537,'2025-09-08 17:59:59',37,'DB4.DBD23',28.6000,12,19,NULL,1,'2026-01-19 07:13:52'),(1538,'2025-09-09 17:59:59',37,'DB4.DBD23',30.7000,12,19,NULL,1,'2026-01-19 07:13:52'),(1539,'2025-09-10 17:59:59',37,'DB4.DBD23',32.1000,12,19,NULL,1,'2026-01-19 07:13:52'),(1540,'2025-09-11 17:59:59',37,'DB4.DBD23',22.1000,12,19,NULL,1,'2026-01-19 07:13:52'),(1541,'2025-09-12 17:59:59',37,'DB4.DBD23',23.9000,12,19,NULL,1,'2026-01-19 07:13:52'),(1542,'2025-09-13 17:59:59',37,'DB4.DBD23',26.0000,12,19,NULL,1,'2026-01-19 07:13:52'),(1543,'2025-09-14 17:59:59',37,'DB4.DBD23',28.1000,12,19,NULL,1,'2026-01-19 07:13:52'),(1544,'2025-09-15 17:59:59',37,'DB4.DBD23',30.2000,12,19,NULL,1,'2026-01-19 07:13:52'),(1545,'2025-09-16 17:59:59',37,'DB4.DBD23',20.0000,12,19,NULL,1,'2026-01-19 07:13:52'),(1546,'2025-09-17 17:59:59',37,'DB4.DBD23',22.1000,12,19,NULL,1,'2026-01-19 07:13:52'),(1547,'2025-09-18 17:59:59',37,'DB4.DBD23',24.2000,12,19,NULL,1,'2026-01-19 07:13:52'),(1548,'2025-09-19 17:59:59',37,'DB4.DBD23',26.3000,12,19,NULL,1,'2026-01-19 07:13:52'),(1549,'2025-09-20 17:59:59',37,'DB4.DBD23',28.4000,12,19,NULL,1,'2026-01-19 07:13:52'),(1550,'2025-09-21 17:59:59',37,'DB4.DBD23',30.5000,12,19,NULL,1,'2026-01-19 07:13:52'),(1551,'2025-09-22 17:59:59',37,'DB4.DBD23',31.9000,12,19,NULL,1,'2026-01-19 07:13:52'),(1552,'2025-09-23 17:59:59',37,'DB4.DBD23',21.9000,12,19,NULL,1,'2026-01-19 07:13:52'),(1553,'2025-09-24 17:59:59',37,'DB4.DBD23',23.6000,12,19,NULL,1,'2026-01-19 07:13:52'),(1554,'2025-09-25 17:59:59',37,'DB4.DBD23',25.7000,12,19,NULL,1,'2026-01-19 07:13:52'),(1555,'2025-09-26 17:59:59',37,'DB4.DBD23',27.8000,12,19,NULL,1,'2026-01-19 07:13:52'),(1556,'2025-09-27 17:59:59',37,'DB4.DBD23',29.9000,12,19,NULL,1,'2026-01-19 07:13:52'),(1557,'2025-09-28 17:59:59',37,'DB4.DBD23',20.7000,12,19,NULL,1,'2026-01-19 07:13:52'),(1558,'2025-09-29 17:59:59',37,'DB4.DBD23',22.8000,12,19,NULL,1,'2026-01-19 07:13:52'),(1559,'2025-09-30 17:59:59',37,'DB4.DBD23',24.9000,12,19,NULL,1,'2026-01-19 07:13:52'),(1560,'2025-10-01 17:59:59',37,'DB4.DBD23',27.0000,12,19,NULL,1,'2026-01-19 07:13:52'),(1561,'2025-10-02 17:59:59',37,'DB4.DBD23',29.1000,12,19,NULL,1,'2026-01-19 07:13:52'),(1562,'2025-10-03 17:59:59',37,'DB4.DBD23',31.2000,12,19,NULL,1,'2026-01-19 07:13:52'),(1563,'2025-10-04 17:59:59',37,'DB4.DBD23',32.3000,12,19,NULL,1,'2026-01-19 07:13:52'),(1564,'2025-10-05 17:59:59',37,'DB4.DBD23',22.7000,12,19,NULL,1,'2026-01-19 07:13:52'),(1565,'2025-10-06 17:59:59',37,'DB4.DBD23',24.2000,12,19,NULL,1,'2026-01-19 07:13:52'),(1566,'2025-10-07 17:59:59',37,'DB4.DBD23',26.3000,12,19,NULL,1,'2026-01-19 07:13:52'),(1567,'2025-10-08 17:59:59',37,'DB4.DBD23',28.4000,12,19,NULL,1,'2026-01-19 07:13:52'),(1568,'2025-10-09 17:59:59',37,'DB4.DBD23',30.5000,12,19,NULL,1,'2026-01-19 07:13:52'),(1569,'2025-10-10 17:59:59',37,'DB4.DBD23',20.4000,12,19,NULL,1,'2026-01-19 07:13:52'),(1570,'2025-10-11 17:59:59',37,'DB4.DBD23',22.5000,12,19,NULL,1,'2026-01-19 07:13:52'),(1571,'2025-10-12 17:59:59',37,'DB4.DBD23',24.6000,12,19,NULL,1,'2026-01-19 07:13:52'),(1572,'2025-10-13 17:59:59',37,'DB4.DBD23',26.7000,12,19,NULL,1,'2026-01-19 07:13:52'),(1573,'2025-10-14 17:59:59',37,'DB4.DBD23',28.8000,12,19,NULL,1,'2026-01-19 07:13:52'),(1574,'2025-10-15 17:59:59',37,'DB4.DBD23',30.9000,12,19,NULL,1,'2026-01-19 07:13:52'),(1575,'2025-10-16 17:59:59',37,'DB4.DBD23',32.2000,12,19,NULL,1,'2026-01-19 07:13:52'),(1576,'2025-10-17 17:59:59',37,'DB4.DBD23',22.1000,12,19,NULL,1,'2026-01-19 07:13:52'),(1577,'2025-10-18 17:59:59',37,'DB4.DBD23',23.9000,12,19,NULL,1,'2026-01-19 07:13:52'),(1578,'2025-10-19 17:59:59',37,'DB4.DBD23',26.0000,12,19,NULL,1,'2026-01-19 07:13:52'),(1579,'2025-10-20 17:59:59',37,'DB4.DBD23',28.1000,12,19,NULL,1,'2026-01-19 07:13:52'),(1580,'2025-10-21 17:59:59',37,'DB4.DBD23',30.2000,12,19,NULL,1,'2026-01-19 07:13:52'),(1581,'2025-10-22 17:59:59',37,'DB4.DBD23',20.1000,12,19,NULL,1,'2026-01-19 07:13:52'),(1582,'2025-10-23 17:59:59',37,'DB4.DBD23',22.2000,12,19,NULL,1,'2026-01-19 07:13:52'),(1583,'2025-10-24 17:59:59',37,'DB4.DBD23',24.3000,12,19,NULL,1,'2026-01-19 07:13:52'),(1584,'2025-10-25 17:59:59',37,'DB4.DBD23',26.4000,12,19,NULL,1,'2026-01-19 07:13:52'),(1585,'2025-10-26 17:59:59',37,'DB4.DBD23',28.5000,12,19,NULL,1,'2026-01-19 07:13:52'),(1586,'2025-10-27 17:59:59',37,'DB4.DBD23',30.6000,12,19,NULL,1,'2026-01-19 07:13:52'),(1587,'2025-10-28 17:59:59',37,'DB4.DBD23',32.0000,12,19,NULL,1,'2026-01-19 07:13:52'),(1588,'2025-10-29 17:59:59',37,'DB4.DBD23',22.5000,12,19,NULL,1,'2026-01-19 07:13:52'),(1589,'2025-10-30 17:59:59',37,'DB4.DBD23',24.0000,12,19,NULL,1,'2026-01-19 07:13:52'),(1590,'2025-10-31 17:59:59',37,'DB4.DBD23',26.1000,12,19,NULL,1,'2026-01-19 07:13:52'),(1591,'2025-07-18 18:00:00',31,'DB5.DBD120',289.4500,9,9,NULL,1,'2026-01-19 07:13:52'),(1592,'2025-07-19 17:59:59',31,'DB5.DBD120',205.8900,9,9,NULL,1,'2026-01-19 07:13:52'),(1593,'2025-07-20 17:59:59',31,'DB5.DBD120',426.4500,9,9,NULL,1,'2026-01-19 07:13:52'),(1594,'2025-07-21 17:59:59',31,'DB5.DBD120',539.0000,9,9,NULL,1,'2026-01-19 07:13:52'),(1595,'2025-07-22 17:59:59',31,'DB5.DBD120',651.5600,9,9,NULL,1,'2026-01-19 07:13:52'),(1596,'2025-07-23 17:59:59',31,'DB5.DBD120',764.1200,9,9,NULL,1,'2026-01-19 07:13:52'),(1597,'2025-07-24 17:59:59',31,'DB5.DBD120',817.6700,9,9,NULL,1,'2026-01-19 07:13:52'),(1598,'2025-07-25 17:59:59',31,'DB5.DBD120',298.2300,9,9,NULL,1,'2026-01-19 07:13:52'),(1599,'2025-07-26 17:59:59',31,'DB5.DBD120',409.7800,9,9,NULL,1,'2026-01-19 07:13:52'),(1600,'2025-07-27 17:59:59',31,'DB5.DBD120',522.3400,9,9,NULL,1,'2026-01-19 07:13:52'),(1601,'2025-07-28 17:59:59',31,'DB5.DBD120',634.9000,9,9,NULL,1,'2026-01-19 07:13:52'),(1602,'2025-07-29 17:59:59',31,'DB5.DBD120',747.4500,9,9,NULL,1,'2026-01-19 07:13:52'),(1603,'2025-07-30 17:59:59',31,'DB5.DBD120',192.0000,9,9,NULL,1,'2026-01-19 07:13:52'),(1604,'2025-07-31 17:59:59',31,'DB5.DBD120',304.5600,9,9,NULL,1,'2026-01-19 07:13:52'),(1605,'2025-08-01 17:59:59',31,'DB5.DBD120',417.1200,9,9,NULL,1,'2026-01-19 07:13:52'),(1606,'2025-08-02 17:59:59',31,'DB5.DBD120',529.6700,9,9,NULL,1,'2026-01-19 07:13:52'),(1607,'2025-08-03 17:59:59',31,'DB5.DBD120',642.2300,9,9,NULL,1,'2026-01-19 07:13:52'),(1608,'2025-08-04 17:59:59',31,'DB5.DBD120',754.7800,9,9,NULL,1,'2026-01-19 07:13:52'),(1609,'2025-08-05 17:59:59',31,'DB5.DBD120',818.3400,9,9,NULL,1,'2026-01-19 07:13:52'),(1610,'2025-08-06 17:59:59',31,'DB5.DBD120',265.9000,9,9,NULL,1,'2026-01-19 07:13:52'),(1611,'2025-08-07 17:59:59',31,'DB5.DBD120',378.4500,9,9,NULL,1,'2026-01-19 07:13:52'),(1612,'2025-08-08 17:59:59',31,'DB5.DBD120',491.0000,9,9,NULL,1,'2026-01-19 07:13:52'),(1613,'2025-08-09 17:59:59',31,'DB5.DBD120',603.5600,9,9,NULL,1,'2026-01-19 07:13:52'),(1614,'2025-08-10 17:59:59',31,'DB5.DBD120',716.1200,9,9,NULL,1,'2026-01-19 07:13:52'),(1615,'2025-08-11 17:59:59',31,'DB5.DBD120',181.6700,9,9,NULL,1,'2026-01-19 07:13:52'),(1616,'2025-08-12 17:59:59',31,'DB5.DBD120',294.2300,9,9,NULL,1,'2026-01-19 07:13:52'),(1617,'2025-08-13 17:59:59',31,'DB5.DBD120',406.7800,9,9,NULL,1,'2026-01-19 07:13:52'),(1618,'2025-08-14 17:59:59',31,'DB5.DBD120',519.3400,9,9,NULL,1,'2026-01-19 07:13:52'),(1619,'2025-08-15 17:59:59',31,'DB5.DBD120',631.9000,9,9,NULL,1,'2026-01-19 07:13:52'),(1620,'2025-08-16 17:59:59',31,'DB5.DBD120',744.4500,9,9,NULL,1,'2026-01-19 07:13:52'),(1621,'2025-08-17 17:59:59',31,'DB5.DBD120',807.0000,9,9,NULL,1,'2026-01-19 07:13:52'),(1622,'2025-08-18 17:59:59',31,'DB5.DBD120',272.5600,9,9,NULL,1,'2026-01-19 07:13:52'),(1623,'2025-08-19 17:59:59',31,'DB5.DBD120',385.1200,9,9,NULL,1,'2026-01-19 07:13:52'),(1624,'2025-08-20 17:59:59',31,'DB5.DBD120',497.6700,9,9,NULL,1,'2026-01-19 07:13:52'),(1625,'2025-08-21 17:59:59',31,'DB5.DBD120',610.2300,9,9,NULL,1,'2026-01-19 07:13:52'),(1626,'2025-08-22 17:59:59',31,'DB5.DBD120',722.7800,9,9,NULL,1,'2026-01-19 07:13:52'),(1627,'2025-08-23 17:59:59',31,'DB5.DBD120',194.3400,9,9,NULL,1,'2026-01-19 07:13:52'),(1628,'2025-08-24 17:59:59',31,'DB5.DBD120',306.9000,9,9,NULL,1,'2026-01-19 07:13:52'),(1629,'2025-08-25 17:59:59',31,'DB5.DBD120',419.4500,9,9,NULL,1,'2026-01-19 07:13:52'),(1630,'2025-08-26 17:59:59',31,'DB5.DBD120',532.0000,9,9,NULL,1,'2026-01-19 07:13:52'),(1631,'2025-08-27 17:59:59',31,'DB5.DBD120',644.5600,9,9,NULL,1,'2026-01-19 07:13:52'),(1632,'2025-08-28 17:59:59',31,'DB5.DBD120',757.1200,9,9,NULL,1,'2026-01-19 07:13:52'),(1633,'2025-08-29 17:59:59',31,'DB5.DBD120',819.6700,9,9,NULL,1,'2026-01-19 07:13:52'),(1634,'2025-08-30 17:59:59',31,'DB5.DBD120',250.2300,9,9,NULL,1,'2026-01-19 07:13:52'),(1635,'2025-08-31 17:59:59',31,'DB5.DBD120',362.7800,9,9,NULL,1,'2026-01-19 07:13:52'),(1636,'2025-09-01 17:59:59',31,'DB5.DBD120',475.3400,9,9,NULL,1,'2026-01-19 07:13:52'),(1637,'2025-09-02 17:59:59',31,'DB5.DBD120',587.9000,9,9,NULL,1,'2026-01-19 07:13:52'),(1638,'2025-09-03 17:59:59',31,'DB5.DBD120',700.4500,9,9,NULL,1,'2026-01-19 07:13:52'),(1639,'2025-09-04 17:59:59',31,'DB5.DBD120',184.0000,9,9,NULL,1,'2026-01-19 07:13:52'),(1640,'2025-09-05 17:59:59',31,'DB5.DBD120',296.5600,9,9,NULL,1,'2026-01-19 07:13:52'),(1641,'2025-09-06 17:59:59',31,'DB5.DBD120',409.1200,9,9,NULL,1,'2026-01-19 07:13:52'),(1642,'2025-09-07 17:59:59',31,'DB5.DBD120',521.6700,9,9,NULL,1,'2026-01-19 07:13:52'),(1643,'2025-09-08 17:59:59',31,'DB5.DBD120',634.2300,9,9,NULL,1,'2026-01-19 07:13:52'),(1644,'2025-09-09 17:59:59',31,'DB5.DBD120',746.7800,9,9,NULL,1,'2026-01-19 07:13:52'),(1645,'2025-09-10 17:59:59',31,'DB5.DBD120',809.3400,9,9,NULL,1,'2026-01-19 07:13:52'),(1646,'2025-09-11 17:59:59',31,'DB5.DBD120',263.9000,9,9,NULL,1,'2026-01-19 07:13:52'),(1647,'2025-09-12 17:59:59',31,'DB5.DBD120',376.4500,9,9,NULL,1,'2026-01-19 07:13:52'),(1648,'2025-09-13 17:59:59',31,'DB5.DBD120',489.0000,9,9,NULL,1,'2026-01-19 07:13:52'),(1649,'2025-09-14 17:59:59',31,'DB5.DBD120',601.5600,9,9,NULL,1,'2026-01-19 07:13:52'),(1650,'2025-09-15 17:59:59',31,'DB5.DBD120',714.1200,9,9,NULL,1,'2026-01-19 07:13:52'),(1651,'2025-09-16 17:59:59',31,'DB5.DBD120',177.6700,9,9,NULL,1,'2026-01-19 07:13:52'),(1652,'2025-09-17 17:59:59',31,'DB5.DBD120',290.2300,9,9,NULL,1,'2026-01-19 07:13:52'),(1653,'2025-09-18 17:59:59',31,'DB5.DBD120',402.7800,9,9,NULL,1,'2026-01-19 07:13:52'),(1654,'2025-09-19 17:59:59',31,'DB5.DBD120',515.3400,9,9,NULL,1,'2026-01-19 07:13:52'),(1655,'2025-09-20 17:59:59',31,'DB5.DBD120',627.9000,9,9,NULL,1,'2026-01-19 07:13:52'),(1656,'2025-09-21 17:59:59',31,'DB5.DBD120',740.4500,9,9,NULL,1,'2026-01-19 07:13:52'),(1657,'2025-09-22 17:59:59',31,'DB5.DBD120',803.0000,9,9,NULL,1,'2026-01-19 07:13:52'),(1658,'2025-09-23 17:59:59',31,'DB5.DBD120',256.5600,9,9,NULL,1,'2026-01-19 07:13:52'),(1659,'2025-09-24 17:59:59',31,'DB5.DBD120',369.1200,9,9,NULL,1,'2026-01-19 07:13:52'),(1660,'2025-09-25 17:59:59',31,'DB5.DBD120',481.6700,9,9,NULL,1,'2026-01-19 07:13:52'),(1661,'2025-09-26 17:59:59',31,'DB5.DBD120',594.2300,9,9,NULL,1,'2026-01-19 07:13:52'),(1662,'2025-09-27 17:59:59',31,'DB5.DBD120',706.7800,9,9,NULL,1,'2026-01-19 07:13:52'),(1663,'2025-09-28 17:59:59',31,'DB5.DBD120',190.3400,9,9,NULL,1,'2026-01-19 07:13:52'),(1664,'2025-09-29 17:59:59',31,'DB5.DBD120',302.9000,9,9,NULL,1,'2026-01-19 07:13:52'),(1665,'2025-09-30 17:59:59',31,'DB5.DBD120',415.4500,9,9,NULL,1,'2026-01-19 07:13:52'),(1666,'2025-10-01 17:59:59',31,'DB5.DBD120',528.0000,9,9,NULL,1,'2026-01-19 07:13:52'),(1667,'2025-10-02 17:59:59',31,'DB5.DBD120',640.5600,9,9,NULL,1,'2026-01-19 07:13:52'),(1668,'2025-10-03 17:59:59',31,'DB5.DBD120',753.1200,9,9,NULL,1,'2026-01-19 07:13:52'),(1669,'2025-10-04 17:59:59',31,'DB5.DBD120',815.6700,9,9,NULL,1,'2026-01-19 07:13:52'),(1670,'2025-10-05 17:59:59',31,'DB5.DBD120',274.2300,9,9,NULL,1,'2026-01-19 07:13:52'),(1671,'2025-10-06 17:59:59',31,'DB5.DBD120',386.7800,9,9,NULL,1,'2026-01-19 07:13:52'),(1672,'2025-10-07 17:59:59',31,'DB5.DBD120',499.3400,9,9,NULL,1,'2026-01-19 07:13:52'),(1673,'2025-10-08 17:59:59',31,'DB5.DBD120',611.9000,9,9,NULL,1,'2026-01-19 07:13:52'),(1674,'2025-10-09 17:59:59',31,'DB5.DBD120',724.4500,9,9,NULL,1,'2026-01-19 07:13:52'),(1675,'2025-10-10 17:59:59',31,'DB5.DBD120',182.6700,9,9,NULL,1,'2026-01-19 07:13:52'),(1676,'2025-10-11 17:59:59',31,'DB5.DBD120',295.2300,9,9,NULL,1,'2026-01-19 07:13:52'),(1677,'2025-10-12 17:59:59',31,'DB5.DBD120',407.7800,9,9,NULL,1,'2026-01-19 07:13:52'),(1678,'2025-10-13 17:59:59',31,'DB5.DBD120',520.3400,9,9,NULL,1,'2026-01-19 07:13:52'),(1679,'2025-10-14 17:59:59',31,'DB5.DBD120',632.9000,9,9,NULL,1,'2026-01-19 07:13:52'),(1680,'2025-10-15 17:59:59',31,'DB5.DBD120',745.4500,9,9,NULL,1,'2026-01-19 07:13:52'),(1681,'2025-10-16 17:59:59',31,'DB5.DBD120',808.0000,9,9,NULL,1,'2026-01-19 07:13:52'),(1682,'2025-10-17 17:59:59',31,'DB5.DBD120',260.5600,9,9,NULL,1,'2026-01-19 07:13:52'),(1683,'2025-10-18 17:59:59',31,'DB5.DBD120',373.1200,9,9,NULL,1,'2026-01-19 07:13:52'),(1684,'2025-10-19 17:59:59',31,'DB5.DBD120',485.6700,9,9,NULL,1,'2026-01-19 07:13:52'),(1685,'2025-10-20 17:59:59',31,'DB5.DBD120',598.2300,9,9,NULL,1,'2026-01-19 07:13:52'),(1686,'2025-10-21 17:59:59',31,'DB5.DBD120',710.7800,9,9,NULL,1,'2026-01-19 07:13:52'),(1687,'2025-10-22 17:59:59',31,'DB5.DBD120',180.2300,9,9,NULL,1,'2026-01-19 07:13:52'),(1688,'2025-10-23 17:59:59',31,'DB5.DBD120',292.7800,9,9,NULL,1,'2026-01-19 07:13:52'),(1689,'2025-10-24 17:59:59',31,'DB5.DBD120',405.3400,9,9,NULL,1,'2026-01-19 07:13:52'),(1690,'2025-10-25 17:59:59',31,'DB5.DBD120',517.9000,9,9,NULL,1,'2026-01-19 07:13:52'),(1691,'2025-10-26 17:59:59',31,'DB5.DBD120',630.4500,9,9,NULL,1,'2026-01-19 07:13:52'),(1692,'2025-10-27 17:59:59',31,'DB5.DBD120',743.0000,9,9,NULL,1,'2026-01-19 07:13:52'),(1693,'2025-10-28 17:59:59',31,'DB5.DBD120',805.5600,9,9,NULL,1,'2026-01-19 07:13:52'),(1694,'2025-10-29 17:59:59',31,'DB5.DBD120',268.1200,9,9,NULL,1,'2026-01-19 07:13:52'),(1695,'2025-10-30 17:59:59',31,'DB5.DBD120',380.6700,9,9,NULL,1,'2026-01-19 07:13:52'),(1696,'2025-10-31 17:59:59',31,'DB5.DBD120',493.2300,9,9,NULL,1,'2026-01-19 07:13:52'),(1697,'2025-07-18 18:00:00',30,'DB8.DBD98',317.0000,13,9,NULL,1,'2026-01-19 07:13:52'),(1698,'2025-07-19 17:59:59',30,'DB8.DBD98',228.4500,13,9,NULL,1,'2026-01-19 07:13:52'),(1699,'2025-07-20 17:59:59',30,'DB8.DBD98',454.0000,13,9,NULL,1,'2026-01-19 07:13:52'),(1700,'2025-07-21 17:59:59',30,'DB8.DBD98',566.5600,13,9,NULL,1,'2026-01-19 07:13:52'),(1701,'2025-07-22 17:59:59',30,'DB8.DBD98',679.1200,13,9,NULL,1,'2026-01-19 07:13:52'),(1702,'2025-07-23 17:59:59',30,'DB8.DBD98',791.6700,13,9,NULL,1,'2026-01-19 07:13:52'),(1703,'2025-07-24 17:59:59',30,'DB8.DBD98',845.2300,13,9,NULL,1,'2026-01-19 07:13:52'),(1704,'2025-07-25 17:59:59',30,'DB8.DBD98',325.7800,13,9,NULL,1,'2026-01-19 07:13:52'),(1705,'2025-07-26 17:59:59',30,'DB8.DBD98',437.3400,13,9,NULL,1,'2026-01-19 07:13:52'),(1706,'2025-07-27 17:59:59',30,'DB8.DBD98',549.9000,13,9,NULL,1,'2026-01-19 07:13:52'),(1707,'2025-07-28 17:59:59',30,'DB8.DBD98',662.4500,13,9,NULL,1,'2026-01-19 07:13:52'),(1708,'2025-07-29 17:59:59',30,'DB8.DBD98',775.0000,13,9,NULL,1,'2026-01-19 07:13:52'),(1709,'2025-07-30 17:59:59',30,'DB8.DBD98',214.5600,13,9,NULL,1,'2026-01-19 07:13:52'),(1710,'2025-07-31 17:59:59',30,'DB8.DBD98',332.1200,13,9,NULL,1,'2026-01-19 07:13:52'),(1711,'2025-08-01 17:59:59',30,'DB8.DBD98',444.6700,13,9,NULL,1,'2026-01-19 07:13:52'),(1712,'2025-08-02 17:59:59',30,'DB8.DBD98',557.2300,13,9,NULL,1,'2026-01-19 07:13:52'),(1713,'2025-08-03 17:59:59',30,'DB8.DBD98',669.7800,13,9,NULL,1,'2026-01-19 07:13:52'),(1714,'2025-08-04 17:59:59',30,'DB8.DBD98',782.3400,13,9,NULL,1,'2026-01-19 07:13:52'),(1715,'2025-08-05 17:59:59',30,'DB8.DBD98',845.9000,13,9,NULL,1,'2026-01-19 07:13:52'),(1716,'2025-08-06 17:59:59',30,'DB8.DBD98',293.4500,13,9,NULL,1,'2026-01-19 07:13:52'),(1717,'2025-08-07 17:59:59',30,'DB8.DBD98',406.0000,13,9,NULL,1,'2026-01-19 07:13:52'),(1718,'2025-08-08 17:59:59',30,'DB8.DBD98',518.5600,13,9,NULL,1,'2026-01-19 07:13:52'),(1719,'2025-08-09 17:59:59',30,'DB8.DBD98',631.1200,13,9,NULL,1,'2026-01-19 07:13:52'),(1720,'2025-08-10 17:59:59',30,'DB8.DBD98',743.6700,13,9,NULL,1,'2026-01-19 07:13:52'),(1721,'2025-08-11 17:59:59',30,'DB8.DBD98',204.2300,13,9,NULL,1,'2026-01-19 07:13:52'),(1722,'2025-08-12 17:59:59',30,'DB8.DBD98',321.7800,13,9,NULL,1,'2026-01-19 07:13:52'),(1723,'2025-08-13 17:59:59',30,'DB8.DBD98',434.3400,13,9,NULL,1,'2026-01-19 07:13:52'),(1724,'2025-08-14 17:59:59',30,'DB8.DBD98',546.9000,13,9,NULL,1,'2026-01-19 07:13:52'),(1725,'2025-08-15 17:59:59',30,'DB8.DBD98',659.4500,13,9,NULL,1,'2026-01-19 07:13:52'),(1726,'2025-08-16 17:59:59',30,'DB8.DBD98',772.0000,13,9,NULL,1,'2026-01-19 07:13:52'),(1727,'2025-08-17 17:59:59',30,'DB8.DBD98',834.5600,13,9,NULL,1,'2026-01-19 07:13:52'),(1728,'2025-08-18 17:59:59',30,'DB8.DBD98',300.1200,13,9,NULL,1,'2026-01-19 07:13:52'),(1729,'2025-08-19 17:59:59',30,'DB8.DBD98',412.6700,13,9,NULL,1,'2026-01-19 07:13:52'),(1730,'2025-08-20 17:59:59',30,'DB8.DBD98',525.2300,13,9,NULL,1,'2026-01-19 07:13:52'),(1731,'2025-08-21 17:59:59',30,'DB8.DBD98',637.7800,13,9,NULL,1,'2026-01-19 07:13:52'),(1732,'2025-08-22 17:59:59',30,'DB8.DBD98',750.3400,13,9,NULL,1,'2026-01-19 07:13:52'),(1733,'2025-08-23 17:59:59',30,'DB8.DBD98',216.9000,13,9,NULL,1,'2026-01-19 07:13:52'),(1734,'2025-08-24 17:59:59',30,'DB8.DBD98',334.4500,13,9,NULL,1,'2026-01-19 07:13:52'),(1735,'2025-08-25 17:59:59',30,'DB8.DBD98',447.0000,13,9,NULL,1,'2026-01-19 07:13:52'),(1736,'2025-08-26 17:59:59',30,'DB8.DBD98',559.5600,13,9,NULL,1,'2026-01-19 07:13:52'),(1737,'2025-08-27 17:59:59',30,'DB8.DBD98',672.1200,13,9,NULL,1,'2026-01-19 07:13:52'),(1738,'2025-08-28 17:59:59',30,'DB8.DBD98',784.6700,13,9,NULL,1,'2026-01-19 07:13:52'),(1739,'2025-08-29 17:59:59',30,'DB8.DBD98',847.2300,13,9,NULL,1,'2026-01-19 07:13:52'),(1740,'2025-08-30 17:59:59',30,'DB8.DBD98',277.7800,13,9,NULL,1,'2026-01-19 07:13:52'),(1741,'2025-08-31 17:59:59',30,'DB8.DBD98',390.3400,13,9,NULL,1,'2026-01-19 07:13:52'),(1742,'2025-09-01 17:59:59',30,'DB8.DBD98',502.9000,13,9,NULL,1,'2026-01-19 07:13:52'),(1743,'2025-09-02 17:59:59',30,'DB8.DBD98',615.4500,13,9,NULL,1,'2026-01-19 07:13:52'),(1744,'2025-09-03 17:59:59',30,'DB8.DBD98',728.0000,13,9,NULL,1,'2026-01-19 07:13:52'),(1745,'2025-09-04 17:59:59',30,'DB8.DBD98',206.5600,13,9,NULL,1,'2026-01-19 07:13:52'),(1746,'2025-09-05 17:59:59',30,'DB8.DBD98',324.1200,13,9,NULL,1,'2026-01-19 07:13:52'),(1747,'2025-09-06 17:59:59',30,'DB8.DBD98',436.6700,13,9,NULL,1,'2026-01-19 07:13:52'),(1748,'2025-09-07 17:59:59',30,'DB8.DBD98',549.2300,13,9,NULL,1,'2026-01-19 07:13:52'),(1749,'2025-09-08 17:59:59',30,'DB8.DBD98',661.7800,13,9,NULL,1,'2026-01-19 07:13:52'),(1750,'2025-09-09 17:59:59',30,'DB8.DBD98',774.3400,13,9,NULL,1,'2026-01-19 07:13:52'),(1751,'2025-09-10 17:59:59',30,'DB8.DBD98',836.9000,13,9,NULL,1,'2026-01-19 07:13:52'),(1752,'2025-09-11 17:59:59',30,'DB8.DBD98',291.4500,13,9,NULL,1,'2026-01-19 07:13:52'),(1753,'2025-09-12 17:59:59',30,'DB8.DBD98',404.0000,13,9,NULL,1,'2026-01-19 07:13:52'),(1754,'2025-09-13 17:59:59',30,'DB8.DBD98',516.5600,13,9,NULL,1,'2026-01-19 07:13:52'),(1755,'2025-09-14 17:59:59',30,'DB8.DBD98',629.1200,13,9,NULL,1,'2026-01-19 07:13:52'),(1756,'2025-09-15 17:59:59',30,'DB8.DBD98',741.6700,13,9,NULL,1,'2026-01-19 07:13:52'),(1757,'2025-09-16 17:59:59',30,'DB8.DBD98',200.2300,13,9,NULL,1,'2026-01-19 07:13:52'),(1758,'2025-09-17 17:59:59',30,'DB8.DBD98',317.7800,13,9,NULL,1,'2026-01-19 07:13:52'),(1759,'2025-09-18 17:59:59',30,'DB8.DBD98',430.3400,13,9,NULL,1,'2026-01-19 07:13:52'),(1760,'2025-09-19 17:59:59',30,'DB8.DBD98',542.9000,13,9,NULL,1,'2026-01-19 07:13:52'),(1761,'2025-09-20 17:59:59',30,'DB8.DBD98',655.4500,13,9,NULL,1,'2026-01-19 07:13:52'),(1762,'2025-09-21 17:59:59',30,'DB8.DBD98',768.0000,13,9,NULL,1,'2026-01-19 07:13:52'),(1763,'2025-09-22 17:59:59',30,'DB8.DBD98',830.5600,13,9,NULL,1,'2026-01-19 07:13:52'),(1764,'2025-09-23 17:59:59',30,'DB8.DBD98',284.1200,13,9,NULL,1,'2026-01-19 07:13:52'),(1765,'2025-09-24 17:59:59',30,'DB8.DBD98',396.6700,13,9,NULL,1,'2026-01-19 07:13:52'),(1766,'2025-09-25 17:59:59',30,'DB8.DBD98',509.2300,13,9,NULL,1,'2026-01-19 07:13:52'),(1767,'2025-09-26 17:59:59',30,'DB8.DBD98',621.7800,13,9,NULL,1,'2026-01-19 07:13:52'),(1768,'2025-09-27 17:59:59',30,'DB8.DBD98',734.3400,13,9,NULL,1,'2026-01-19 07:13:52'),(1769,'2025-09-28 17:59:59',30,'DB8.DBD98',212.9000,13,9,NULL,1,'2026-01-19 07:13:52'),(1770,'2025-09-29 17:59:59',30,'DB8.DBD98',330.4500,13,9,NULL,1,'2026-01-19 07:13:52'),(1771,'2025-09-30 17:59:59',30,'DB8.DBD98',443.0000,13,9,NULL,1,'2026-01-19 07:13:52'),(1772,'2025-10-01 17:59:59',30,'DB8.DBD98',555.5600,13,9,NULL,1,'2026-01-19 07:13:52'),(1773,'2025-10-02 17:59:59',30,'DB8.DBD98',668.1200,13,9,NULL,1,'2026-01-19 07:13:52'),(1774,'2025-10-03 17:59:59',30,'DB8.DBD98',780.6700,13,9,NULL,1,'2026-01-19 07:13:52'),(1775,'2025-10-04 17:59:59',30,'DB8.DBD98',843.2300,13,9,NULL,1,'2026-01-19 07:13:52'),(1776,'2025-10-05 17:59:59',30,'DB8.DBD98',301.7800,13,9,NULL,1,'2026-01-19 07:13:52'),(1777,'2025-10-06 17:59:59',30,'DB8.DBD98',414.3400,13,9,NULL,1,'2026-01-19 07:13:52'),(1778,'2025-10-07 17:59:59',30,'DB8.DBD98',526.9000,13,9,NULL,1,'2026-01-19 07:13:52'),(1779,'2025-10-08 17:59:59',30,'DB8.DBD98',639.4500,13,9,NULL,1,'2026-01-19 07:13:52'),(1780,'2025-10-09 17:59:59',30,'DB8.DBD98',752.0000,13,9,NULL,1,'2026-01-19 07:13:52'),(1781,'2025-10-10 17:59:59',30,'DB8.DBD98',205.2300,13,9,NULL,1,'2026-01-19 07:13:52'),(1782,'2025-10-11 17:59:59',30,'DB8.DBD98',322.7800,13,9,NULL,1,'2026-01-19 07:13:52'),(1783,'2025-10-12 17:59:59',30,'DB8.DBD98',435.3400,13,9,NULL,1,'2026-01-19 07:13:52'),(1784,'2025-10-13 17:59:59',30,'DB8.DBD98',547.9000,13,9,NULL,1,'2026-01-19 07:13:52'),(1785,'2025-10-14 17:59:59',30,'DB8.DBD98',660.4500,13,9,NULL,1,'2026-01-19 07:13:52'),(1786,'2025-10-15 17:59:59',30,'DB8.DBD98',773.0000,13,9,NULL,1,'2026-01-19 07:13:52'),(1787,'2025-10-16 17:59:59',30,'DB8.DBD98',835.5600,13,9,NULL,1,'2026-01-19 07:13:52'),(1788,'2025-10-17 17:59:59',30,'DB8.DBD98',288.1200,13,9,NULL,1,'2026-01-19 07:13:52'),(1789,'2025-10-18 17:59:59',30,'DB8.DBD98',400.6700,13,9,NULL,1,'2026-01-19 07:13:52'),(1790,'2025-10-19 17:59:59',30,'DB8.DBD98',513.2300,13,9,NULL,1,'2026-01-19 07:13:52'),(1791,'2025-10-20 17:59:59',30,'DB8.DBD98',625.7800,13,9,NULL,1,'2026-01-19 07:13:52'),(1792,'2025-10-21 17:59:59',30,'DB8.DBD98',738.3400,13,9,NULL,1,'2026-01-19 07:13:52'),(1793,'2025-10-22 17:59:59',30,'DB8.DBD98',202.7800,13,9,NULL,1,'2026-01-19 07:13:52'),(1794,'2025-10-23 17:59:59',30,'DB8.DBD98',320.3400,13,9,NULL,1,'2026-01-19 07:13:52'),(1795,'2025-10-24 17:59:59',30,'DB8.DBD98',432.9000,13,9,NULL,1,'2026-01-19 07:13:52'),(1796,'2025-10-25 17:59:59',30,'DB8.DBD98',545.4500,13,9,NULL,1,'2026-01-19 07:13:52'),(1797,'2025-10-26 17:59:59',30,'DB8.DBD98',658.0000,13,9,NULL,1,'2026-01-19 07:13:52'),(1798,'2025-10-27 17:59:59',30,'DB8.DBD98',770.5600,13,9,NULL,1,'2026-01-19 07:13:52'),(1799,'2025-10-28 17:59:59',30,'DB8.DBD98',833.1200,13,9,NULL,1,'2026-01-19 07:13:52'),(1800,'2025-10-29 17:59:59',30,'DB8.DBD98',295.6700,13,9,NULL,1,'2026-01-19 07:13:52'),(1801,'2025-10-30 17:59:59',30,'DB8.DBD98',408.2300,13,9,NULL,1,'2026-01-19 07:13:52'),(1802,'2025-10-31 17:59:59',30,'DB8.DBD98',520.7800,13,9,NULL,1,'2026-01-19 07:13:52'),(1803,'2025-07-18 18:00:00',29,'DB7.DBD32',23.1000,12,9,NULL,1,'2026-01-19 07:13:52'),(1804,'2025-07-19 17:59:59',29,'DB7.DBD32',21.4000,12,9,NULL,1,'2026-01-19 07:13:52'),(1805,'2025-07-20 17:59:59',29,'DB7.DBD32',25.2000,12,9,NULL,1,'2026-01-19 07:13:52'),(1806,'2025-07-21 17:59:59',29,'DB7.DBD32',27.3000,12,9,NULL,1,'2026-01-19 07:13:52'),(1807,'2025-07-22 17:59:59',29,'DB7.DBD32',29.4000,12,9,NULL,1,'2026-01-19 07:13:52'),(1808,'2025-07-23 17:59:59',29,'DB7.DBD32',31.5000,12,9,NULL,1,'2026-01-19 07:13:52'),(1809,'2025-07-24 17:59:59',29,'DB7.DBD32',32.4000,12,9,NULL,1,'2026-01-19 07:13:52'),(1810,'2025-07-25 17:59:59',29,'DB7.DBD32',23.3000,12,9,NULL,1,'2026-01-19 07:13:52'),(1811,'2025-07-26 17:59:59',29,'DB7.DBD32',25.4000,12,9,NULL,1,'2026-01-19 07:13:52'),(1812,'2025-07-27 17:59:59',29,'DB7.DBD32',27.5000,12,9,NULL,1,'2026-01-19 07:13:52'),(1813,'2025-07-28 17:59:59',29,'DB7.DBD32',29.6000,12,9,NULL,1,'2026-01-19 07:13:52'),(1814,'2025-07-29 17:59:59',29,'DB7.DBD32',31.7000,12,9,NULL,1,'2026-01-19 07:13:52'),(1815,'2025-07-30 17:59:59',29,'DB7.DBD32',20.6000,12,9,NULL,1,'2026-01-19 07:13:52'),(1816,'2025-07-31 17:59:59',29,'DB7.DBD32',22.7000,12,9,NULL,1,'2026-01-19 07:13:52'),(1817,'2025-08-01 17:59:59',29,'DB7.DBD32',24.8000,12,9,NULL,1,'2026-01-19 07:13:52'),(1818,'2025-08-02 17:59:59',29,'DB7.DBD32',26.9000,12,9,NULL,1,'2026-01-19 07:13:52'),(1819,'2025-08-03 17:59:59',29,'DB7.DBD32',29.0000,12,9,NULL,1,'2026-01-19 07:13:52'),(1820,'2025-08-04 17:59:59',29,'DB7.DBD32',31.1000,12,9,NULL,1,'2026-01-19 07:13:52'),(1821,'2025-08-05 17:59:59',29,'DB7.DBD32',32.5000,12,9,NULL,1,'2026-01-19 07:13:52'),(1822,'2025-08-06 17:59:59',29,'DB7.DBD32',22.3000,12,9,NULL,1,'2026-01-19 07:13:52'),(1823,'2025-08-07 17:59:59',29,'DB7.DBD32',24.0000,12,9,NULL,1,'2026-01-19 07:13:52'),(1824,'2025-08-08 17:59:59',29,'DB7.DBD32',26.1000,12,9,NULL,1,'2026-01-19 07:13:52'),(1825,'2025-08-09 17:59:59',29,'DB7.DBD32',28.2000,12,9,NULL,1,'2026-01-19 07:13:52'),(1826,'2025-08-10 17:59:59',29,'DB7.DBD32',30.3000,12,9,NULL,1,'2026-01-19 07:13:52'),(1827,'2025-08-11 17:59:59',29,'DB7.DBD32',20.5000,12,9,NULL,1,'2026-01-19 07:13:52'),(1828,'2025-08-12 17:59:59',29,'DB7.DBD32',22.6000,12,9,NULL,1,'2026-01-19 07:13:52'),(1829,'2025-08-13 17:59:59',29,'DB7.DBD32',24.7000,12,9,NULL,1,'2026-01-19 07:13:52'),(1830,'2025-08-14 17:59:59',29,'DB7.DBD32',26.8000,12,9,NULL,1,'2026-01-19 07:13:52'),(1831,'2025-08-15 17:59:59',29,'DB7.DBD32',28.9000,12,9,NULL,1,'2026-01-19 07:13:52'),(1832,'2025-08-16 17:59:59',29,'DB7.DBD32',31.0000,12,9,NULL,1,'2026-01-19 07:13:52'),(1833,'2025-08-17 17:59:59',29,'DB7.DBD32',32.1000,12,9,NULL,1,'2026-01-19 07:13:52'),(1834,'2025-08-18 17:59:59',29,'DB7.DBD32',22.9000,12,9,NULL,1,'2026-01-19 07:13:52'),(1835,'2025-08-19 17:59:59',29,'DB7.DBD32',24.3000,12,9,NULL,1,'2026-01-19 07:13:52'),(1836,'2025-08-20 17:59:59',29,'DB7.DBD32',26.4000,12,9,NULL,1,'2026-01-19 07:13:52'),(1837,'2025-08-21 17:59:59',29,'DB7.DBD32',28.5000,12,9,NULL,1,'2026-01-19 07:13:52'),(1838,'2025-08-22 17:59:59',29,'DB7.DBD32',30.6000,12,9,NULL,1,'2026-01-19 07:13:52'),(1839,'2025-08-23 17:59:59',29,'DB7.DBD32',20.9000,12,9,NULL,1,'2026-01-19 07:13:52'),(1840,'2025-08-24 17:59:59',29,'DB7.DBD32',23.0000,12,9,NULL,1,'2026-01-19 07:13:52'),(1841,'2025-08-25 17:59:59',29,'DB7.DBD32',25.1000,12,9,NULL,1,'2026-01-19 07:13:52'),(1842,'2025-08-26 17:59:59',29,'DB7.DBD32',27.2000,12,9,NULL,1,'2026-01-19 07:13:52'),(1843,'2025-08-27 17:59:59',29,'DB7.DBD32',29.3000,12,9,NULL,1,'2026-01-19 07:13:52'),(1844,'2025-08-28 17:59:59',29,'DB7.DBD32',31.4000,12,9,NULL,1,'2026-01-19 07:13:52'),(1845,'2025-08-29 17:59:59',29,'DB7.DBD32',32.6000,12,9,NULL,1,'2026-01-19 07:13:52'),(1846,'2025-08-30 17:59:59',29,'DB7.DBD32',22.0000,12,9,NULL,1,'2026-01-19 07:13:52'),(1847,'2025-08-31 17:59:59',29,'DB7.DBD32',23.8000,12,9,NULL,1,'2026-01-19 07:13:52'),(1848,'2025-09-01 17:59:59',29,'DB7.DBD32',25.9000,12,9,NULL,1,'2026-01-19 07:13:52'),(1849,'2025-09-02 17:59:59',29,'DB7.DBD32',28.0000,12,9,NULL,1,'2026-01-19 07:13:52'),(1850,'2025-09-03 17:59:59',29,'DB7.DBD32',30.1000,12,9,NULL,1,'2026-01-19 07:13:52'),(1851,'2025-09-04 17:59:59',29,'DB7.DBD32',20.4000,12,9,NULL,1,'2026-01-19 07:13:52'),(1852,'2025-09-05 17:59:59',29,'DB7.DBD32',22.5000,12,9,NULL,1,'2026-01-19 07:13:52'),(1853,'2025-09-06 17:59:59',29,'DB7.DBD32',24.6000,12,9,NULL,1,'2026-01-19 07:13:52'),(1854,'2025-09-07 17:59:59',29,'DB7.DBD32',26.7000,12,9,NULL,1,'2026-01-19 07:13:52'),(1855,'2025-09-08 17:59:59',29,'DB7.DBD32',28.8000,12,9,NULL,1,'2026-01-19 07:13:52'),(1856,'2025-09-09 17:59:59',29,'DB7.DBD32',30.9000,12,9,NULL,1,'2026-01-19 07:13:52'),(1857,'2025-09-10 17:59:59',29,'DB7.DBD32',32.2000,12,9,NULL,1,'2026-01-19 07:13:52'),(1858,'2025-09-11 17:59:59',29,'DB7.DBD32',22.2000,12,9,NULL,1,'2026-01-19 07:13:52'),(1859,'2025-09-12 17:59:59',29,'DB7.DBD32',23.9000,12,9,NULL,1,'2026-01-19 07:13:52'),(1860,'2025-09-13 17:59:59',29,'DB7.DBD32',26.0000,12,9,NULL,1,'2026-01-19 07:13:52'),(1861,'2025-09-14 17:59:59',29,'DB7.DBD32',28.1000,12,9,NULL,1,'2026-01-19 07:13:52'),(1862,'2025-09-15 17:59:59',29,'DB7.DBD32',30.2000,12,9,NULL,1,'2026-01-19 07:13:52'),(1863,'2025-09-16 17:59:59',29,'DB7.DBD32',20.2000,12,9,NULL,1,'2026-01-19 07:13:52'),(1864,'2025-09-17 17:59:59',29,'DB7.DBD32',22.3000,12,9,NULL,1,'2026-01-19 07:13:52'),(1865,'2025-09-18 17:59:59',29,'DB7.DBD32',24.4000,12,9,NULL,1,'2026-01-19 07:13:52'),(1866,'2025-09-19 17:59:59',29,'DB7.DBD32',26.5000,12,9,NULL,1,'2026-01-19 07:13:52'),(1867,'2025-09-20 17:59:59',29,'DB7.DBD32',28.6000,12,9,NULL,1,'2026-01-19 07:13:52'),(1868,'2025-09-21 17:59:59',29,'DB7.DBD32',30.7000,12,9,NULL,1,'2026-01-19 07:13:52'),(1869,'2025-09-22 17:59:59',29,'DB7.DBD32',31.8000,12,9,NULL,1,'2026-01-19 07:13:52'),(1870,'2025-09-23 17:59:59',29,'DB7.DBD32',21.8000,12,9,NULL,1,'2026-01-19 07:13:52'),(1871,'2025-09-24 17:59:59',29,'DB7.DBD32',23.7000,12,9,NULL,1,'2026-01-19 07:13:52'),(1872,'2025-09-25 17:59:59',29,'DB7.DBD32',25.8000,12,9,NULL,1,'2026-01-19 07:13:52'),(1873,'2025-09-26 17:59:59',29,'DB7.DBD32',27.9000,12,9,NULL,1,'2026-01-19 07:13:52'),(1874,'2025-09-27 17:59:59',29,'DB7.DBD32',30.0000,12,9,NULL,1,'2026-01-19 07:13:52'),(1875,'2025-09-28 17:59:59',29,'DB7.DBD32',20.8000,12,9,NULL,1,'2026-01-19 07:13:52'),(1876,'2025-09-29 17:59:59',29,'DB7.DBD32',22.9000,12,9,NULL,1,'2026-01-19 07:13:52'),(1877,'2025-09-30 17:59:59',29,'DB7.DBD32',25.0000,12,9,NULL,1,'2026-01-19 07:13:52'),(1878,'2025-10-01 17:59:59',29,'DB7.DBD32',27.1000,12,9,NULL,1,'2026-01-19 07:13:52'),(1879,'2025-10-02 17:59:59',29,'DB7.DBD32',29.2000,12,9,NULL,1,'2026-01-19 07:13:52'),(1880,'2025-10-03 17:59:59',29,'DB7.DBD32',31.3000,12,9,NULL,1,'2026-01-19 07:13:52'),(1881,'2025-10-04 17:59:59',29,'DB7.DBD32',32.4000,12,9,NULL,1,'2026-01-19 07:13:52'),(1882,'2025-10-05 17:59:59',29,'DB7.DBD32',23.0000,12,9,NULL,1,'2026-01-19 07:13:52'),(1883,'2025-10-06 17:59:59',29,'DB7.DBD32',24.1000,12,9,NULL,1,'2026-01-19 07:13:52'),(1884,'2025-10-07 17:59:59',29,'DB7.DBD32',26.2000,12,9,NULL,1,'2026-01-19 07:13:52'),(1885,'2025-10-08 17:59:59',29,'DB7.DBD32',28.3000,12,9,NULL,1,'2026-01-19 07:13:52'),(1886,'2025-10-09 17:59:59',29,'DB7.DBD32',30.4000,12,9,NULL,1,'2026-01-19 07:13:52'),(1887,'2025-10-10 17:59:59',29,'DB7.DBD32',20.3000,12,9,NULL,1,'2026-01-19 07:13:52'),(1888,'2025-10-11 17:59:59',29,'DB7.DBD32',22.4000,12,9,NULL,1,'2026-01-19 07:13:52'),(1889,'2025-10-12 17:59:59',29,'DB7.DBD32',24.5000,12,9,NULL,1,'2026-01-19 07:13:52'),(1890,'2025-10-13 17:59:59',29,'DB7.DBD32',26.6000,12,9,NULL,1,'2026-01-19 07:13:52'),(1891,'2025-10-14 17:59:59',29,'DB7.DBD32',28.7000,12,9,NULL,1,'2026-01-19 07:13:52'),(1892,'2025-10-15 17:59:59',29,'DB7.DBD32',30.8000,12,9,NULL,1,'2026-01-19 07:13:52'),(1893,'2025-10-16 17:59:59',29,'DB7.DBD32',32.1000,12,9,NULL,1,'2026-01-19 07:13:52'),(1894,'2025-10-17 17:59:59',29,'DB7.DBD32',22.1000,12,9,NULL,1,'2026-01-19 07:13:52'),(1895,'2025-10-18 17:59:59',29,'DB7.DBD32',23.9000,12,9,NULL,1,'2026-01-19 07:13:52'),(1896,'2025-10-19 17:59:59',29,'DB7.DBD32',26.0000,12,9,NULL,1,'2026-01-19 07:13:52'),(1897,'2025-10-20 17:59:59',29,'DB7.DBD32',28.1000,12,9,NULL,1,'2026-01-19 07:13:52'),(1898,'2025-10-21 17:59:59',29,'DB7.DBD32',30.2000,12,9,NULL,1,'2026-01-19 07:13:52'),(1899,'2025-10-22 17:59:59',29,'DB7.DBD32',20.4000,12,9,NULL,1,'2026-01-19 07:13:52'),(1900,'2025-10-23 17:59:59',29,'DB7.DBD32',22.5000,12,9,NULL,1,'2026-01-19 07:13:52'),(1901,'2025-10-24 17:59:59',29,'DB7.DBD32',24.6000,12,9,NULL,1,'2026-01-19 07:13:52'),(1902,'2025-10-25 17:59:59',29,'DB7.DBD32',26.7000,12,9,NULL,1,'2026-01-19 07:13:52'),(1903,'2025-10-26 17:59:59',29,'DB7.DBD32',28.8000,12,9,NULL,1,'2026-01-19 07:13:52'),(1904,'2025-10-27 17:59:59',29,'DB7.DBD32',30.9000,12,9,NULL,1,'2026-01-19 07:13:52'),(1905,'2025-10-28 17:59:59',29,'DB7.DBD32',32.0000,12,9,NULL,1,'2026-01-19 07:13:52'),(1906,'2025-10-29 17:59:59',29,'DB7.DBD32',22.6000,12,9,NULL,1,'2026-01-19 07:13:52'),(1907,'2025-10-30 17:59:59',29,'DB7.DBD32',24.1000,12,9,NULL,1,'2026-01-19 07:13:52'),(1908,'2025-10-31 17:59:59',29,'DB7.DBD32',26.2000,12,9,NULL,1,'2026-01-19 07:13:52'),(1909,'2025-07-18 18:00:00',32,'DB1.DBD106',256.3200,9,18,NULL,1,'2026-01-19 08:25:36'),(1910,'2025-07-19 17:59:59',32,'DB1.DBD106',189.7600,9,18,NULL,1,'2026-01-19 08:25:36'),(1911,'2025-07-20 17:59:59',32,'DB1.DBD106',321.8900,9,18,NULL,1,'2026-01-19 08:25:36'),(1912,'2025-07-21 17:59:59',32,'DB1.DBD106',405.6700,9,18,NULL,1,'2026-01-19 08:25:36'),(1913,'2025-07-22 17:59:59',32,'DB1.DBD106',156.9800,9,18,NULL,1,'2026-01-19 08:25:36'),(1914,'2025-07-23 17:59:59',32,'DB1.DBD106',521.4500,9,18,NULL,1,'2026-01-19 08:25:36'),(1915,'2025-07-24 17:59:59',32,'DB1.DBD106',612.3300,9,18,NULL,1,'2026-01-19 08:25:36'),(1916,'2025-07-25 17:59:59',32,'DB1.DBD106',705.8900,9,18,NULL,1,'2026-01-19 08:25:36'),(1917,'2025-07-26 17:59:59',32,'DB1.DBD106',188.6700,9,18,NULL,1,'2026-01-19 08:25:36'),(1918,'2025-07-27 17:59:59',32,'DB1.DBD106',298.4500,9,18,NULL,1,'2026-01-19 08:25:36'),(1919,'2025-07-28 17:59:59',32,'DB1.DBD106',456.7800,9,18,NULL,1,'2026-01-19 08:25:36'),(1920,'2025-07-29 17:59:59',32,'DB1.DBD106',589.2300,9,18,NULL,1,'2026-01-19 08:25:36'),(1921,'2025-07-30 17:59:59',32,'DB1.DBD106',678.9100,9,18,NULL,1,'2026-01-19 08:25:36'),(1922,'2025-07-31 17:59:59',32,'DB1.DBD106',389.4500,9,18,NULL,1,'2026-01-19 08:25:36'),(1923,'2025-08-01 17:59:59',32,'DB1.DBD106',198.7600,9,18,NULL,1,'2026-01-19 08:25:36'),(1924,'2025-08-02 17:59:59',32,'DB1.DBD106',312.5400,9,18,NULL,1,'2026-01-19 08:25:36'),(1925,'2025-08-03 17:59:59',32,'DB1.DBD106',478.9100,9,18,NULL,1,'2026-01-19 08:25:36'),(1926,'2025-08-04 17:59:59',32,'DB1.DBD106',598.3200,9,18,NULL,1,'2026-01-19 08:25:36'),(1927,'2025-08-05 17:59:59',32,'DB1.DBD106',721.4500,9,18,NULL,1,'2026-01-19 08:25:36'),(1928,'2025-08-06 17:59:59',32,'DB1.DBD106',812.6700,9,18,NULL,1,'2026-01-19 08:25:36'),(1929,'2025-08-07 17:59:59',32,'DB1.DBD106',278.5600,9,18,NULL,1,'2026-01-19 08:25:36'),(1930,'2025-08-08 17:59:59',32,'DB1.DBD106',365.7800,9,18,NULL,1,'2026-01-19 08:25:36'),(1931,'2025-08-09 17:59:59',32,'DB1.DBD106',498.2300,9,18,NULL,1,'2026-01-19 08:25:36'),(1932,'2025-08-10 17:59:59',32,'DB1.DBD106',605.8900,9,18,NULL,1,'2026-01-19 08:25:36'),(1933,'2025-08-11 17:59:59',32,'DB1.DBD106',718.4500,9,18,NULL,1,'2026-01-19 08:25:36'),(1934,'2025-08-12 17:59:59',32,'DB1.DBD106',178.9100,9,18,NULL,1,'2026-01-19 08:25:36'),(1935,'2025-08-13 17:59:59',32,'DB1.DBD106',289.6700,9,18,NULL,1,'2026-01-19 08:25:36'),(1936,'2025-08-14 17:59:59',32,'DB1.DBD106',398.4500,9,18,NULL,1,'2026-01-19 08:25:36'),(1937,'2025-08-15 17:59:59',32,'DB1.DBD106',512.7800,9,18,NULL,1,'2026-01-19 08:25:36'),(1938,'2025-08-16 17:59:59',32,'DB1.DBD106',625.3200,9,18,NULL,1,'2026-01-19 08:25:36'),(1939,'2025-08-17 17:59:59',32,'DB1.DBD106',738.9100,9,18,NULL,1,'2026-01-19 08:25:36'),(1940,'2025-08-18 17:59:59',32,'DB1.DBD106',801.5600,9,18,NULL,1,'2026-01-19 08:25:36'),(1941,'2025-08-19 17:59:59',32,'DB1.DBD106',245.8900,9,18,NULL,1,'2026-01-19 08:25:36'),(1942,'2025-08-20 17:59:59',32,'DB1.DBD106',356.2300,9,18,NULL,1,'2026-01-19 08:25:36'),(1943,'2025-08-21 17:59:59',32,'DB1.DBD106',468.7800,9,18,NULL,1,'2026-01-19 08:25:36'),(1944,'2025-08-22 17:59:59',32,'DB1.DBD106',581.3200,9,18,NULL,1,'2026-01-19 08:25:36'),(1945,'2025-08-23 17:59:59',32,'DB1.DBD106',589.4500,9,18,NULL,1,'2026-01-19 08:25:36'),(1946,'2025-08-24 17:59:59',32,'DB1.DBD106',498.6700,9,18,NULL,1,'2026-01-19 08:25:36'),(1947,'2025-08-25 17:59:59',32,'DB1.DBD106',365.2100,9,18,NULL,1,'2026-01-19 08:25:36'),(1948,'2025-08-26 17:59:59',32,'DB1.DBD106',712.8900,9,18,NULL,1,'2026-01-19 08:25:36'),(1949,'2025-08-27 17:59:59',32,'DB1.DBD106',289.4500,9,18,NULL,1,'2026-01-19 08:25:36'),(1950,'2025-08-28 17:59:59',32,'DB1.DBD106',658.9100,9,18,NULL,1,'2026-01-19 08:25:36'),(1951,'2025-08-29 17:59:59',32,'DB1.DBD106',805.6700,9,18,NULL,1,'2026-01-19 08:25:36'),(1952,'2025-08-30 17:59:59',32,'DB1.DBD106',376.8900,9,18,NULL,1,'2026-01-19 08:25:36'),(1953,'2025-08-31 17:59:59',32,'DB1.DBD106',192.4500,9,18,NULL,1,'2026-01-19 08:25:36'),(1954,'2025-09-01 17:59:59',32,'DB1.DBD106',488.7600,9,18,NULL,1,'2026-01-19 08:25:36'),(1955,'2025-09-02 17:59:59',32,'DB1.DBD106',599.3200,9,18,NULL,1,'2026-01-19 08:25:36'),(1956,'2025-09-03 17:59:59',32,'DB1.DBD106',701.8900,9,18,NULL,1,'2026-01-19 08:25:36'),(1957,'2025-09-04 17:59:59',32,'DB1.DBD106',265.5600,9,18,NULL,1,'2026-01-19 08:25:36'),(1958,'2025-09-05 17:59:59',32,'DB1.DBD106',378.9100,9,18,NULL,1,'2026-01-19 08:25:36'),(1959,'2025-09-06 17:59:59',32,'DB1.DBD106',491.4500,9,18,NULL,1,'2026-01-19 08:25:36'),(1960,'2025-09-07 17:59:59',32,'DB1.DBD106',604.0000,9,18,NULL,1,'2026-01-19 08:25:36'),(1961,'2025-09-08 17:59:59',32,'DB1.DBD106',717.5600,9,18,NULL,1,'2026-01-19 08:25:36'),(1962,'2025-09-09 17:59:59',32,'DB1.DBD106',185.2300,9,18,NULL,1,'2026-01-19 08:25:36'),(1963,'2025-09-10 17:59:59',32,'DB1.DBD106',296.7800,9,18,NULL,1,'2026-01-19 08:25:36'),(1964,'2025-09-11 17:59:59',32,'DB1.DBD106',409.3200,9,18,NULL,1,'2026-01-19 08:25:36'),(1965,'2025-09-12 17:59:59',32,'DB1.DBD106',522.8900,9,18,NULL,1,'2026-01-19 08:25:36'),(1966,'2025-09-13 17:59:59',32,'DB1.DBD106',635.4500,9,18,NULL,1,'2026-01-19 08:25:36'),(1967,'2025-09-14 17:59:59',32,'DB1.DBD106',748.0000,9,18,NULL,1,'2026-01-19 08:25:36'),(1968,'2025-09-15 17:59:59',32,'DB1.DBD106',819.5600,9,18,NULL,1,'2026-01-19 08:25:36'),(1969,'2025-09-16 17:59:59',32,'DB1.DBD106',258.1200,9,18,NULL,1,'2026-01-19 08:25:36'),(1970,'2025-09-17 17:59:59',32,'DB1.DBD106',369.6700,9,18,NULL,1,'2026-01-19 08:25:36'),(1971,'2025-09-18 17:59:59',32,'DB1.DBD106',482.2300,9,18,NULL,1,'2026-01-19 08:25:36'),(1972,'2025-09-19 17:59:59',32,'DB1.DBD106',594.7800,9,18,NULL,1,'2026-01-19 08:25:36'),(1973,'2025-09-20 17:59:59',32,'DB1.DBD106',707.3400,9,18,NULL,1,'2026-01-19 08:25:36'),(1974,'2025-09-21 17:59:59',32,'DB1.DBD106',176.8900,9,18,NULL,1,'2026-01-19 08:25:36'),(1975,'2025-09-22 17:59:59',32,'DB1.DBD106',288.4500,9,18,NULL,1,'2026-01-19 08:25:36'),(1976,'2025-09-23 17:59:59',32,'DB1.DBD106',401.0000,9,18,NULL,1,'2026-01-19 08:25:36'),(1977,'2025-09-24 17:59:59',32,'DB1.DBD106',513.5600,9,18,NULL,1,'2026-01-19 08:25:36'),(1978,'2025-09-25 17:59:59',32,'DB1.DBD106',626.1200,9,18,NULL,1,'2026-01-19 08:25:36'),(1979,'2025-09-26 17:59:59',32,'DB1.DBD106',738.6700,9,18,NULL,1,'2026-01-19 08:25:36'),(1980,'2025-09-27 17:59:59',32,'DB1.DBD106',800.2300,9,18,NULL,1,'2026-01-19 08:25:36'),(1981,'2025-09-28 17:59:59',32,'DB1.DBD106',426.7800,9,18,NULL,1,'2026-01-19 08:25:36'),(1982,'2025-09-29 17:59:59',32,'DB1.DBD106',632.1500,9,18,NULL,1,'2026-01-19 08:25:36'),(1983,'2025-09-30 17:59:59',32,'DB1.DBD106',298.4500,9,18,NULL,1,'2026-01-19 08:25:36'),(1984,'2025-10-01 17:59:59',32,'DB1.DBD106',512.3300,9,18,NULL,1,'2026-01-19 08:25:36'),(1985,'2025-10-02 17:59:59',32,'DB1.DBD106',805.6700,9,18,NULL,1,'2026-01-19 08:25:36'),(1986,'2025-10-03 17:59:59',32,'DB1.DBD106',376.8900,9,18,NULL,1,'2026-01-19 08:25:36'),(1987,'2025-10-04 17:59:59',32,'DB1.DBD106',188.7600,9,18,NULL,1,'2026-01-19 08:25:36'),(1988,'2025-10-05 17:59:59',32,'DB1.DBD106',499.3200,9,18,NULL,1,'2026-01-19 08:25:36'),(1989,'2025-10-06 17:59:59',32,'DB1.DBD106',610.8900,9,18,NULL,1,'2026-01-19 08:25:36'),(1990,'2025-10-07 17:59:59',32,'DB1.DBD106',723.4500,9,18,NULL,1,'2026-01-19 08:25:36'),(1991,'2025-10-08 17:59:59',32,'DB1.DBD106',247.0000,9,18,NULL,1,'2026-01-19 08:25:36'),(1992,'2025-10-09 17:59:59',32,'DB1.DBD106',359.5600,9,18,NULL,1,'2026-01-19 08:25:36'),(1993,'2025-10-10 17:59:59',32,'DB1.DBD106',472.1200,9,18,NULL,1,'2026-01-19 08:25:36'),(1994,'2025-10-11 17:59:59',32,'DB1.DBD106',584.6700,9,18,NULL,1,'2026-01-19 08:25:36'),(1995,'2025-10-12 17:59:59',32,'DB1.DBD106',697.2300,9,18,NULL,1,'2026-01-19 08:25:36'),(1996,'2025-10-13 17:59:59',32,'DB1.DBD106',809.7800,9,18,NULL,1,'2026-01-19 08:25:36'),(1997,'2025-10-14 17:59:59',32,'DB1.DBD106',201.3400,9,18,NULL,1,'2026-01-19 08:25:36'),(1998,'2025-10-15 17:59:59',32,'DB1.DBD106',313.8900,9,18,NULL,1,'2026-01-19 08:25:36'),(1999,'2025-10-16 17:59:59',32,'DB1.DBD106',426.4500,9,18,NULL,1,'2026-01-19 08:25:36'),(2000,'2025-10-17 17:59:59',32,'DB1.DBD106',539.0000,9,18,NULL,1,'2026-01-19 08:25:36'),(2001,'2025-10-18 17:59:59',32,'DB1.DBD106',651.5600,9,18,NULL,1,'2026-01-19 08:25:36'),(2002,'2025-10-19 17:59:59',32,'DB1.DBD106',764.1200,9,18,NULL,1,'2026-01-19 08:25:36'),(2003,'2025-10-20 17:59:59',32,'DB1.DBD106',190.8900,9,18,NULL,1,'2026-01-19 08:25:36'),(2004,'2025-10-21 17:59:59',32,'DB1.DBD106',303.4500,9,18,NULL,1,'2026-01-19 08:25:36'),(2005,'2025-10-22 17:59:59',32,'DB1.DBD106',416.0000,9,18,NULL,1,'2026-01-19 08:25:36'),(2006,'2025-10-23 17:59:59',32,'DB1.DBD106',528.5600,9,18,NULL,1,'2026-01-19 08:25:36'),(2007,'2025-10-24 17:59:59',32,'DB1.DBD106',641.1200,9,18,NULL,1,'2026-01-19 08:25:36'),(2008,'2025-10-25 17:59:59',32,'DB1.DBD106',753.6700,9,18,NULL,1,'2026-01-19 08:25:36'),(2009,'2025-10-26 17:59:59',32,'DB1.DBD106',816.2300,9,18,NULL,1,'2026-01-19 08:25:36'),(2010,'2025-10-27 17:59:59',32,'DB1.DBD106',260.7800,9,18,NULL,1,'2026-01-19 08:25:36'),(2011,'2025-10-28 17:59:59',32,'DB1.DBD106',373.3400,9,18,NULL,1,'2026-01-19 08:25:36'),(2012,'2025-10-29 17:59:59',32,'DB1.DBD106',485.8900,9,18,NULL,1,'2026-01-19 08:25:36'),(2013,'2025-10-30 17:59:59',32,'DB1.DBD106',598.4500,9,18,NULL,1,'2026-01-19 08:25:36'),(2014,'2025-10-31 17:59:59',32,'DB1.DBD106',711.0000,9,18,NULL,1,'2026-01-19 08:25:36'),(2015,'2025-07-18 18:00:00',33,'DB3.DBD13',312.6500,13,18,NULL,1,'2026-01-19 08:25:36'),(2016,'2025-07-19 17:59:59',33,'DB3.DBD13',205.4100,13,18,NULL,1,'2026-01-19 08:25:36'),(2017,'2025-07-20 17:59:59',33,'DB3.DBD13',356.2400,13,18,NULL,1,'2026-01-19 08:25:36'),(2018,'2025-07-21 17:59:59',33,'DB3.DBD13',432.9800,13,18,NULL,1,'2026-01-19 08:25:36'),(2019,'2025-07-22 17:59:59',33,'DB3.DBD13',178.3200,13,18,NULL,1,'2026-01-19 08:25:36'),(2020,'2025-07-23 17:59:59',33,'DB3.DBD13',548.7600,13,18,NULL,1,'2026-01-19 08:25:36'),(2021,'2025-07-24 17:59:59',33,'DB3.DBD13',645.8900,13,18,NULL,1,'2026-01-19 08:25:36'),(2022,'2025-07-25 17:59:59',33,'DB3.DBD13',732.4500,13,18,NULL,1,'2026-01-19 08:25:36'),(2023,'2025-07-26 17:59:59',33,'DB3.DBD13',210.9800,13,18,NULL,1,'2026-01-19 08:25:36'),(2024,'2025-07-27 17:59:59',33,'DB3.DBD13',326.7800,13,18,NULL,1,'2026-01-19 08:25:36'),(2025,'2025-07-28 17:59:59',33,'DB3.DBD13',489.2300,13,18,NULL,1,'2026-01-19 08:25:36'),(2026,'2025-07-29 17:59:59',33,'DB3.DBD13',615.6700,13,18,NULL,1,'2026-01-19 08:25:36'),(2027,'2025-07-30 17:59:59',33,'DB3.DBD13',705.4300,13,18,NULL,1,'2026-01-19 08:25:36'),(2028,'2025-07-31 17:59:59',33,'DB3.DBD13',412.8900,13,18,NULL,1,'2026-01-19 08:25:36'),(2029,'2025-08-01 17:59:59',33,'DB3.DBD13',220.3400,13,18,NULL,1,'2026-01-19 08:25:36'),(2030,'2025-08-02 17:59:59',33,'DB3.DBD13',345.8900,13,18,NULL,1,'2026-01-19 08:25:36'),(2031,'2025-08-03 17:59:59',33,'DB3.DBD13',505.6700,13,18,NULL,1,'2026-01-19 08:25:36'),(2032,'2025-08-04 17:59:59',33,'DB3.DBD13',625.7800,13,18,NULL,1,'2026-01-19 08:25:36'),(2033,'2025-08-05 17:59:59',33,'DB3.DBD13',748.9100,13,18,NULL,1,'2026-01-19 08:25:36'),(2034,'2025-08-06 17:59:59',33,'DB3.DBD13',839.2400,13,18,NULL,1,'2026-01-19 08:25:36'),(2035,'2025-08-07 17:59:59',33,'DB3.DBD13',305.8900,13,18,NULL,1,'2026-01-19 08:25:36'),(2036,'2025-08-08 17:59:59',33,'DB3.DBD13',392.4500,13,18,NULL,1,'2026-01-19 08:25:36'),(2037,'2025-08-09 17:59:59',33,'DB3.DBD13',525.6700,13,18,NULL,1,'2026-01-19 08:25:36'),(2038,'2025-08-10 17:59:59',33,'DB3.DBD13',632.4500,13,18,NULL,1,'2026-01-19 08:25:36'),(2039,'2025-08-11 17:59:59',33,'DB3.DBD13',745.9100,13,18,NULL,1,'2026-01-19 08:25:36'),(2040,'2025-08-12 17:59:59',33,'DB3.DBD13',200.5600,13,18,NULL,1,'2026-01-19 08:25:36'),(2041,'2025-08-13 17:59:59',33,'DB3.DBD13',316.2300,13,18,NULL,1,'2026-01-19 08:25:36'),(2042,'2025-08-14 17:59:59',33,'DB3.DBD13',425.8900,13,18,NULL,1,'2026-01-19 08:25:36'),(2043,'2025-08-15 17:59:59',33,'DB3.DBD13',540.3400,13,18,NULL,1,'2026-01-19 08:25:36'),(2044,'2025-08-16 17:59:59',33,'DB3.DBD13',652.7800,13,18,NULL,1,'2026-01-19 08:25:36'),(2045,'2025-08-17 17:59:59',33,'DB3.DBD13',765.4500,13,18,NULL,1,'2026-01-19 08:25:36'),(2046,'2025-08-18 17:59:59',33,'DB3.DBD13',828.9100,13,18,NULL,1,'2026-01-19 08:25:36'),(2047,'2025-08-19 17:59:59',33,'DB3.DBD13',272.4500,13,18,NULL,1,'2026-01-19 08:25:36'),(2048,'2025-08-20 17:59:59',33,'DB3.DBD13',383.7800,13,18,NULL,1,'2026-01-19 08:25:36'),(2049,'2025-08-21 17:59:59',33,'DB3.DBD13',496.3400,13,18,NULL,1,'2026-01-19 08:25:36'),(2050,'2025-08-22 17:59:59',33,'DB3.DBD13',608.8900,13,18,NULL,1,'2026-01-19 08:25:36'),(2051,'2025-08-23 17:59:59',33,'DB3.DBD13',612.3300,13,18,NULL,1,'2026-01-19 08:25:36'),(2052,'2025-08-24 17:59:59',33,'DB3.DBD13',521.8900,13,18,NULL,1,'2026-01-19 08:25:36'),(2053,'2025-08-25 17:59:59',33,'DB3.DBD13',389.7600,13,18,NULL,1,'2026-01-19 08:25:36'),(2054,'2025-08-26 17:59:59',33,'DB3.DBD13',745.3200,13,18,NULL,1,'2026-01-19 08:25:36'),(2055,'2025-08-27 17:59:59',33,'DB3.DBD13',315.6700,13,18,NULL,1,'2026-01-19 08:25:36'),(2056,'2025-08-28 17:59:59',33,'DB3.DBD13',689.2400,13,18,NULL,1,'2026-01-19 08:25:36'),(2057,'2025-08-29 17:59:59',33,'DB3.DBD13',832.9100,13,18,NULL,1,'2026-01-19 08:25:36'),(2058,'2025-08-30 17:59:59',33,'DB3.DBD13',402.3300,13,18,NULL,1,'2026-01-19 08:25:36'),(2059,'2025-08-31 17:59:59',33,'DB3.DBD13',215.7800,13,18,NULL,1,'2026-01-19 08:25:36'),(2060,'2025-09-01 17:59:59',33,'DB3.DBD13',515.2300,13,18,NULL,1,'2026-01-19 08:25:36'),(2061,'2025-09-02 17:59:59',33,'DB3.DBD13',626.8900,13,18,NULL,1,'2026-01-19 08:25:36'),(2062,'2025-09-03 17:59:59',33,'DB3.DBD13',729.4500,13,18,NULL,1,'2026-01-19 08:25:36'),(2063,'2025-09-04 17:59:59',33,'DB3.DBD13',292.1200,13,18,NULL,1,'2026-01-19 08:25:36'),(2064,'2025-09-05 17:59:59',33,'DB3.DBD13',405.4500,13,18,NULL,1,'2026-01-19 08:25:36'),(2065,'2025-09-06 17:59:59',33,'DB3.DBD13',518.9100,13,18,NULL,1,'2026-01-19 08:25:36'),(2066,'2025-09-07 17:59:59',33,'DB3.DBD13',631.5600,13,18,NULL,1,'2026-01-19 08:25:36'),(2067,'2025-09-08 17:59:59',33,'DB3.DBD13',745.1200,13,18,NULL,1,'2026-01-19 08:25:36'),(2068,'2025-09-09 17:59:59',33,'DB3.DBD13',207.6700,13,18,NULL,1,'2026-01-19 08:25:36'),(2069,'2025-09-10 17:59:59',33,'DB3.DBD13',324.3400,13,18,NULL,1,'2026-01-19 08:25:36'),(2070,'2025-09-11 17:59:59',33,'DB3.DBD13',436.8900,13,18,NULL,1,'2026-01-19 08:25:36'),(2071,'2025-09-12 17:59:59',33,'DB3.DBD13',550.4500,13,18,NULL,1,'2026-01-19 08:25:36'),(2072,'2025-09-13 17:59:59',33,'DB3.DBD13',663.0000,13,18,NULL,1,'2026-01-19 08:25:36'),(2073,'2025-09-14 17:59:59',33,'DB3.DBD13',775.5600,13,18,NULL,1,'2026-01-19 08:25:36'),(2074,'2025-09-15 17:59:59',33,'DB3.DBD13',847.1200,13,18,NULL,1,'2026-01-19 08:25:36'),(2075,'2025-09-16 17:59:59',33,'DB3.DBD13',284.6700,13,18,NULL,1,'2026-01-19 08:25:36'),(2076,'2025-09-17 17:59:59',33,'DB3.DBD13',397.2300,13,18,NULL,1,'2026-01-19 08:25:36'),(2077,'2025-09-18 17:59:59',33,'DB3.DBD13',509.7800,13,18,NULL,1,'2026-01-19 08:25:36'),(2078,'2025-09-19 17:59:59',33,'DB3.DBD13',622.3400,13,18,NULL,1,'2026-01-19 08:25:36'),(2079,'2025-09-20 17:59:59',33,'DB3.DBD13',734.9000,13,18,NULL,1,'2026-01-19 08:25:36'),(2080,'2025-09-21 17:59:59',33,'DB3.DBD13',199.4500,13,18,NULL,1,'2026-01-19 08:25:36'),(2081,'2025-09-22 17:59:59',33,'DB3.DBD13',316.0000,13,18,NULL,1,'2026-01-19 08:25:36'),(2082,'2025-09-23 17:59:59',33,'DB3.DBD13',428.5600,13,18,NULL,1,'2026-01-19 08:25:36'),(2083,'2025-09-24 17:59:59',33,'DB3.DBD13',541.1200,13,18,NULL,1,'2026-01-19 08:25:36'),(2084,'2025-09-25 17:59:59',33,'DB3.DBD13',653.6700,13,18,NULL,1,'2026-01-19 08:25:36'),(2085,'2025-09-26 17:59:59',33,'DB3.DBD13',766.2300,13,18,NULL,1,'2026-01-19 08:25:36'),(2086,'2025-09-27 17:59:59',33,'DB3.DBD13',827.7800,13,18,NULL,1,'2026-01-19 08:25:36'),(2087,'2025-09-28 17:59:59',33,'DB3.DBD13',458.9100,13,18,NULL,1,'2026-01-19 08:25:36'),(2088,'2025-09-29 17:59:59',33,'DB3.DBD13',659.4700,13,18,NULL,1,'2026-01-19 08:25:36'),(2089,'2025-09-30 17:59:59',33,'DB3.DBD13',325.6800,13,18,NULL,1,'2026-01-19 08:25:36'),(2090,'2025-10-01 17:59:59',33,'DB3.DBD13',546.7800,13,18,NULL,1,'2026-01-19 08:25:36'),(2091,'2025-10-02 17:59:59',33,'DB3.DBD13',832.9100,13,18,NULL,1,'2026-01-19 08:25:36'),(2092,'2025-10-03 17:59:59',33,'DB3.DBD13',402.3300,13,18,NULL,1,'2026-01-19 08:25:36'),(2093,'2025-10-04 17:59:59',33,'DB3.DBD13',211.2300,13,18,NULL,1,'2026-01-19 08:25:36'),(2094,'2025-10-05 17:59:59',33,'DB3.DBD13',526.8900,13,18,NULL,1,'2026-01-19 08:25:36'),(2095,'2025-10-06 17:59:59',33,'DB3.DBD13',638.4500,13,18,NULL,1,'2026-01-19 08:25:36'),(2096,'2025-10-07 17:59:59',33,'DB3.DBD13',751.0000,13,18,NULL,1,'2026-01-19 08:25:36'),(2097,'2025-10-08 17:59:59',33,'DB3.DBD13',273.5600,13,18,NULL,1,'2026-01-19 08:25:36'),(2098,'2025-10-09 17:59:59',33,'DB3.DBD13',387.1200,13,18,NULL,1,'2026-01-19 08:25:36'),(2099,'2025-10-10 17:59:59',33,'DB3.DBD13',499.6700,13,18,NULL,1,'2026-01-19 08:25:36'),(2100,'2025-10-11 17:59:59',33,'DB3.DBD13',612.2300,13,18,NULL,1,'2026-01-19 08:25:36'),(2101,'2025-10-12 17:59:59',33,'DB3.DBD13',724.7800,13,18,NULL,1,'2026-01-19 08:25:36'),(2102,'2025-10-13 17:59:59',33,'DB3.DBD13',837.3400,13,18,NULL,1,'2026-01-19 08:25:36'),(2103,'2025-10-14 17:59:59',33,'DB3.DBD13',223.8900,13,18,NULL,1,'2026-01-19 08:25:36'),(2104,'2025-10-15 17:59:59',33,'DB3.DBD13',341.4500,13,18,NULL,1,'2026-01-19 08:25:36'),(2105,'2025-10-16 17:59:59',33,'DB3.DBD13',454.0000,13,18,NULL,1,'2026-01-19 08:25:36'),(2106,'2025-10-17 17:59:59',33,'DB3.DBD13',566.5600,13,18,NULL,1,'2026-01-19 08:25:36'),(2107,'2025-10-18 17:59:59',33,'DB3.DBD13',679.1200,13,18,NULL,1,'2026-01-19 08:25:36'),(2108,'2025-10-19 17:59:59',33,'DB3.DBD13',791.6700,13,18,NULL,1,'2026-01-19 08:25:36'),(2109,'2025-10-20 17:59:59',33,'DB3.DBD13',213.4500,13,18,NULL,1,'2026-01-19 08:25:36'),(2110,'2025-10-21 17:59:59',33,'DB3.DBD13',331.0000,13,18,NULL,1,'2026-01-19 08:25:36'),(2111,'2025-10-22 17:59:59',33,'DB3.DBD13',443.5600,13,18,NULL,1,'2026-01-19 08:25:36'),(2112,'2025-10-23 17:59:59',33,'DB3.DBD13',556.1200,13,18,NULL,1,'2026-01-19 08:25:36'),(2113,'2025-10-24 17:59:59',33,'DB3.DBD13',668.6700,13,18,NULL,1,'2026-01-19 08:25:36'),(2114,'2025-10-25 17:59:59',33,'DB3.DBD13',781.2300,13,18,NULL,1,'2026-01-19 08:25:36'),(2115,'2025-10-26 17:59:59',33,'DB3.DBD13',843.7800,13,18,NULL,1,'2026-01-19 08:25:36'),(2116,'2025-10-27 17:59:59',33,'DB3.DBD13',287.3400,13,18,NULL,1,'2026-01-19 08:25:36'),(2117,'2025-10-28 17:59:59',33,'DB3.DBD13',400.8900,13,18,NULL,1,'2026-01-19 08:25:36'),(2118,'2025-10-29 17:59:59',33,'DB3.DBD13',513.4500,13,18,NULL,1,'2026-01-19 08:25:36'),(2119,'2025-10-30 17:59:59',33,'DB3.DBD13',626.0000,13,18,NULL,1,'2026-01-19 08:25:36'),(2120,'2025-10-31 17:59:59',33,'DB3.DBD13',738.5600,13,18,NULL,1,'2026-01-19 08:25:36'),(2121,'2025-07-18 18:00:00',34,'DB7.DBD94',22.8000,12,18,NULL,1,'2026-01-19 08:25:36'),(2122,'2025-07-19 17:59:59',34,'DB7.DBD94',21.5000,12,18,NULL,1,'2026-01-19 08:25:36'),(2123,'2025-07-20 17:59:59',34,'DB7.DBD94',23.1000,12,18,NULL,1,'2026-01-19 08:25:36'),(2124,'2025-07-21 17:59:59',34,'DB7.DBD94',24.7000,12,18,NULL,1,'2026-01-19 08:25:36'),(2125,'2025-07-22 17:59:59',34,'DB7.DBD94',20.2000,12,18,NULL,1,'2026-01-19 08:25:36'),(2126,'2025-07-23 17:59:59',34,'DB7.DBD94',26.3000,12,18,NULL,1,'2026-01-19 08:25:36'),(2127,'2025-07-24 17:59:59',34,'DB7.DBD94',28.1000,12,18,NULL,1,'2026-01-19 08:25:36'),(2128,'2025-07-25 17:59:59',34,'DB7.DBD94',30.5000,12,18,NULL,1,'2026-01-19 08:25:36'),(2129,'2025-07-26 17:59:59',34,'DB7.DBD94',20.8000,12,18,NULL,1,'2026-01-19 08:25:36'),(2130,'2025-07-27 17:59:59',34,'DB7.DBD94',22.7000,12,18,NULL,1,'2026-01-19 08:25:36'),(2131,'2025-07-28 17:59:59',34,'DB7.DBD94',25.2000,12,18,NULL,1,'2026-01-19 08:25:36'),(2132,'2025-07-29 17:59:59',34,'DB7.DBD94',27.9000,12,18,NULL,1,'2026-01-19 08:25:36'),(2133,'2025-07-30 17:59:59',34,'DB7.DBD94',29.4000,12,18,NULL,1,'2026-01-19 08:25:36'),(2134,'2025-07-31 17:59:59',34,'DB7.DBD94',24.3000,12,18,NULL,1,'2026-01-19 08:25:36'),(2135,'2025-08-01 17:59:59',34,'DB7.DBD94',21.1000,12,18,NULL,1,'2026-01-19 08:25:36'),(2136,'2025-08-02 17:59:59',34,'DB7.DBD94',23.4000,12,18,NULL,1,'2026-01-19 08:25:36'),(2137,'2025-08-03 17:59:59',34,'DB7.DBD94',25.8000,12,18,NULL,1,'2026-01-19 08:25:36'),(2138,'2025-08-04 17:59:59',34,'DB7.DBD94',28.2000,12,18,NULL,1,'2026-01-19 08:25:36'),(2139,'2025-08-05 17:59:59',34,'DB7.DBD94',30.8000,12,18,NULL,1,'2026-01-19 08:25:36'),(2140,'2025-08-06 17:59:59',34,'DB7.DBD94',31.9000,12,18,NULL,1,'2026-01-19 08:25:36'),(2141,'2025-08-07 17:59:59',34,'DB7.DBD94',22.5000,12,18,NULL,1,'2026-01-19 08:25:36'),(2142,'2025-08-08 17:59:59',34,'DB7.DBD94',24.1000,12,18,NULL,1,'2026-01-19 08:25:36'),(2143,'2025-08-09 17:59:59',34,'DB7.DBD94',26.5000,12,18,NULL,1,'2026-01-19 08:25:36'),(2144,'2025-08-10 17:59:59',34,'DB7.DBD94',28.7000,12,18,NULL,1,'2026-01-19 08:25:36'),(2145,'2025-08-11 17:59:59',34,'DB7.DBD94',30.3000,12,18,NULL,1,'2026-01-19 08:25:36'),(2146,'2025-08-12 17:59:59',34,'DB7.DBD94',20.4000,12,18,NULL,1,'2026-01-19 08:25:36'),(2147,'2025-08-13 17:59:59',34,'DB7.DBD94',22.3000,12,18,NULL,1,'2026-01-19 08:25:36'),(2148,'2025-08-14 17:59:59',34,'DB7.DBD94',24.5000,12,18,NULL,1,'2026-01-19 08:25:36'),(2149,'2025-08-15 17:59:59',34,'DB7.DBD94',26.9000,12,18,NULL,1,'2026-01-19 08:25:36'),(2150,'2025-08-16 17:59:59',34,'DB7.DBD94',29.0000,12,18,NULL,1,'2026-01-19 08:25:36'),(2151,'2025-08-17 17:59:59',34,'DB7.DBD94',31.1000,12,18,NULL,1,'2026-01-19 08:25:36'),(2152,'2025-08-18 17:59:59',34,'DB7.DBD94',31.7000,12,18,NULL,1,'2026-01-19 08:25:36'),(2153,'2025-08-19 17:59:59',34,'DB7.DBD94',22.0000,12,18,NULL,1,'2026-01-19 08:25:36'),(2154,'2025-08-20 17:59:59',34,'DB7.DBD94',23.8000,12,18,NULL,1,'2026-01-19 08:25:36'),(2155,'2025-08-21 17:59:59',34,'DB7.DBD94',25.5000,12,18,NULL,1,'2026-01-19 08:25:36'),(2156,'2025-08-22 17:59:59',34,'DB7.DBD94',27.6000,12,18,NULL,1,'2026-01-19 08:25:36'),(2157,'2025-08-23 17:59:59',34,'DB7.DBD94',28.5000,12,18,NULL,1,'2026-01-19 08:25:36'),(2158,'2025-08-24 17:59:59',34,'DB7.DBD94',27.3000,12,18,NULL,1,'2026-01-19 08:25:36'),(2159,'2025-08-25 17:59:59',34,'DB7.DBD94',25.7000,12,18,NULL,1,'2026-01-19 08:25:36'),(2160,'2025-08-26 17:59:59',34,'DB7.DBD94',30.2000,12,18,NULL,1,'2026-01-19 08:25:36'),(2161,'2025-08-27 17:59:59',34,'DB7.DBD94',22.9000,12,18,NULL,1,'2026-01-19 08:25:36'),(2162,'2025-08-28 17:59:59',34,'DB7.DBD94',29.8000,12,18,NULL,1,'2026-01-19 08:25:36'),(2163,'2025-08-29 17:59:59',34,'DB7.DBD94',31.5000,12,18,NULL,1,'2026-01-19 08:25:36'),(2164,'2025-08-30 17:59:59',34,'DB7.DBD94',25.1000,12,18,NULL,1,'2026-01-19 08:25:36'),(2165,'2025-08-31 17:59:59',34,'DB7.DBD94',20.7000,12,18,NULL,1,'2026-01-19 08:25:36'),(2166,'2025-09-01 17:59:59',34,'DB7.DBD94',26.7000,12,18,NULL,1,'2026-01-19 08:25:36'),(2167,'2025-09-02 17:59:59',34,'DB7.DBD94',28.8000,12,18,NULL,1,'2026-01-19 08:25:36'),(2168,'2025-09-03 17:59:59',34,'DB7.DBD94',30.6000,12,18,NULL,1,'2026-01-19 08:25:36'),(2169,'2025-09-04 17:59:59',34,'DB7.DBD94',22.4000,12,18,NULL,1,'2026-01-19 08:25:36'),(2170,'2025-09-05 17:59:59',34,'DB7.DBD94',24.0000,12,18,NULL,1,'2026-01-19 08:25:36'),(2171,'2025-09-06 17:59:59',34,'DB7.DBD94',26.2000,12,18,NULL,1,'2026-01-19 08:25:36'),(2172,'2025-09-07 17:59:59',34,'DB7.DBD94',28.4000,12,18,NULL,1,'2026-01-19 08:25:36'),(2173,'2025-09-08 17:59:59',34,'DB7.DBD94',30.9000,12,18,NULL,1,'2026-01-19 08:25:36'),(2174,'2025-09-09 17:59:59',34,'DB7.DBD94',20.1000,12,18,NULL,1,'2026-01-19 08:25:36'),(2175,'2025-09-10 17:59:59',34,'DB7.DBD94',22.6000,12,18,NULL,1,'2026-01-19 08:25:36'),(2176,'2025-09-11 17:59:59',34,'DB7.DBD94',24.8000,12,18,NULL,1,'2026-01-19 08:25:36'),(2177,'2025-09-12 17:59:59',34,'DB7.DBD94',26.4000,12,18,NULL,1,'2026-01-19 08:25:36'),(2178,'2025-09-13 17:59:59',34,'DB7.DBD94',28.6000,12,18,NULL,1,'2026-01-19 08:25:36'),(2179,'2025-09-14 17:59:59',34,'DB7.DBD94',31.2000,12,18,NULL,1,'2026-01-19 08:25:36'),(2180,'2025-09-15 17:59:59',34,'DB7.DBD94',32.1000,12,18,NULL,1,'2026-01-19 08:25:36'),(2181,'2025-09-16 17:59:59',34,'DB7.DBD94',22.2000,12,18,NULL,1,'2026-01-19 08:25:36'),(2182,'2025-09-17 17:59:59',34,'DB7.DBD94',23.9000,12,18,NULL,1,'2026-01-19 08:25:36'),(2183,'2025-09-18 17:59:59',34,'DB7.DBD94',25.6000,12,18,NULL,1,'2026-01-19 08:25:36'),(2184,'2025-09-19 17:59:59',34,'DB7.DBD94',27.7000,12,18,NULL,1,'2026-01-19 08:25:36'),(2185,'2025-09-20 17:59:59',34,'DB7.DBD94',30.4000,12,18,NULL,1,'2026-01-19 08:25:36'),(2186,'2025-09-21 17:59:59',34,'DB7.DBD94',20.3000,12,18,NULL,1,'2026-01-19 08:25:36'),(2187,'2025-09-22 17:59:59',34,'DB7.DBD94',22.1000,12,18,NULL,1,'2026-01-19 08:25:36'),(2188,'2025-09-23 17:59:59',34,'DB7.DBD94',24.4000,12,18,NULL,1,'2026-01-19 08:25:36'),(2189,'2025-09-24 17:59:59',34,'DB7.DBD94',26.8000,12,18,NULL,1,'2026-01-19 08:25:36'),(2190,'2025-09-25 17:59:59',34,'DB7.DBD94',28.9000,12,18,NULL,1,'2026-01-19 08:25:36'),(2191,'2025-09-26 17:59:59',34,'DB7.DBD94',31.0000,12,18,NULL,1,'2026-01-19 08:25:36'),(2192,'2025-09-27 17:59:59',34,'DB7.DBD94',31.6000,12,18,NULL,1,'2026-01-19 08:25:36'),(2193,'2025-09-28 17:59:59',34,'DB7.DBD94',24.2000,12,18,NULL,1,'2026-01-19 08:25:36'),(2194,'2025-09-29 17:59:59',34,'DB7.DBD94',29.1000,12,18,NULL,1,'2026-01-19 08:25:36'),(2195,'2025-09-30 17:59:59',34,'DB7.DBD94',23.5000,12,18,NULL,1,'2026-01-19 08:25:36'),(2196,'2025-10-01 17:59:59',34,'DB7.DBD94',27.8000,12,18,NULL,1,'2026-01-19 08:25:36'),(2197,'2025-10-02 17:59:59',34,'DB7.DBD94',31.5000,12,18,NULL,1,'2026-01-19 08:25:36'),(2198,'2025-10-03 17:59:59',34,'DB7.DBD94',25.1000,12,18,NULL,1,'2026-01-19 08:25:36'),(2199,'2025-10-04 17:59:59',34,'DB7.DBD94',20.6000,12,18,NULL,1,'2026-01-19 08:25:36'),(2200,'2025-10-05 17:59:59',34,'DB7.DBD94',27.0000,12,18,NULL,1,'2026-01-19 08:25:36'),(2201,'2025-10-06 17:59:59',34,'DB7.DBD94',29.2000,12,18,NULL,1,'2026-01-19 08:25:36'),(2202,'2025-10-07 17:59:59',34,'DB7.DBD94',30.7000,12,18,NULL,1,'2026-01-19 08:25:36'),(2203,'2025-10-08 17:59:59',34,'DB7.DBD94',21.9000,12,18,NULL,1,'2026-01-19 08:25:36'),(2204,'2025-10-09 17:59:59',34,'DB7.DBD94',23.7000,12,18,NULL,1,'2026-01-19 08:25:36'),(2205,'2025-10-10 17:59:59',34,'DB7.DBD94',25.4000,12,18,NULL,1,'2026-01-19 08:25:36'),(2206,'2025-10-11 17:59:59',34,'DB7.DBD94',27.5000,12,18,NULL,1,'2026-01-19 08:25:36'),(2207,'2025-10-12 17:59:59',34,'DB7.DBD94',29.3000,12,18,NULL,1,'2026-01-19 08:25:36'),(2208,'2025-10-13 17:59:59',34,'DB7.DBD94',32.0000,12,18,NULL,1,'2026-01-19 08:25:36'),(2209,'2025-10-14 17:59:59',34,'DB7.DBD94',20.5000,12,18,NULL,1,'2026-01-19 08:25:36'),(2210,'2025-10-15 17:59:59',34,'DB7.DBD94',22.8000,12,18,NULL,1,'2026-01-19 08:25:36'),(2211,'2025-10-16 17:59:59',34,'DB7.DBD94',24.6000,12,18,NULL,1,'2026-01-19 08:25:36'),(2212,'2025-10-17 17:59:59',34,'DB7.DBD94',26.1000,12,18,NULL,1,'2026-01-19 08:25:36'),(2213,'2025-10-18 17:59:59',34,'DB7.DBD94',28.3000,12,18,NULL,1,'2026-01-19 08:25:36'),(2214,'2025-10-19 17:59:59',34,'DB7.DBD94',30.1000,12,18,NULL,1,'2026-01-19 08:25:36'),(2215,'2025-10-20 17:59:59',34,'DB7.DBD94',20.9000,12,18,NULL,1,'2026-01-19 08:25:36'),(2216,'2025-10-21 17:59:59',34,'DB7.DBD94',22.4000,12,18,NULL,1,'2026-01-19 08:25:36'),(2217,'2025-10-22 17:59:59',34,'DB7.DBD94',24.3000,12,18,NULL,1,'2026-01-19 08:25:36'),(2218,'2025-10-23 17:59:59',34,'DB7.DBD94',26.0000,12,18,NULL,1,'2026-01-19 08:25:36'),(2219,'2025-10-24 17:59:59',34,'DB7.DBD94',28.0000,12,18,NULL,1,'2026-01-19 08:25:36'),(2220,'2025-10-25 17:59:59',34,'DB7.DBD94',30.0000,12,18,NULL,1,'2026-01-19 08:25:36'),(2221,'2025-10-26 17:59:59',34,'DB7.DBD94',31.8000,12,18,NULL,1,'2026-01-19 08:25:36'),(2222,'2025-10-27 17:59:59',34,'DB7.DBD94',22.1000,12,18,NULL,1,'2026-01-19 08:25:36'),(2223,'2025-10-28 17:59:59',34,'DB7.DBD94',23.6000,12,18,NULL,1,'2026-01-19 08:25:36'),(2224,'2025-10-29 17:59:59',34,'DB7.DBD94',25.3000,12,18,NULL,1,'2026-01-19 08:25:36'),(2225,'2025-10-30 17:59:59',34,'DB7.DBD94',27.4000,12,18,NULL,1,'2026-01-19 08:25:36'),(2226,'2025-10-31 17:59:59',34,'DB7.DBD94',29.9000,12,18,NULL,1,'2026-01-19 08:25:36'),(2227,'2025-07-18 18:00:00',35,'DB5.DBD64',312.4500,9,19,NULL,1,'2026-01-19 08:25:36'),(2228,'2025-07-19 17:59:59',35,'DB5.DBD64',198.7600,9,19,NULL,1,'2026-01-19 08:25:36'),(2229,'2025-07-20 17:59:59',35,'DB5.DBD64',405.8900,9,19,NULL,1,'2026-01-19 08:25:36'),(2230,'2025-07-21 17:59:59',35,'DB5.DBD64',518.4500,9,19,NULL,1,'2026-01-19 08:25:36'),(2231,'2025-07-22 17:59:59',35,'DB5.DBD64',631.0000,9,19,NULL,1,'2026-01-19 08:25:36'),(2232,'2025-07-23 17:59:59',35,'DB5.DBD64',743.5600,9,19,NULL,1,'2026-01-19 08:25:36'),(2233,'2025-07-24 17:59:59',35,'DB5.DBD64',805.1200,9,19,NULL,1,'2026-01-19 08:25:36'),(2234,'2025-07-25 17:59:59',35,'DB5.DBD64',278.6700,9,19,NULL,1,'2026-01-19 08:25:36'),(2235,'2025-07-26 17:59:59',35,'DB5.DBD64',391.2300,9,19,NULL,1,'2026-01-19 08:25:36'),(2236,'2025-07-27 17:59:59',35,'DB5.DBD64',503.7800,9,19,NULL,1,'2026-01-19 08:25:36'),(2237,'2025-07-28 17:59:59',35,'DB5.DBD64',616.3400,9,19,NULL,1,'2026-01-19 08:25:36'),(2238,'2025-07-29 17:59:59',35,'DB5.DBD64',728.9000,9,19,NULL,1,'2026-01-19 08:25:36'),(2239,'2025-07-30 17:59:59',35,'DB5.DBD64',185.4500,9,19,NULL,1,'2026-01-19 08:25:36'),(2240,'2025-07-31 17:59:59',35,'DB5.DBD64',298.0000,9,19,NULL,1,'2026-01-19 08:25:36'),(2241,'2025-08-01 17:59:59',35,'DB5.DBD64',410.5600,9,19,NULL,1,'2026-01-19 08:25:36'),(2242,'2025-08-02 17:59:59',35,'DB5.DBD64',523.1200,9,19,NULL,1,'2026-01-19 08:25:36'),(2243,'2025-08-03 17:59:59',35,'DB5.DBD64',635.6700,9,19,NULL,1,'2026-01-19 08:25:36'),(2244,'2025-08-04 17:59:59',35,'DB5.DBD64',748.2300,9,19,NULL,1,'2026-01-19 08:25:36'),(2245,'2025-08-05 17:59:59',35,'DB5.DBD64',810.7800,9,19,NULL,1,'2026-01-19 08:25:36'),(2246,'2025-08-06 17:59:59',35,'DB5.DBD64',256.3400,9,19,NULL,1,'2026-01-19 08:25:36'),(2247,'2025-08-07 17:59:59',35,'DB5.DBD64',368.9000,9,19,NULL,1,'2026-01-19 08:25:36'),(2248,'2025-08-08 17:59:59',35,'DB5.DBD64',481.4500,9,19,NULL,1,'2026-01-19 08:25:36'),(2249,'2025-08-09 17:59:59',35,'DB5.DBD64',594.0000,9,19,NULL,1,'2026-01-19 08:25:36'),(2250,'2025-08-10 17:59:59',35,'DB5.DBD64',706.5600,9,19,NULL,1,'2026-01-19 08:25:36'),(2251,'2025-08-11 17:59:59',35,'DB5.DBD64',178.1200,9,19,NULL,1,'2026-01-19 08:25:36'),(2252,'2025-08-12 17:59:59',35,'DB5.DBD64',290.6700,9,19,NULL,1,'2026-01-19 08:25:36'),(2253,'2025-08-13 17:59:59',35,'DB5.DBD64',403.2300,9,19,NULL,1,'2026-01-19 08:25:36'),(2254,'2025-08-14 17:59:59',35,'DB5.DBD64',515.7800,9,19,NULL,1,'2026-01-19 08:25:36'),(2255,'2025-08-15 17:59:59',35,'DB5.DBD64',628.3400,9,19,NULL,1,'2026-01-19 08:25:36'),(2256,'2025-08-16 17:59:59',35,'DB5.DBD64',740.9000,9,19,NULL,1,'2026-01-19 08:25:36'),(2257,'2025-08-17 17:59:59',35,'DB5.DBD64',803.4500,9,19,NULL,1,'2026-01-19 08:25:36'),(2258,'2025-08-18 17:59:59',35,'DB5.DBD64',269.0000,9,19,NULL,1,'2026-01-19 08:25:36'),(2259,'2025-08-19 17:59:59',35,'DB5.DBD64',381.5600,9,19,NULL,1,'2026-01-19 08:25:36'),(2260,'2025-08-20 17:59:59',35,'DB5.DBD64',494.1200,9,19,NULL,1,'2026-01-19 08:25:36'),(2261,'2025-08-21 17:59:59',35,'DB5.DBD64',606.6700,9,19,NULL,1,'2026-01-19 08:25:36'),(2262,'2025-08-22 17:59:59',35,'DB5.DBD64',719.2300,9,19,NULL,1,'2026-01-19 08:25:36'),(2263,'2025-08-23 17:59:59',35,'DB5.DBD64',191.7800,9,19,NULL,1,'2026-01-19 08:25:36'),(2264,'2025-08-24 17:59:59',35,'DB5.DBD64',304.3400,9,19,NULL,1,'2026-01-19 08:25:36'),(2265,'2025-08-25 17:59:59',35,'DB5.DBD64',416.9000,9,19,NULL,1,'2026-01-19 08:25:36'),(2266,'2025-08-26 17:59:59',35,'DB5.DBD64',529.4500,9,19,NULL,1,'2026-01-19 08:25:36'),(2267,'2025-08-27 17:59:59',35,'DB5.DBD64',642.0000,9,19,NULL,1,'2026-01-19 08:25:36'),(2268,'2025-08-28 17:59:59',35,'DB5.DBD64',754.5600,9,19,NULL,1,'2026-01-19 08:25:36'),(2269,'2025-08-29 17:59:59',35,'DB5.DBD64',817.1200,9,19,NULL,1,'2026-01-19 08:25:36'),(2270,'2025-08-30 17:59:59',35,'DB5.DBD64',247.6700,9,19,NULL,1,'2026-01-19 08:25:36'),(2271,'2025-08-31 17:59:59',35,'DB5.DBD64',360.2300,9,19,NULL,1,'2026-01-19 08:25:36'),(2272,'2025-09-01 17:59:59',35,'DB5.DBD64',472.7800,9,19,NULL,1,'2026-01-19 08:25:36'),(2273,'2025-09-02 17:59:59',35,'DB5.DBD64',585.3400,9,19,NULL,1,'2026-01-19 08:25:36'),(2274,'2025-09-03 17:59:59',35,'DB5.DBD64',697.9000,9,19,NULL,1,'2026-01-19 08:25:36'),(2275,'2025-09-04 17:59:59',35,'DB5.DBD64',182.4500,9,19,NULL,1,'2026-01-19 08:25:36'),(2276,'2025-09-05 17:59:59',35,'DB5.DBD64',295.0000,9,19,NULL,1,'2026-01-19 08:25:36'),(2277,'2025-09-06 17:59:59',35,'DB5.DBD64',407.5600,9,19,NULL,1,'2026-01-19 08:25:36'),(2278,'2025-09-07 17:59:59',35,'DB5.DBD64',520.1200,9,19,NULL,1,'2026-01-19 08:25:36'),(2279,'2025-09-08 17:59:59',35,'DB5.DBD64',632.6700,9,19,NULL,1,'2026-01-19 08:25:36'),(2280,'2025-09-09 17:59:59',35,'DB5.DBD64',745.2300,9,19,NULL,1,'2026-01-19 08:25:36'),(2281,'2025-09-10 17:59:59',35,'DB5.DBD64',807.7800,9,19,NULL,1,'2026-01-19 08:25:36'),(2282,'2025-09-11 17:59:59',35,'DB5.DBD64',261.3400,9,19,NULL,1,'2026-01-19 08:25:36'),(2283,'2025-09-12 17:59:59',35,'DB5.DBD64',373.9000,9,19,NULL,1,'2026-01-19 08:25:36'),(2284,'2025-09-13 17:59:59',35,'DB5.DBD64',486.4500,9,19,NULL,1,'2026-01-19 08:25:36'),(2285,'2025-09-14 17:59:59',35,'DB5.DBD64',599.0000,9,19,NULL,1,'2026-01-19 08:25:36'),(2286,'2025-09-15 17:59:59',35,'DB5.DBD64',711.5600,9,19,NULL,1,'2026-01-19 08:25:36'),(2287,'2025-09-16 17:59:59',35,'DB5.DBD64',176.1200,9,19,NULL,1,'2026-01-19 08:25:36'),(2288,'2025-09-17 17:59:59',35,'DB5.DBD64',288.6700,9,19,NULL,1,'2026-01-19 08:25:36'),(2289,'2025-09-18 17:59:59',35,'DB5.DBD64',401.2300,9,19,NULL,1,'2026-01-19 08:25:36'),(2290,'2025-09-19 17:59:59',35,'DB5.DBD64',513.7800,9,19,NULL,1,'2026-01-19 08:25:36'),(2291,'2025-09-20 17:59:59',35,'DB5.DBD64',626.3400,9,19,NULL,1,'2026-01-19 08:25:36'),(2292,'2025-09-21 17:59:59',35,'DB5.DBD64',738.9000,9,19,NULL,1,'2026-01-19 08:25:36'),(2293,'2025-09-22 17:59:59',35,'DB5.DBD64',801.4500,9,19,NULL,1,'2026-01-19 08:25:36'),(2294,'2025-09-23 17:59:59',35,'DB5.DBD64',254.0000,9,19,NULL,1,'2026-01-19 08:25:36'),(2295,'2025-09-24 17:59:59',35,'DB5.DBD64',366.5600,9,19,NULL,1,'2026-01-19 08:25:36'),(2296,'2025-09-25 17:59:59',35,'DB5.DBD64',479.1200,9,19,NULL,1,'2026-01-19 08:25:36'),(2297,'2025-09-26 17:59:59',35,'DB5.DBD64',591.6700,9,19,NULL,1,'2026-01-19 08:25:36'),(2298,'2025-09-27 17:59:59',35,'DB5.DBD64',704.2300,9,19,NULL,1,'2026-01-19 08:25:36'),(2299,'2025-09-28 17:59:59',35,'DB5.DBD64',189.7800,9,19,NULL,1,'2026-01-19 08:25:36'),(2300,'2025-09-29 17:59:59',35,'DB5.DBD64',302.3400,9,19,NULL,1,'2026-01-19 08:25:36'),(2301,'2025-09-30 17:59:59',35,'DB5.DBD64',414.9000,9,19,NULL,1,'2026-01-19 08:25:36'),(2302,'2025-10-01 17:59:59',35,'DB5.DBD64',527.4500,9,19,NULL,1,'2026-01-19 08:25:36'),(2303,'2025-10-02 17:59:59',35,'DB5.DBD64',640.0000,9,19,NULL,1,'2026-01-19 08:25:36'),(2304,'2025-10-03 17:59:59',35,'DB5.DBD64',752.5600,9,19,NULL,1,'2026-01-19 08:25:36'),(2305,'2025-10-04 17:59:59',35,'DB5.DBD64',815.1200,9,19,NULL,1,'2026-01-19 08:25:36'),(2306,'2025-10-05 17:59:59',35,'DB5.DBD64',270.6700,9,19,NULL,1,'2026-01-19 08:25:36'),(2307,'2025-10-06 17:59:59',35,'DB5.DBD64',383.2300,9,19,NULL,1,'2026-01-19 08:25:36'),(2308,'2025-10-07 17:59:59',35,'DB5.DBD64',495.7800,9,19,NULL,1,'2026-01-19 08:25:36'),(2309,'2025-10-08 17:59:59',35,'DB5.DBD64',608.3400,9,19,NULL,1,'2026-01-19 08:25:36'),(2310,'2025-10-09 17:59:59',35,'DB5.DBD64',720.9000,9,19,NULL,1,'2026-01-19 08:25:36'),(2311,'2025-10-10 17:59:59',35,'DB5.DBD64',180.4500,9,19,NULL,1,'2026-01-19 08:25:36'),(2312,'2025-10-11 17:59:59',35,'DB5.DBD64',293.0000,9,19,NULL,1,'2026-01-19 08:25:36'),(2313,'2025-10-12 17:59:59',35,'DB5.DBD64',405.5600,9,19,NULL,1,'2026-01-19 08:25:36'),(2314,'2025-10-13 17:59:59',35,'DB5.DBD64',518.1200,9,19,NULL,1,'2026-01-19 08:25:36'),(2315,'2025-10-14 17:59:59',35,'DB5.DBD64',630.6700,9,19,NULL,1,'2026-01-19 08:25:36'),(2316,'2025-10-15 17:59:59',35,'DB5.DBD64',743.2300,9,19,NULL,1,'2026-01-19 08:25:36'),(2317,'2025-10-16 17:59:59',35,'DB5.DBD64',805.7800,9,19,NULL,1,'2026-01-19 08:25:36'),(2318,'2025-10-17 17:59:59',35,'DB5.DBD64',258.3400,9,19,NULL,1,'2026-01-19 08:25:36'),(2319,'2025-10-18 17:59:59',35,'DB5.DBD64',370.9000,9,19,NULL,1,'2026-01-19 08:25:36'),(2320,'2025-10-19 17:59:59',35,'DB5.DBD64',483.4500,9,19,NULL,1,'2026-01-19 08:25:36'),(2321,'2025-10-20 17:59:59',35,'DB5.DBD64',596.0000,9,19,NULL,1,'2026-01-19 08:25:36'),(2322,'2025-10-21 17:59:59',35,'DB5.DBD64',708.5600,9,19,NULL,1,'2026-01-19 08:25:36'),(2323,'2025-10-22 17:59:59',35,'DB5.DBD64',179.1200,9,19,NULL,1,'2026-01-19 08:25:36'),(2324,'2025-10-23 17:59:59',35,'DB5.DBD64',291.6700,9,19,NULL,1,'2026-01-19 08:25:36'),(2325,'2025-10-24 17:59:59',35,'DB5.DBD64',404.2300,9,19,NULL,1,'2026-01-19 08:25:36'),(2326,'2025-10-25 17:59:59',35,'DB5.DBD64',516.7800,9,19,NULL,1,'2026-01-19 08:25:36'),(2327,'2025-10-26 17:59:59',35,'DB5.DBD64',629.3400,9,19,NULL,1,'2026-01-19 08:25:36'),(2328,'2025-10-27 17:59:59',35,'DB5.DBD64',741.9000,9,19,NULL,1,'2026-01-19 08:25:36'),(2329,'2025-10-28 17:59:59',35,'DB5.DBD64',804.4500,9,19,NULL,1,'2026-01-19 08:25:36'),(2330,'2025-10-29 17:59:59',35,'DB5.DBD64',266.0000,9,19,NULL,1,'2026-01-19 08:25:36'),(2331,'2025-10-30 17:59:59',35,'DB5.DBD64',378.5600,9,19,NULL,1,'2026-01-19 08:25:36'),(2332,'2025-10-31 17:59:59',35,'DB5.DBD64',491.1200,9,19,NULL,1,'2026-01-19 08:25:36'),(2333,'2025-07-18 18:00:00',36,'DB1.DBD56',345.8900,13,19,NULL,1,'2026-01-19 08:25:36'),(2334,'2025-07-19 17:59:59',36,'DB1.DBD56',221.3400,13,19,NULL,1,'2026-01-19 08:25:36'),(2335,'2025-07-20 17:59:59',36,'DB1.DBD56',433.4500,13,19,NULL,1,'2026-01-19 08:25:36'),(2336,'2025-07-21 17:59:59',36,'DB1.DBD56',546.0000,13,19,NULL,1,'2026-01-19 08:25:36'),(2337,'2025-07-22 17:59:59',36,'DB1.DBD56',658.5600,13,19,NULL,1,'2026-01-19 08:25:36'),(2338,'2025-07-23 17:59:59',36,'DB1.DBD56',771.1200,13,19,NULL,1,'2026-01-19 08:25:36'),(2339,'2025-07-24 17:59:59',36,'DB1.DBD56',832.6700,13,19,NULL,1,'2026-01-19 08:25:36'),(2340,'2025-07-25 17:59:59',36,'DB1.DBD56',306.2300,13,19,NULL,1,'2026-01-19 08:25:36'),(2341,'2025-07-26 17:59:59',36,'DB1.DBD56',418.7800,13,19,NULL,1,'2026-01-19 08:25:36'),(2342,'2025-07-27 17:59:59',36,'DB1.DBD56',531.3400,13,19,NULL,1,'2026-01-19 08:25:36'),(2343,'2025-07-28 17:59:59',36,'DB1.DBD56',643.9000,13,19,NULL,1,'2026-01-19 08:25:36'),(2344,'2025-07-29 17:59:59',36,'DB1.DBD56',756.4500,13,19,NULL,1,'2026-01-19 08:25:36'),(2345,'2025-07-30 17:59:59',36,'DB1.DBD56',208.0000,13,19,NULL,1,'2026-01-19 08:25:36'),(2346,'2025-07-31 17:59:59',36,'DB1.DBD56',325.5600,13,19,NULL,1,'2026-01-19 08:25:36'),(2347,'2025-08-01 17:59:59',36,'DB1.DBD56',438.1200,13,19,NULL,1,'2026-01-19 08:25:36'),(2348,'2025-08-02 17:59:59',36,'DB1.DBD56',550.6700,13,19,NULL,1,'2026-01-19 08:25:36'),(2349,'2025-08-03 17:59:59',36,'DB1.DBD56',663.2300,13,19,NULL,1,'2026-01-19 08:25:36'),(2350,'2025-08-04 17:59:59',36,'DB1.DBD56',775.7800,13,19,NULL,1,'2026-01-19 08:25:36'),(2351,'2025-08-05 17:59:59',36,'DB1.DBD56',838.3400,13,19,NULL,1,'2026-01-19 08:25:36'),(2352,'2025-08-06 17:59:59',36,'DB1.DBD56',283.9000,13,19,NULL,1,'2026-01-19 08:25:36'),(2353,'2025-08-07 17:59:59',36,'DB1.DBD56',396.4500,13,19,NULL,1,'2026-01-19 08:25:36'),(2354,'2025-08-08 17:59:59',36,'DB1.DBD56',509.0000,13,19,NULL,1,'2026-01-19 08:25:36'),(2355,'2025-08-09 17:59:59',36,'DB1.DBD56',621.5600,13,19,NULL,1,'2026-01-19 08:25:36'),(2356,'2025-08-10 17:59:59',36,'DB1.DBD56',734.1200,13,19,NULL,1,'2026-01-19 08:25:36'),(2357,'2025-08-11 17:59:59',36,'DB1.DBD56',200.6700,13,19,NULL,1,'2026-01-19 08:25:36'),(2358,'2025-08-12 17:59:59',36,'DB1.DBD56',318.2300,13,19,NULL,1,'2026-01-19 08:25:36'),(2359,'2025-08-13 17:59:59',36,'DB1.DBD56',430.7800,13,19,NULL,1,'2026-01-19 08:25:36'),(2360,'2025-08-14 17:59:59',36,'DB1.DBD56',543.3400,13,19,NULL,1,'2026-01-19 08:25:36'),(2361,'2025-08-15 17:59:59',36,'DB1.DBD56',655.9000,13,19,NULL,1,'2026-01-19 08:25:36'),(2362,'2025-08-16 17:59:59',36,'DB1.DBD56',768.4500,13,19,NULL,1,'2026-01-19 08:25:36'),(2363,'2025-08-17 17:59:59',36,'DB1.DBD56',831.0000,13,19,NULL,1,'2026-01-19 08:25:36'),(2364,'2025-08-18 17:59:59',36,'DB1.DBD56',296.5600,13,19,NULL,1,'2026-01-19 08:25:36'),(2365,'2025-08-19 17:59:59',36,'DB1.DBD56',409.1200,13,19,NULL,1,'2026-01-19 08:25:36'),(2366,'2025-08-20 17:59:59',36,'DB1.DBD56',521.6700,13,19,NULL,1,'2026-01-19 08:25:36'),(2367,'2025-08-21 17:59:59',36,'DB1.DBD56',634.2300,13,19,NULL,1,'2026-01-19 08:25:36'),(2368,'2025-08-22 17:59:59',36,'DB1.DBD56',746.7800,13,19,NULL,1,'2026-01-19 08:25:36'),(2369,'2025-08-23 17:59:59',36,'DB1.DBD56',214.3400,13,19,NULL,1,'2026-01-19 08:25:36'),(2370,'2025-08-24 17:59:59',36,'DB1.DBD56',331.9000,13,19,NULL,1,'2026-01-19 08:25:36'),(2371,'2025-08-25 17:59:59',36,'DB1.DBD56',444.4500,13,19,NULL,1,'2026-01-19 08:25:36'),(2372,'2025-08-26 17:59:59',36,'DB1.DBD56',557.0000,13,19,NULL,1,'2026-01-19 08:25:36'),(2373,'2025-08-27 17:59:59',36,'DB1.DBD56',669.5600,13,19,NULL,1,'2026-01-19 08:25:36'),(2374,'2025-08-28 17:59:59',36,'DB1.DBD56',782.1200,13,19,NULL,1,'2026-01-19 08:25:36'),(2375,'2025-08-29 17:59:59',36,'DB1.DBD56',844.6700,13,19,NULL,1,'2026-01-19 08:25:36'),(2376,'2025-08-30 17:59:59',36,'DB1.DBD56',275.2300,13,19,NULL,1,'2026-01-19 08:25:36'),(2377,'2025-08-31 17:59:59',36,'DB1.DBD56',387.7800,13,19,NULL,1,'2026-01-19 08:25:36'),(2378,'2025-09-01 17:59:59',36,'DB1.DBD56',500.3400,13,19,NULL,1,'2026-01-19 08:25:36'),(2379,'2025-09-02 17:59:59',36,'DB1.DBD56',612.9000,13,19,NULL,1,'2026-01-19 08:25:36'),(2380,'2025-09-03 17:59:59',36,'DB1.DBD56',725.4500,13,19,NULL,1,'2026-01-19 08:25:36'),(2381,'2025-09-04 17:59:59',36,'DB1.DBD56',205.0000,13,19,NULL,1,'2026-01-19 08:25:36'),(2382,'2025-09-05 17:59:59',36,'DB1.DBD56',322.5600,13,19,NULL,1,'2026-01-19 08:25:36'),(2383,'2025-09-06 17:59:59',36,'DB1.DBD56',435.1200,13,19,NULL,1,'2026-01-19 08:25:36'),(2384,'2025-09-07 17:59:59',36,'DB1.DBD56',547.6700,13,19,NULL,1,'2026-01-19 08:25:36'),(2385,'2025-09-08 17:59:59',36,'DB1.DBD56',660.2300,13,19,NULL,1,'2026-01-19 08:25:36'),(2386,'2025-09-09 17:59:59',36,'DB1.DBD56',772.7800,13,19,NULL,1,'2026-01-19 08:25:36'),(2387,'2025-09-10 17:59:59',36,'DB1.DBD56',835.3400,13,19,NULL,1,'2026-01-19 08:25:36'),(2388,'2025-09-11 17:59:59',36,'DB1.DBD56',288.9000,13,19,NULL,1,'2026-01-19 08:25:36'),(2389,'2025-09-12 17:59:59',36,'DB1.DBD56',401.4500,13,19,NULL,1,'2026-01-19 08:25:36'),(2390,'2025-09-13 17:59:59',36,'DB1.DBD56',514.0000,13,19,NULL,1,'2026-01-19 08:25:36'),(2391,'2025-09-14 17:59:59',36,'DB1.DBD56',626.5600,13,19,NULL,1,'2026-01-19 08:25:36'),(2392,'2025-09-15 17:59:59',36,'DB1.DBD56',739.1200,13,19,NULL,1,'2026-01-19 08:25:36'),(2393,'2025-09-16 17:59:59',36,'DB1.DBD56',198.6700,13,19,NULL,1,'2026-01-19 08:25:36'),(2394,'2025-09-17 17:59:59',36,'DB1.DBD56',316.2300,13,19,NULL,1,'2026-01-19 08:25:36'),(2395,'2025-09-18 17:59:59',36,'DB1.DBD56',428.7800,13,19,NULL,1,'2026-01-19 08:25:36'),(2396,'2025-09-19 17:59:59',36,'DB1.DBD56',541.3400,13,19,NULL,1,'2026-01-19 08:25:36'),(2397,'2025-09-20 17:59:59',36,'DB1.DBD56',653.9000,13,19,NULL,1,'2026-01-19 08:25:36'),(2398,'2025-09-21 17:59:59',36,'DB1.DBD56',766.4500,13,19,NULL,1,'2026-01-19 08:25:36'),(2399,'2025-09-22 17:59:59',36,'DB1.DBD56',829.0000,13,19,NULL,1,'2026-01-19 08:25:36'),(2400,'2025-09-23 17:59:59',36,'DB1.DBD56',281.5600,13,19,NULL,1,'2026-01-19 08:25:36'),(2401,'2025-09-24 17:59:59',36,'DB1.DBD56',394.1200,13,19,NULL,1,'2026-01-19 08:25:36'),(2402,'2025-09-25 17:59:59',36,'DB1.DBD56',506.6700,13,19,NULL,1,'2026-01-19 08:25:36'),(2403,'2025-09-26 17:59:59',36,'DB1.DBD56',619.2300,13,19,NULL,1,'2026-01-19 08:25:36'),(2404,'2025-09-27 17:59:59',36,'DB1.DBD56',731.7800,13,19,NULL,1,'2026-01-19 08:25:36'),(2405,'2025-09-28 17:59:59',36,'DB1.DBD56',212.3400,13,19,NULL,1,'2026-01-19 08:25:36'),(2406,'2025-09-29 17:59:59',36,'DB1.DBD56',329.9000,13,19,NULL,1,'2026-01-19 08:25:36'),(2407,'2025-09-30 17:59:59',36,'DB1.DBD56',442.4500,13,19,NULL,1,'2026-01-19 08:25:36'),(2408,'2025-10-01 17:59:59',36,'DB1.DBD56',555.0000,13,19,NULL,1,'2026-01-19 08:25:36'),(2409,'2025-10-02 17:59:59',36,'DB1.DBD56',667.5600,13,19,NULL,1,'2026-01-19 08:25:36'),(2410,'2025-10-03 17:59:59',36,'DB1.DBD56',780.1200,13,19,NULL,1,'2026-01-19 08:25:36'),(2411,'2025-10-04 17:59:59',36,'DB1.DBD56',842.6700,13,19,NULL,1,'2026-01-19 08:25:36'),(2412,'2025-10-05 17:59:59',36,'DB1.DBD56',298.2300,13,19,NULL,1,'2026-01-19 08:25:36'),(2413,'2025-10-06 17:59:59',36,'DB1.DBD56',410.7800,13,19,NULL,1,'2026-01-19 08:25:36'),(2414,'2025-10-07 17:59:59',36,'DB1.DBD56',523.3400,13,19,NULL,1,'2026-01-19 08:25:36'),(2415,'2025-10-08 17:59:59',36,'DB1.DBD56',635.9000,13,19,NULL,1,'2026-01-19 08:25:36'),(2416,'2025-10-09 17:59:59',36,'DB1.DBD56',748.4500,13,19,NULL,1,'2026-01-19 08:25:36'),(2417,'2025-10-10 17:59:59',36,'DB1.DBD56',203.0000,13,19,NULL,1,'2026-01-19 08:25:36'),(2418,'2025-10-11 17:59:59',36,'DB1.DBD56',320.5600,13,19,NULL,1,'2026-01-19 08:25:36'),(2419,'2025-10-12 17:59:59',36,'DB1.DBD56',433.1200,13,19,NULL,1,'2026-01-19 08:25:36'),(2420,'2025-10-13 17:59:59',36,'DB1.DBD56',545.6700,13,19,NULL,1,'2026-01-19 08:25:36'),(2421,'2025-10-14 17:59:59',36,'DB1.DBD56',658.2300,13,19,NULL,1,'2026-01-19 08:25:36'),(2422,'2025-10-15 17:59:59',36,'DB1.DBD56',770.7800,13,19,NULL,1,'2026-01-19 08:25:36'),(2423,'2025-10-16 17:59:59',36,'DB1.DBD56',833.3400,13,19,NULL,1,'2026-01-19 08:25:36'),(2424,'2025-10-17 17:59:59',36,'DB1.DBD56',285.9000,13,19,NULL,1,'2026-01-19 08:25:36'),(2425,'2025-10-18 17:59:59',36,'DB1.DBD56',398.4500,13,19,NULL,1,'2026-01-19 08:25:36'),(2426,'2025-10-19 17:59:59',36,'DB1.DBD56',511.0000,13,19,NULL,1,'2026-01-19 08:25:36'),(2427,'2025-10-20 17:59:59',36,'DB1.DBD56',623.5600,13,19,NULL,1,'2026-01-19 08:25:36'),(2428,'2025-10-21 17:59:59',36,'DB1.DBD56',736.1200,13,19,NULL,1,'2026-01-19 08:25:36'),(2429,'2025-10-22 17:59:59',36,'DB1.DBD56',201.6700,13,19,NULL,1,'2026-01-19 08:25:36'),(2430,'2025-10-23 17:59:59',36,'DB1.DBD56',319.2300,13,19,NULL,1,'2026-01-19 08:25:36'),(2431,'2025-10-24 17:59:59',36,'DB1.DBD56',431.7800,13,19,NULL,1,'2026-01-19 08:25:36'),(2432,'2025-10-25 17:59:59',36,'DB1.DBD56',544.3400,13,19,NULL,1,'2026-01-19 08:25:36'),(2433,'2025-10-26 17:59:59',36,'DB1.DBD56',656.9000,13,19,NULL,1,'2026-01-19 08:25:36'),(2434,'2025-10-27 17:59:59',36,'DB1.DBD56',769.4500,13,19,NULL,1,'2026-01-19 08:25:36'),(2435,'2025-10-28 17:59:59',36,'DB1.DBD56',832.0000,13,19,NULL,1,'2026-01-19 08:25:36'),(2436,'2025-10-29 17:59:59',36,'DB1.DBD56',293.5600,13,19,NULL,1,'2026-01-19 08:25:36'),(2437,'2025-10-30 17:59:59',36,'DB1.DBD56',406.1200,13,19,NULL,1,'2026-01-19 08:25:36'),(2438,'2025-10-31 17:59:59',36,'DB1.DBD56',518.6700,13,19,NULL,1,'2026-01-19 08:25:36'),(2439,'2025-07-18 18:00:00',37,'DB4.DBD23',23.5000,12,19,NULL,1,'2026-01-19 08:25:36'),(2440,'2025-07-19 17:59:59',37,'DB4.DBD23',21.2000,12,19,NULL,1,'2026-01-19 08:25:36'),(2441,'2025-07-20 17:59:59',37,'DB4.DBD23',25.0000,12,19,NULL,1,'2026-01-19 08:25:36'),(2442,'2025-07-21 17:59:59',37,'DB4.DBD23',27.1000,12,19,NULL,1,'2026-01-19 08:25:36'),(2443,'2025-07-22 17:59:59',37,'DB4.DBD23',29.2000,12,19,NULL,1,'2026-01-19 08:25:36'),(2444,'2025-07-23 17:59:59',37,'DB4.DBD23',31.3000,12,19,NULL,1,'2026-01-19 08:25:36'),(2445,'2025-07-24 17:59:59',37,'DB4.DBD23',32.2000,12,19,NULL,1,'2026-01-19 08:25:36'),(2446,'2025-07-25 17:59:59',37,'DB4.DBD23',22.7000,12,19,NULL,1,'2026-01-19 08:25:36'),(2447,'2025-07-26 17:59:59',37,'DB4.DBD23',24.4000,12,19,NULL,1,'2026-01-19 08:25:36'),(2448,'2025-07-27 17:59:59',37,'DB4.DBD23',26.5000,12,19,NULL,1,'2026-01-19 08:25:36'),(2449,'2025-07-28 17:59:59',37,'DB4.DBD23',28.6000,12,19,NULL,1,'2026-01-19 08:25:36'),(2450,'2025-07-29 17:59:59',37,'DB4.DBD23',30.7000,12,19,NULL,1,'2026-01-19 08:25:36'),(2451,'2025-07-30 17:59:59',37,'DB4.DBD23',20.3000,12,19,NULL,1,'2026-01-19 08:25:36'),(2452,'2025-07-31 17:59:59',37,'DB4.DBD23',22.4000,12,19,NULL,1,'2026-01-19 08:25:36'),(2453,'2025-08-01 17:59:59',37,'DB4.DBD23',24.5000,12,19,NULL,1,'2026-01-19 08:25:36'),(2454,'2025-08-02 17:59:59',37,'DB4.DBD23',26.6000,12,19,NULL,1,'2026-01-19 08:25:36'),(2455,'2025-08-03 17:59:59',37,'DB4.DBD23',28.7000,12,19,NULL,1,'2026-01-19 08:25:36'),(2456,'2025-08-04 17:59:59',37,'DB4.DBD23',30.8000,12,19,NULL,1,'2026-01-19 08:25:36'),(2457,'2025-08-05 17:59:59',37,'DB4.DBD23',32.3000,12,19,NULL,1,'2026-01-19 08:25:36'),(2458,'2025-08-06 17:59:59',37,'DB4.DBD23',22.0000,12,19,NULL,1,'2026-01-19 08:25:36'),(2459,'2025-08-07 17:59:59',37,'DB4.DBD23',23.8000,12,19,NULL,1,'2026-01-19 08:25:36'),(2460,'2025-08-08 17:59:59',37,'DB4.DBD23',25.9000,12,19,NULL,1,'2026-01-19 08:25:36'),(2461,'2025-08-09 17:59:59',37,'DB4.DBD23',28.0000,12,19,NULL,1,'2026-01-19 08:25:36'),(2462,'2025-08-10 17:59:59',37,'DB4.DBD23',30.1000,12,19,NULL,1,'2026-01-19 08:25:36'),(2463,'2025-08-11 17:59:59',37,'DB4.DBD23',20.1000,12,19,NULL,1,'2026-01-19 08:25:36'),(2464,'2025-08-12 17:59:59',37,'DB4.DBD23',22.2000,12,19,NULL,1,'2026-01-19 08:25:36'),(2465,'2025-08-13 17:59:59',37,'DB4.DBD23',24.3000,12,19,NULL,1,'2026-01-19 08:25:36'),(2466,'2025-08-14 17:59:59',37,'DB4.DBD23',26.4000,12,19,NULL,1,'2026-01-19 08:25:36'),(2467,'2025-08-15 17:59:59',37,'DB4.DBD23',28.5000,12,19,NULL,1,'2026-01-19 08:25:36'),(2468,'2025-08-16 17:59:59',37,'DB4.DBD23',30.6000,12,19,NULL,1,'2026-01-19 08:25:36'),(2469,'2025-08-17 17:59:59',37,'DB4.DBD23',32.0000,12,19,NULL,1,'2026-01-19 08:25:36'),(2470,'2025-08-18 17:59:59',37,'DB4.DBD23',22.6000,12,19,NULL,1,'2026-01-19 08:25:36'),(2471,'2025-08-19 17:59:59',37,'DB4.DBD23',24.1000,12,19,NULL,1,'2026-01-19 08:25:36'),(2472,'2025-08-20 17:59:59',37,'DB4.DBD23',26.2000,12,19,NULL,1,'2026-01-19 08:25:36'),(2473,'2025-08-21 17:59:59',37,'DB4.DBD23',28.3000,12,19,NULL,1,'2026-01-19 08:25:36'),(2474,'2025-08-22 17:59:59',37,'DB4.DBD23',30.4000,12,19,NULL,1,'2026-01-19 08:25:36'),(2475,'2025-08-23 17:59:59',37,'DB4.DBD23',20.8000,12,19,NULL,1,'2026-01-19 08:25:36'),(2476,'2025-08-24 17:59:59',37,'DB4.DBD23',22.9000,12,19,NULL,1,'2026-01-19 08:25:36'),(2477,'2025-08-25 17:59:59',37,'DB4.DBD23',25.0000,12,19,NULL,1,'2026-01-19 08:25:36'),(2478,'2025-08-26 17:59:59',37,'DB4.DBD23',27.1000,12,19,NULL,1,'2026-01-19 08:25:36'),(2479,'2025-08-27 17:59:59',37,'DB4.DBD23',29.2000,12,19,NULL,1,'2026-01-19 08:25:36'),(2480,'2025-08-28 17:59:59',37,'DB4.DBD23',31.3000,12,19,NULL,1,'2026-01-19 08:25:36'),(2481,'2025-08-29 17:59:59',37,'DB4.DBD23',32.4000,12,19,NULL,1,'2026-01-19 08:25:36'),(2482,'2025-08-30 17:59:59',37,'DB4.DBD23',21.8000,12,19,NULL,1,'2026-01-19 08:25:36'),(2483,'2025-08-31 17:59:59',37,'DB4.DBD23',23.7000,12,19,NULL,1,'2026-01-19 08:25:36'),(2484,'2025-09-01 17:59:59',37,'DB4.DBD23',25.8000,12,19,NULL,1,'2026-01-19 08:25:36'),(2485,'2025-09-02 17:59:59',37,'DB4.DBD23',27.9000,12,19,NULL,1,'2026-01-19 08:25:36'),(2486,'2025-09-03 17:59:59',37,'DB4.DBD23',30.0000,12,19,NULL,1,'2026-01-19 08:25:36'),(2487,'2025-09-04 17:59:59',37,'DB4.DBD23',20.2000,12,19,NULL,1,'2026-01-19 08:25:36'),(2488,'2025-09-05 17:59:59',37,'DB4.DBD23',22.3000,12,19,NULL,1,'2026-01-19 08:25:36'),(2489,'2025-09-06 17:59:59',37,'DB4.DBD23',24.4000,12,19,NULL,1,'2026-01-19 08:25:36'),(2490,'2025-09-07 17:59:59',37,'DB4.DBD23',26.5000,12,19,NULL,1,'2026-01-19 08:25:36'),(2491,'2025-09-08 17:59:59',37,'DB4.DBD23',28.6000,12,19,NULL,1,'2026-01-19 08:25:36'),(2492,'2025-09-09 17:59:59',37,'DB4.DBD23',30.7000,12,19,NULL,1,'2026-01-19 08:25:36'),(2493,'2025-09-10 17:59:59',37,'DB4.DBD23',32.1000,12,19,NULL,1,'2026-01-19 08:25:36'),(2494,'2025-09-11 17:59:59',37,'DB4.DBD23',22.1000,12,19,NULL,1,'2026-01-19 08:25:36'),(2495,'2025-09-12 17:59:59',37,'DB4.DBD23',23.9000,12,19,NULL,1,'2026-01-19 08:25:36'),(2496,'2025-09-13 17:59:59',37,'DB4.DBD23',26.0000,12,19,NULL,1,'2026-01-19 08:25:36'),(2497,'2025-09-14 17:59:59',37,'DB4.DBD23',28.1000,12,19,NULL,1,'2026-01-19 08:25:36'),(2498,'2025-09-15 17:59:59',37,'DB4.DBD23',30.2000,12,19,NULL,1,'2026-01-19 08:25:36'),(2499,'2025-09-16 17:59:59',37,'DB4.DBD23',20.0000,12,19,NULL,1,'2026-01-19 08:25:36'),(2500,'2025-09-17 17:59:59',37,'DB4.DBD23',22.1000,12,19,NULL,1,'2026-01-19 08:25:36'),(2501,'2025-09-18 17:59:59',37,'DB4.DBD23',24.2000,12,19,NULL,1,'2026-01-19 08:25:36'),(2502,'2025-09-19 17:59:59',37,'DB4.DBD23',26.3000,12,19,NULL,1,'2026-01-19 08:25:36'),(2503,'2025-09-20 17:59:59',37,'DB4.DBD23',28.4000,12,19,NULL,1,'2026-01-19 08:25:36'),(2504,'2025-09-21 17:59:59',37,'DB4.DBD23',30.5000,12,19,NULL,1,'2026-01-19 08:25:36'),(2505,'2025-09-22 17:59:59',37,'DB4.DBD23',31.9000,12,19,NULL,1,'2026-01-19 08:25:36'),(2506,'2025-09-23 17:59:59',37,'DB4.DBD23',21.9000,12,19,NULL,1,'2026-01-19 08:25:36'),(2507,'2025-09-24 17:59:59',37,'DB4.DBD23',23.6000,12,19,NULL,1,'2026-01-19 08:25:36'),(2508,'2025-09-25 17:59:59',37,'DB4.DBD23',25.7000,12,19,NULL,1,'2026-01-19 08:25:36'),(2509,'2025-09-26 17:59:59',37,'DB4.DBD23',27.8000,12,19,NULL,1,'2026-01-19 08:25:36'),(2510,'2025-09-27 17:59:59',37,'DB4.DBD23',29.9000,12,19,NULL,1,'2026-01-19 08:25:36'),(2511,'2025-09-28 17:59:59',37,'DB4.DBD23',20.7000,12,19,NULL,1,'2026-01-19 08:25:36'),(2512,'2025-09-29 17:59:59',37,'DB4.DBD23',22.8000,12,19,NULL,1,'2026-01-19 08:25:36'),(2513,'2025-09-30 17:59:59',37,'DB4.DBD23',24.9000,12,19,NULL,1,'2026-01-19 08:25:36'),(2514,'2025-10-01 17:59:59',37,'DB4.DBD23',27.0000,12,19,NULL,1,'2026-01-19 08:25:36'),(2515,'2025-10-02 17:59:59',37,'DB4.DBD23',29.1000,12,19,NULL,1,'2026-01-19 08:25:36'),(2516,'2025-10-03 17:59:59',37,'DB4.DBD23',31.2000,12,19,NULL,1,'2026-01-19 08:25:36'),(2517,'2025-10-04 17:59:59',37,'DB4.DBD23',32.3000,12,19,NULL,1,'2026-01-19 08:25:36'),(2518,'2025-10-05 17:59:59',37,'DB4.DBD23',22.7000,12,19,NULL,1,'2026-01-19 08:25:36'),(2519,'2025-10-06 17:59:59',37,'DB4.DBD23',24.2000,12,19,NULL,1,'2026-01-19 08:25:36'),(2520,'2025-10-07 17:59:59',37,'DB4.DBD23',26.3000,12,19,NULL,1,'2026-01-19 08:25:36'),(2521,'2025-10-08 17:59:59',37,'DB4.DBD23',28.4000,12,19,NULL,1,'2026-01-19 08:25:36'),(2522,'2025-10-09 17:59:59',37,'DB4.DBD23',30.5000,12,19,NULL,1,'2026-01-19 08:25:36'),(2523,'2025-10-10 17:59:59',37,'DB4.DBD23',20.4000,12,19,NULL,1,'2026-01-19 08:25:36'),(2524,'2025-10-11 17:59:59',37,'DB4.DBD23',22.5000,12,19,NULL,1,'2026-01-19 08:25:36'),(2525,'2025-10-12 17:59:59',37,'DB4.DBD23',24.6000,12,19,NULL,1,'2026-01-19 08:25:36'),(2526,'2025-10-13 17:59:59',37,'DB4.DBD23',26.7000,12,19,NULL,1,'2026-01-19 08:25:36'),(2527,'2025-10-14 17:59:59',37,'DB4.DBD23',28.8000,12,19,NULL,1,'2026-01-19 08:25:36'),(2528,'2025-10-15 17:59:59',37,'DB4.DBD23',30.9000,12,19,NULL,1,'2026-01-19 08:25:36'),(2529,'2025-10-16 17:59:59',37,'DB4.DBD23',32.2000,12,19,NULL,1,'2026-01-19 08:25:36'),(2530,'2025-10-17 17:59:59',37,'DB4.DBD23',22.1000,12,19,NULL,1,'2026-01-19 08:25:36'),(2531,'2025-10-18 17:59:59',37,'DB4.DBD23',23.9000,12,19,NULL,1,'2026-01-19 08:25:36'),(2532,'2025-10-19 17:59:59',37,'DB4.DBD23',26.0000,12,19,NULL,1,'2026-01-19 08:25:36'),(2533,'2025-10-20 17:59:59',37,'DB4.DBD23',28.1000,12,19,NULL,1,'2026-01-19 08:25:36'),(2534,'2025-10-21 17:59:59',37,'DB4.DBD23',30.2000,12,19,NULL,1,'2026-01-19 08:25:36'),(2535,'2025-10-22 17:59:59',37,'DB4.DBD23',20.1000,12,19,NULL,1,'2026-01-19 08:25:36'),(2536,'2025-10-23 17:59:59',37,'DB4.DBD23',22.2000,12,19,NULL,1,'2026-01-19 08:25:36'),(2537,'2025-10-24 17:59:59',37,'DB4.DBD23',24.3000,12,19,NULL,1,'2026-01-19 08:25:36'),(2538,'2025-10-25 17:59:59',37,'DB4.DBD23',26.4000,12,19,NULL,1,'2026-01-19 08:25:36'),(2539,'2025-10-26 17:59:59',37,'DB4.DBD23',28.5000,12,19,NULL,1,'2026-01-19 08:25:36'),(2540,'2025-10-27 17:59:59',37,'DB4.DBD23',30.6000,12,19,NULL,1,'2026-01-19 08:25:36'),(2541,'2025-10-28 17:59:59',37,'DB4.DBD23',32.0000,12,19,NULL,1,'2026-01-19 08:25:36'),(2542,'2025-10-29 17:59:59',37,'DB4.DBD23',22.5000,12,19,NULL,1,'2026-01-19 08:25:36'),(2543,'2025-10-30 17:59:59',37,'DB4.DBD23',24.0000,12,19,NULL,1,'2026-01-19 08:25:36'),(2544,'2025-10-31 17:59:59',37,'DB4.DBD23',26.1000,12,19,NULL,1,'2026-01-19 08:25:36'),(2545,'2025-07-18 18:00:00',31,'DB5.DBD120',289.4500,9,9,NULL,1,'2026-01-19 08:25:36'),(2546,'2025-07-19 17:59:59',31,'DB5.DBD120',205.8900,9,9,NULL,1,'2026-01-19 08:25:36'),(2547,'2025-07-20 17:59:59',31,'DB5.DBD120',426.4500,9,9,NULL,1,'2026-01-19 08:25:36'),(2548,'2025-07-21 17:59:59',31,'DB5.DBD120',539.0000,9,9,NULL,1,'2026-01-19 08:25:36'),(2549,'2025-07-22 17:59:59',31,'DB5.DBD120',651.5600,9,9,NULL,1,'2026-01-19 08:25:36'),(2550,'2025-07-23 17:59:59',31,'DB5.DBD120',764.1200,9,9,NULL,1,'2026-01-19 08:25:36'),(2551,'2025-07-24 17:59:59',31,'DB5.DBD120',817.6700,9,9,NULL,1,'2026-01-19 08:25:36'),(2552,'2025-07-25 17:59:59',31,'DB5.DBD120',298.2300,9,9,NULL,1,'2026-01-19 08:25:36'),(2553,'2025-07-26 17:59:59',31,'DB5.DBD120',409.7800,9,9,NULL,1,'2026-01-19 08:25:36'),(2554,'2025-07-27 17:59:59',31,'DB5.DBD120',522.3400,9,9,NULL,1,'2026-01-19 08:25:36'),(2555,'2025-07-28 17:59:59',31,'DB5.DBD120',634.9000,9,9,NULL,1,'2026-01-19 08:25:36'),(2556,'2025-07-29 17:59:59',31,'DB5.DBD120',747.4500,9,9,NULL,1,'2026-01-19 08:25:36'),(2557,'2025-07-30 17:59:59',31,'DB5.DBD120',192.0000,9,9,NULL,1,'2026-01-19 08:25:36'),(2558,'2025-07-31 17:59:59',31,'DB5.DBD120',304.5600,9,9,NULL,1,'2026-01-19 08:25:36'),(2559,'2025-08-01 17:59:59',31,'DB5.DBD120',417.1200,9,9,NULL,1,'2026-01-19 08:25:36'),(2560,'2025-08-02 17:59:59',31,'DB5.DBD120',529.6700,9,9,NULL,1,'2026-01-19 08:25:36'),(2561,'2025-08-03 17:59:59',31,'DB5.DBD120',642.2300,9,9,NULL,1,'2026-01-19 08:25:36'),(2562,'2025-08-04 17:59:59',31,'DB5.DBD120',754.7800,9,9,NULL,1,'2026-01-19 08:25:36'),(2563,'2025-08-05 17:59:59',31,'DB5.DBD120',818.3400,9,9,NULL,1,'2026-01-19 08:25:36'),(2564,'2025-08-06 17:59:59',31,'DB5.DBD120',265.9000,9,9,NULL,1,'2026-01-19 08:25:36'),(2565,'2025-08-07 17:59:59',31,'DB5.DBD120',378.4500,9,9,NULL,1,'2026-01-19 08:25:36'),(2566,'2025-08-08 17:59:59',31,'DB5.DBD120',491.0000,9,9,NULL,1,'2026-01-19 08:25:36'),(2567,'2025-08-09 17:59:59',31,'DB5.DBD120',603.5600,9,9,NULL,1,'2026-01-19 08:25:36'),(2568,'2025-08-10 17:59:59',31,'DB5.DBD120',716.1200,9,9,NULL,1,'2026-01-19 08:25:36'),(2569,'2025-08-11 17:59:59',31,'DB5.DBD120',181.6700,9,9,NULL,1,'2026-01-19 08:25:36'),(2570,'2025-08-12 17:59:59',31,'DB5.DBD120',294.2300,9,9,NULL,1,'2026-01-19 08:25:36'),(2571,'2025-08-13 17:59:59',31,'DB5.DBD120',406.7800,9,9,NULL,1,'2026-01-19 08:25:36'),(2572,'2025-08-14 17:59:59',31,'DB5.DBD120',519.3400,9,9,NULL,1,'2026-01-19 08:25:36'),(2573,'2025-08-15 17:59:59',31,'DB5.DBD120',631.9000,9,9,NULL,1,'2026-01-19 08:25:36'),(2574,'2025-08-16 17:59:59',31,'DB5.DBD120',744.4500,9,9,NULL,1,'2026-01-19 08:25:36'),(2575,'2025-08-17 17:59:59',31,'DB5.DBD120',807.0000,9,9,NULL,1,'2026-01-19 08:25:36'),(2576,'2025-08-18 17:59:59',31,'DB5.DBD120',272.5600,9,9,NULL,1,'2026-01-19 08:25:36'),(2577,'2025-08-19 17:59:59',31,'DB5.DBD120',385.1200,9,9,NULL,1,'2026-01-19 08:25:36'),(2578,'2025-08-20 17:59:59',31,'DB5.DBD120',497.6700,9,9,NULL,1,'2026-01-19 08:25:36'),(2579,'2025-08-21 17:59:59',31,'DB5.DBD120',610.2300,9,9,NULL,1,'2026-01-19 08:25:36'),(2580,'2025-08-22 17:59:59',31,'DB5.DBD120',722.7800,9,9,NULL,1,'2026-01-19 08:25:36'),(2581,'2025-08-23 17:59:59',31,'DB5.DBD120',194.3400,9,9,NULL,1,'2026-01-19 08:25:36'),(2582,'2025-08-24 17:59:59',31,'DB5.DBD120',306.9000,9,9,NULL,1,'2026-01-19 08:25:36'),(2583,'2025-08-25 17:59:59',31,'DB5.DBD120',419.4500,9,9,NULL,1,'2026-01-19 08:25:36'),(2584,'2025-08-26 17:59:59',31,'DB5.DBD120',532.0000,9,9,NULL,1,'2026-01-19 08:25:36'),(2585,'2025-08-27 17:59:59',31,'DB5.DBD120',644.5600,9,9,NULL,1,'2026-01-19 08:25:36'),(2586,'2025-08-28 17:59:59',31,'DB5.DBD120',757.1200,9,9,NULL,1,'2026-01-19 08:25:36'),(2587,'2025-08-29 17:59:59',31,'DB5.DBD120',819.6700,9,9,NULL,1,'2026-01-19 08:25:36'),(2588,'2025-08-30 17:59:59',31,'DB5.DBD120',250.2300,9,9,NULL,1,'2026-01-19 08:25:36'),(2589,'2025-08-31 17:59:59',31,'DB5.DBD120',362.7800,9,9,NULL,1,'2026-01-19 08:25:36'),(2590,'2025-09-01 17:59:59',31,'DB5.DBD120',475.3400,9,9,NULL,1,'2026-01-19 08:25:36'),(2591,'2025-09-02 17:59:59',31,'DB5.DBD120',587.9000,9,9,NULL,1,'2026-01-19 08:25:36'),(2592,'2025-09-03 17:59:59',31,'DB5.DBD120',700.4500,9,9,NULL,1,'2026-01-19 08:25:36'),(2593,'2025-09-04 17:59:59',31,'DB5.DBD120',184.0000,9,9,NULL,1,'2026-01-19 08:25:36'),(2594,'2025-09-05 17:59:59',31,'DB5.DBD120',296.5600,9,9,NULL,1,'2026-01-19 08:25:36'),(2595,'2025-09-06 17:59:59',31,'DB5.DBD120',409.1200,9,9,NULL,1,'2026-01-19 08:25:36'),(2596,'2025-09-07 17:59:59',31,'DB5.DBD120',521.6700,9,9,NULL,1,'2026-01-19 08:25:36'),(2597,'2025-09-08 17:59:59',31,'DB5.DBD120',634.2300,9,9,NULL,1,'2026-01-19 08:25:36'),(2598,'2025-09-09 17:59:59',31,'DB5.DBD120',746.7800,9,9,NULL,1,'2026-01-19 08:25:36'),(2599,'2025-09-10 17:59:59',31,'DB5.DBD120',809.3400,9,9,NULL,1,'2026-01-19 08:25:36'),(2600,'2025-09-11 17:59:59',31,'DB5.DBD120',263.9000,9,9,NULL,1,'2026-01-19 08:25:36'),(2601,'2025-09-12 17:59:59',31,'DB5.DBD120',376.4500,9,9,NULL,1,'2026-01-19 08:25:36'),(2602,'2025-09-13 17:59:59',31,'DB5.DBD120',489.0000,9,9,NULL,1,'2026-01-19 08:25:36'),(2603,'2025-09-14 17:59:59',31,'DB5.DBD120',601.5600,9,9,NULL,1,'2026-01-19 08:25:36'),(2604,'2025-09-15 17:59:59',31,'DB5.DBD120',714.1200,9,9,NULL,1,'2026-01-19 08:25:36'),(2605,'2025-09-16 17:59:59',31,'DB5.DBD120',177.6700,9,9,NULL,1,'2026-01-19 08:25:36'),(2606,'2025-09-17 17:59:59',31,'DB5.DBD120',290.2300,9,9,NULL,1,'2026-01-19 08:25:36'),(2607,'2025-09-18 17:59:59',31,'DB5.DBD120',402.7800,9,9,NULL,1,'2026-01-19 08:25:36'),(2608,'2025-09-19 17:59:59',31,'DB5.DBD120',515.3400,9,9,NULL,1,'2026-01-19 08:25:36'),(2609,'2025-09-20 17:59:59',31,'DB5.DBD120',627.9000,9,9,NULL,1,'2026-01-19 08:25:36'),(2610,'2025-09-21 17:59:59',31,'DB5.DBD120',740.4500,9,9,NULL,1,'2026-01-19 08:25:36'),(2611,'2025-09-22 17:59:59',31,'DB5.DBD120',803.0000,9,9,NULL,1,'2026-01-19 08:25:36'),(2612,'2025-09-23 17:59:59',31,'DB5.DBD120',256.5600,9,9,NULL,1,'2026-01-19 08:25:36'),(2613,'2025-09-24 17:59:59',31,'DB5.DBD120',369.1200,9,9,NULL,1,'2026-01-19 08:25:36'),(2614,'2025-09-25 17:59:59',31,'DB5.DBD120',481.6700,9,9,NULL,1,'2026-01-19 08:25:36'),(2615,'2025-09-26 17:59:59',31,'DB5.DBD120',594.2300,9,9,NULL,1,'2026-01-19 08:25:36'),(2616,'2025-09-27 17:59:59',31,'DB5.DBD120',706.7800,9,9,NULL,1,'2026-01-19 08:25:36'),(2617,'2025-09-28 17:59:59',31,'DB5.DBD120',190.3400,9,9,NULL,1,'2026-01-19 08:25:36'),(2618,'2025-09-29 17:59:59',31,'DB5.DBD120',302.9000,9,9,NULL,1,'2026-01-19 08:25:36'),(2619,'2025-09-30 17:59:59',31,'DB5.DBD120',415.4500,9,9,NULL,1,'2026-01-19 08:25:36'),(2620,'2025-10-01 17:59:59',31,'DB5.DBD120',528.0000,9,9,NULL,1,'2026-01-19 08:25:36'),(2621,'2025-10-02 17:59:59',31,'DB5.DBD120',640.5600,9,9,NULL,1,'2026-01-19 08:25:36'),(2622,'2025-10-03 17:59:59',31,'DB5.DBD120',753.1200,9,9,NULL,1,'2026-01-19 08:25:36'),(2623,'2025-10-04 17:59:59',31,'DB5.DBD120',815.6700,9,9,NULL,1,'2026-01-19 08:25:36'),(2624,'2025-10-05 17:59:59',31,'DB5.DBD120',274.2300,9,9,NULL,1,'2026-01-19 08:25:36'),(2625,'2025-10-06 17:59:59',31,'DB5.DBD120',386.7800,9,9,NULL,1,'2026-01-19 08:25:36'),(2626,'2025-10-07 17:59:59',31,'DB5.DBD120',499.3400,9,9,NULL,1,'2026-01-19 08:25:36'),(2627,'2025-10-08 17:59:59',31,'DB5.DBD120',611.9000,9,9,NULL,1,'2026-01-19 08:25:36'),(2628,'2025-10-09 17:59:59',31,'DB5.DBD120',724.4500,9,9,NULL,1,'2026-01-19 08:25:36'),(2629,'2025-10-10 17:59:59',31,'DB5.DBD120',182.6700,9,9,NULL,1,'2026-01-19 08:25:36'),(2630,'2025-10-11 17:59:59',31,'DB5.DBD120',295.2300,9,9,NULL,1,'2026-01-19 08:25:36'),(2631,'2025-10-12 17:59:59',31,'DB5.DBD120',407.7800,9,9,NULL,1,'2026-01-19 08:25:36'),(2632,'2025-10-13 17:59:59',31,'DB5.DBD120',520.3400,9,9,NULL,1,'2026-01-19 08:25:36'),(2633,'2025-10-14 17:59:59',31,'DB5.DBD120',632.9000,9,9,NULL,1,'2026-01-19 08:25:36'),(2634,'2025-10-15 17:59:59',31,'DB5.DBD120',745.4500,9,9,NULL,1,'2026-01-19 08:25:36'),(2635,'2025-10-16 17:59:59',31,'DB5.DBD120',808.0000,9,9,NULL,1,'2026-01-19 08:25:36'),(2636,'2025-10-17 17:59:59',31,'DB5.DBD120',260.5600,9,9,NULL,1,'2026-01-19 08:25:36'),(2637,'2025-10-18 17:59:59',31,'DB5.DBD120',373.1200,9,9,NULL,1,'2026-01-19 08:25:36'),(2638,'2025-10-19 17:59:59',31,'DB5.DBD120',485.6700,9,9,NULL,1,'2026-01-19 08:25:36'),(2639,'2025-10-20 17:59:59',31,'DB5.DBD120',598.2300,9,9,NULL,1,'2026-01-19 08:25:36'),(2640,'2025-10-21 17:59:59',31,'DB5.DBD120',710.7800,9,9,NULL,1,'2026-01-19 08:25:36'),(2641,'2025-10-22 17:59:59',31,'DB5.DBD120',180.2300,9,9,NULL,1,'2026-01-19 08:25:36'),(2642,'2025-10-23 17:59:59',31,'DB5.DBD120',292.7800,9,9,NULL,1,'2026-01-19 08:25:36'),(2643,'2025-10-24 17:59:59',31,'DB5.DBD120',405.3400,9,9,NULL,1,'2026-01-19 08:25:36'),(2644,'2025-10-25 17:59:59',31,'DB5.DBD120',517.9000,9,9,NULL,1,'2026-01-19 08:25:36'),(2645,'2025-10-26 17:59:59',31,'DB5.DBD120',630.4500,9,9,NULL,1,'2026-01-19 08:25:36'),(2646,'2025-10-27 17:59:59',31,'DB5.DBD120',743.0000,9,9,NULL,1,'2026-01-19 08:25:36'),(2647,'2025-10-28 17:59:59',31,'DB5.DBD120',805.5600,9,9,NULL,1,'2026-01-19 08:25:36'),(2648,'2025-10-29 17:59:59',31,'DB5.DBD120',268.1200,9,9,NULL,1,'2026-01-19 08:25:36'),(2649,'2025-10-30 17:59:59',31,'DB5.DBD120',380.6700,9,9,NULL,1,'2026-01-19 08:25:36'),(2650,'2025-10-31 17:59:59',31,'DB5.DBD120',493.2300,9,9,NULL,1,'2026-01-19 08:25:36'),(2651,'2025-07-18 18:00:00',30,'DB8.DBD98',317.0000,13,9,NULL,1,'2026-01-19 08:25:36'),(2652,'2025-07-19 17:59:59',30,'DB8.DBD98',228.4500,13,9,NULL,1,'2026-01-19 08:25:36'),(2653,'2025-07-20 17:59:59',30,'DB8.DBD98',454.0000,13,9,NULL,1,'2026-01-19 08:25:36'),(2654,'2025-07-21 17:59:59',30,'DB8.DBD98',566.5600,13,9,NULL,1,'2026-01-19 08:25:36'),(2655,'2025-07-22 17:59:59',30,'DB8.DBD98',679.1200,13,9,NULL,1,'2026-01-19 08:25:36'),(2656,'2025-07-23 17:59:59',30,'DB8.DBD98',791.6700,13,9,NULL,1,'2026-01-19 08:25:36'),(2657,'2025-07-24 17:59:59',30,'DB8.DBD98',845.2300,13,9,NULL,1,'2026-01-19 08:25:36'),(2658,'2025-07-25 17:59:59',30,'DB8.DBD98',325.7800,13,9,NULL,1,'2026-01-19 08:25:36'),(2659,'2025-07-26 17:59:59',30,'DB8.DBD98',437.3400,13,9,NULL,1,'2026-01-19 08:25:36'),(2660,'2025-07-27 17:59:59',30,'DB8.DBD98',549.9000,13,9,NULL,1,'2026-01-19 08:25:36'),(2661,'2025-07-28 17:59:59',30,'DB8.DBD98',662.4500,13,9,NULL,1,'2026-01-19 08:25:36'),(2662,'2025-07-29 17:59:59',30,'DB8.DBD98',775.0000,13,9,NULL,1,'2026-01-19 08:25:36'),(2663,'2025-07-30 17:59:59',30,'DB8.DBD98',214.5600,13,9,NULL,1,'2026-01-19 08:25:36'),(2664,'2025-07-31 17:59:59',30,'DB8.DBD98',332.1200,13,9,NULL,1,'2026-01-19 08:25:36'),(2665,'2025-08-01 17:59:59',30,'DB8.DBD98',444.6700,13,9,NULL,1,'2026-01-19 08:25:36'),(2666,'2025-08-02 17:59:59',30,'DB8.DBD98',557.2300,13,9,NULL,1,'2026-01-19 08:25:36'),(2667,'2025-08-03 17:59:59',30,'DB8.DBD98',669.7800,13,9,NULL,1,'2026-01-19 08:25:36'),(2668,'2025-08-04 17:59:59',30,'DB8.DBD98',782.3400,13,9,NULL,1,'2026-01-19 08:25:36'),(2669,'2025-08-05 17:59:59',30,'DB8.DBD98',845.9000,13,9,NULL,1,'2026-01-19 08:25:36'),(2670,'2025-08-06 17:59:59',30,'DB8.DBD98',293.4500,13,9,NULL,1,'2026-01-19 08:25:36'),(2671,'2025-08-07 17:59:59',30,'DB8.DBD98',406.0000,13,9,NULL,1,'2026-01-19 08:25:36'),(2672,'2025-08-08 17:59:59',30,'DB8.DBD98',518.5600,13,9,NULL,1,'2026-01-19 08:25:36'),(2673,'2025-08-09 17:59:59',30,'DB8.DBD98',631.1200,13,9,NULL,1,'2026-01-19 08:25:36'),(2674,'2025-08-10 17:59:59',30,'DB8.DBD98',743.6700,13,9,NULL,1,'2026-01-19 08:25:36'),(2675,'2025-08-11 17:59:59',30,'DB8.DBD98',204.2300,13,9,NULL,1,'2026-01-19 08:25:36'),(2676,'2025-08-12 17:59:59',30,'DB8.DBD98',321.7800,13,9,NULL,1,'2026-01-19 08:25:36'),(2677,'2025-08-13 17:59:59',30,'DB8.DBD98',434.3400,13,9,NULL,1,'2026-01-19 08:25:36'),(2678,'2025-08-14 17:59:59',30,'DB8.DBD98',546.9000,13,9,NULL,1,'2026-01-19 08:25:36'),(2679,'2025-08-15 17:59:59',30,'DB8.DBD98',659.4500,13,9,NULL,1,'2026-01-19 08:25:36'),(2680,'2025-08-16 17:59:59',30,'DB8.DBD98',772.0000,13,9,NULL,1,'2026-01-19 08:25:36'),(2681,'2025-08-17 17:59:59',30,'DB8.DBD98',834.5600,13,9,NULL,1,'2026-01-19 08:25:36'),(2682,'2025-08-18 17:59:59',30,'DB8.DBD98',300.1200,13,9,NULL,1,'2026-01-19 08:25:36'),(2683,'2025-08-19 17:59:59',30,'DB8.DBD98',412.6700,13,9,NULL,1,'2026-01-19 08:25:36'),(2684,'2025-08-20 17:59:59',30,'DB8.DBD98',525.2300,13,9,NULL,1,'2026-01-19 08:25:36'),(2685,'2025-08-21 17:59:59',30,'DB8.DBD98',637.7800,13,9,NULL,1,'2026-01-19 08:25:36'),(2686,'2025-08-22 17:59:59',30,'DB8.DBD98',750.3400,13,9,NULL,1,'2026-01-19 08:25:36'),(2687,'2025-08-23 17:59:59',30,'DB8.DBD98',216.9000,13,9,NULL,1,'2026-01-19 08:25:36'),(2688,'2025-08-24 17:59:59',30,'DB8.DBD98',334.4500,13,9,NULL,1,'2026-01-19 08:25:36'),(2689,'2025-08-25 17:59:59',30,'DB8.DBD98',447.0000,13,9,NULL,1,'2026-01-19 08:25:36'),(2690,'2025-08-26 17:59:59',30,'DB8.DBD98',559.5600,13,9,NULL,1,'2026-01-19 08:25:36'),(2691,'2025-08-27 17:59:59',30,'DB8.DBD98',672.1200,13,9,NULL,1,'2026-01-19 08:25:36'),(2692,'2025-08-28 17:59:59',30,'DB8.DBD98',784.6700,13,9,NULL,1,'2026-01-19 08:25:36'),(2693,'2025-08-29 17:59:59',30,'DB8.DBD98',847.2300,13,9,NULL,1,'2026-01-19 08:25:36'),(2694,'2025-08-30 17:59:59',30,'DB8.DBD98',277.7800,13,9,NULL,1,'2026-01-19 08:25:36'),(2695,'2025-08-31 17:59:59',30,'DB8.DBD98',390.3400,13,9,NULL,1,'2026-01-19 08:25:36'),(2696,'2025-09-01 17:59:59',30,'DB8.DBD98',502.9000,13,9,NULL,1,'2026-01-19 08:25:36'),(2697,'2025-09-02 17:59:59',30,'DB8.DBD98',615.4500,13,9,NULL,1,'2026-01-19 08:25:36'),(2698,'2025-09-03 17:59:59',30,'DB8.DBD98',728.0000,13,9,NULL,1,'2026-01-19 08:25:36'),(2699,'2025-09-04 17:59:59',30,'DB8.DBD98',206.5600,13,9,NULL,1,'2026-01-19 08:25:36'),(2700,'2025-09-05 17:59:59',30,'DB8.DBD98',324.1200,13,9,NULL,1,'2026-01-19 08:25:36'),(2701,'2025-09-06 17:59:59',30,'DB8.DBD98',436.6700,13,9,NULL,1,'2026-01-19 08:25:36'),(2702,'2025-09-07 17:59:59',30,'DB8.DBD98',549.2300,13,9,NULL,1,'2026-01-19 08:25:36'),(2703,'2025-09-08 17:59:59',30,'DB8.DBD98',661.7800,13,9,NULL,1,'2026-01-19 08:25:36'),(2704,'2025-09-09 17:59:59',30,'DB8.DBD98',774.3400,13,9,NULL,1,'2026-01-19 08:25:36'),(2705,'2025-09-10 17:59:59',30,'DB8.DBD98',836.9000,13,9,NULL,1,'2026-01-19 08:25:36'),(2706,'2025-09-11 17:59:59',30,'DB8.DBD98',291.4500,13,9,NULL,1,'2026-01-19 08:25:36'),(2707,'2025-09-12 17:59:59',30,'DB8.DBD98',404.0000,13,9,NULL,1,'2026-01-19 08:25:36'),(2708,'2025-09-13 17:59:59',30,'DB8.DBD98',516.5600,13,9,NULL,1,'2026-01-19 08:25:36'),(2709,'2025-09-14 17:59:59',30,'DB8.DBD98',629.1200,13,9,NULL,1,'2026-01-19 08:25:36'),(2710,'2025-09-15 17:59:59',30,'DB8.DBD98',741.6700,13,9,NULL,1,'2026-01-19 08:25:36'),(2711,'2025-09-16 17:59:59',30,'DB8.DBD98',200.2300,13,9,NULL,1,'2026-01-19 08:25:36'),(2712,'2025-09-17 17:59:59',30,'DB8.DBD98',317.7800,13,9,NULL,1,'2026-01-19 08:25:36'),(2713,'2025-09-18 17:59:59',30,'DB8.DBD98',430.3400,13,9,NULL,1,'2026-01-19 08:25:36'),(2714,'2025-09-19 17:59:59',30,'DB8.DBD98',542.9000,13,9,NULL,1,'2026-01-19 08:25:36'),(2715,'2025-09-20 17:59:59',30,'DB8.DBD98',655.4500,13,9,NULL,1,'2026-01-19 08:25:36'),(2716,'2025-09-21 17:59:59',30,'DB8.DBD98',768.0000,13,9,NULL,1,'2026-01-19 08:25:36'),(2717,'2025-09-22 17:59:59',30,'DB8.DBD98',830.5600,13,9,NULL,1,'2026-01-19 08:25:36'),(2718,'2025-09-23 17:59:59',30,'DB8.DBD98',284.1200,13,9,NULL,1,'2026-01-19 08:25:36'),(2719,'2025-09-24 17:59:59',30,'DB8.DBD98',396.6700,13,9,NULL,1,'2026-01-19 08:25:36'),(2720,'2025-09-25 17:59:59',30,'DB8.DBD98',509.2300,13,9,NULL,1,'2026-01-19 08:25:36'),(2721,'2025-09-26 17:59:59',30,'DB8.DBD98',621.7800,13,9,NULL,1,'2026-01-19 08:25:36'),(2722,'2025-09-27 17:59:59',30,'DB8.DBD98',734.3400,13,9,NULL,1,'2026-01-19 08:25:36'),(2723,'2025-09-28 17:59:59',30,'DB8.DBD98',212.9000,13,9,NULL,1,'2026-01-19 08:25:36'),(2724,'2025-09-29 17:59:59',30,'DB8.DBD98',330.4500,13,9,NULL,1,'2026-01-19 08:25:36'),(2725,'2025-09-30 17:59:59',30,'DB8.DBD98',443.0000,13,9,NULL,1,'2026-01-19 08:25:36'),(2726,'2025-10-01 17:59:59',30,'DB8.DBD98',555.5600,13,9,NULL,1,'2026-01-19 08:25:36'),(2727,'2025-10-02 17:59:59',30,'DB8.DBD98',668.1200,13,9,NULL,1,'2026-01-19 08:25:36'),(2728,'2025-10-03 17:59:59',30,'DB8.DBD98',780.6700,13,9,NULL,1,'2026-01-19 08:25:36'),(2729,'2025-10-04 17:59:59',30,'DB8.DBD98',843.2300,13,9,NULL,1,'2026-01-19 08:25:36'),(2730,'2025-10-05 17:59:59',30,'DB8.DBD98',301.7800,13,9,NULL,1,'2026-01-19 08:25:36'),(2731,'2025-10-06 17:59:59',30,'DB8.DBD98',414.3400,13,9,NULL,1,'2026-01-19 08:25:36'),(2732,'2025-10-07 17:59:59',30,'DB8.DBD98',526.9000,13,9,NULL,1,'2026-01-19 08:25:36'),(2733,'2025-10-08 17:59:59',30,'DB8.DBD98',639.4500,13,9,NULL,1,'2026-01-19 08:25:36'),(2734,'2025-10-09 17:59:59',30,'DB8.DBD98',752.0000,13,9,NULL,1,'2026-01-19 08:25:36'),(2735,'2025-10-10 17:59:59',30,'DB8.DBD98',205.2300,13,9,NULL,1,'2026-01-19 08:25:36'),(2736,'2025-10-11 17:59:59',30,'DB8.DBD98',322.7800,13,9,NULL,1,'2026-01-19 08:25:36'),(2737,'2025-10-12 17:59:59',30,'DB8.DBD98',435.3400,13,9,NULL,1,'2026-01-19 08:25:36'),(2738,'2025-10-13 17:59:59',30,'DB8.DBD98',547.9000,13,9,NULL,1,'2026-01-19 08:25:36'),(2739,'2025-10-14 17:59:59',30,'DB8.DBD98',660.4500,13,9,NULL,1,'2026-01-19 08:25:36'),(2740,'2025-10-15 17:59:59',30,'DB8.DBD98',773.0000,13,9,NULL,1,'2026-01-19 08:25:36'),(2741,'2025-10-16 17:59:59',30,'DB8.DBD98',835.5600,13,9,NULL,1,'2026-01-19 08:25:36'),(2742,'2025-10-17 17:59:59',30,'DB8.DBD98',288.1200,13,9,NULL,1,'2026-01-19 08:25:36'),(2743,'2025-10-18 17:59:59',30,'DB8.DBD98',400.6700,13,9,NULL,1,'2026-01-19 08:25:36'),(2744,'2025-10-19 17:59:59',30,'DB8.DBD98',513.2300,13,9,NULL,1,'2026-01-19 08:25:36'),(2745,'2025-10-20 17:59:59',30,'DB8.DBD98',625.7800,13,9,NULL,1,'2026-01-19 08:25:36'),(2746,'2025-10-21 17:59:59',30,'DB8.DBD98',738.3400,13,9,NULL,1,'2026-01-19 08:25:36'),(2747,'2025-10-22 17:59:59',30,'DB8.DBD98',202.7800,13,9,NULL,1,'2026-01-19 08:25:36'),(2748,'2025-10-23 17:59:59',30,'DB8.DBD98',320.3400,13,9,NULL,1,'2026-01-19 08:25:36'),(2749,'2025-10-24 17:59:59',30,'DB8.DBD98',432.9000,13,9,NULL,1,'2026-01-19 08:25:36'),(2750,'2025-10-25 17:59:59',30,'DB8.DBD98',545.4500,13,9,NULL,1,'2026-01-19 08:25:36'),(2751,'2025-10-26 17:59:59',30,'DB8.DBD98',658.0000,13,9,NULL,1,'2026-01-19 08:25:36'),(2752,'2025-10-27 17:59:59',30,'DB8.DBD98',770.5600,13,9,NULL,1,'2026-01-19 08:25:36'),(2753,'2025-10-28 17:59:59',30,'DB8.DBD98',833.1200,13,9,NULL,1,'2026-01-19 08:25:36'),(2754,'2025-10-29 17:59:59',30,'DB8.DBD98',295.6700,13,9,NULL,1,'2026-01-19 08:25:36'),(2755,'2025-10-30 17:59:59',30,'DB8.DBD98',408.2300,13,9,NULL,1,'2026-01-19 08:25:36'),(2756,'2025-10-31 17:59:59',30,'DB8.DBD98',520.7800,13,9,NULL,1,'2026-01-19 08:25:36'),(2757,'2025-07-18 18:00:00',29,'DB7.DBD32',23.1000,12,9,NULL,1,'2026-01-19 08:25:36'),(2758,'2025-07-19 17:59:59',29,'DB7.DBD32',21.4000,12,9,NULL,1,'2026-01-19 08:25:36'),(2759,'2025-07-20 17:59:59',29,'DB7.DBD32',25.2000,12,9,NULL,1,'2026-01-19 08:25:36'),(2760,'2025-07-21 17:59:59',29,'DB7.DBD32',27.3000,12,9,NULL,1,'2026-01-19 08:25:36'),(2761,'2025-07-22 17:59:59',29,'DB7.DBD32',29.4000,12,9,NULL,1,'2026-01-19 08:25:36'),(2762,'2025-07-23 17:59:59',29,'DB7.DBD32',31.5000,12,9,NULL,1,'2026-01-19 08:25:36'),(2763,'2025-07-24 17:59:59',29,'DB7.DBD32',32.4000,12,9,NULL,1,'2026-01-19 08:25:36'),(2764,'2025-07-25 17:59:59',29,'DB7.DBD32',23.3000,12,9,NULL,1,'2026-01-19 08:25:36'),(2765,'2025-07-26 17:59:59',29,'DB7.DBD32',25.4000,12,9,NULL,1,'2026-01-19 08:25:36'),(2766,'2025-07-27 17:59:59',29,'DB7.DBD32',27.5000,12,9,NULL,1,'2026-01-19 08:25:36'),(2767,'2025-07-28 17:59:59',29,'DB7.DBD32',29.6000,12,9,NULL,1,'2026-01-19 08:25:36'),(2768,'2025-07-29 17:59:59',29,'DB7.DBD32',31.7000,12,9,NULL,1,'2026-01-19 08:25:36'),(2769,'2025-07-30 17:59:59',29,'DB7.DBD32',20.6000,12,9,NULL,1,'2026-01-19 08:25:36'),(2770,'2025-07-31 17:59:59',29,'DB7.DBD32',22.7000,12,9,NULL,1,'2026-01-19 08:25:36'),(2771,'2025-08-01 17:59:59',29,'DB7.DBD32',24.8000,12,9,NULL,1,'2026-01-19 08:25:36'),(2772,'2025-08-02 17:59:59',29,'DB7.DBD32',26.9000,12,9,NULL,1,'2026-01-19 08:25:36'),(2773,'2025-08-03 17:59:59',29,'DB7.DBD32',29.0000,12,9,NULL,1,'2026-01-19 08:25:36'),(2774,'2025-08-04 17:59:59',29,'DB7.DBD32',31.1000,12,9,NULL,1,'2026-01-19 08:25:36'),(2775,'2025-08-05 17:59:59',29,'DB7.DBD32',32.5000,12,9,NULL,1,'2026-01-19 08:25:36'),(2776,'2025-08-06 17:59:59',29,'DB7.DBD32',22.3000,12,9,NULL,1,'2026-01-19 08:25:36'),(2777,'2025-08-07 17:59:59',29,'DB7.DBD32',24.0000,12,9,NULL,1,'2026-01-19 08:25:36'),(2778,'2025-08-08 17:59:59',29,'DB7.DBD32',26.1000,12,9,NULL,1,'2026-01-19 08:25:36'),(2779,'2025-08-09 17:59:59',29,'DB7.DBD32',28.2000,12,9,NULL,1,'2026-01-19 08:25:36'),(2780,'2025-08-10 17:59:59',29,'DB7.DBD32',30.3000,12,9,NULL,1,'2026-01-19 08:25:36'),(2781,'2025-08-11 17:59:59',29,'DB7.DBD32',20.5000,12,9,NULL,1,'2026-01-19 08:25:36'),(2782,'2025-08-12 17:59:59',29,'DB7.DBD32',22.6000,12,9,NULL,1,'2026-01-19 08:25:36'),(2783,'2025-08-13 17:59:59',29,'DB7.DBD32',24.7000,12,9,NULL,1,'2026-01-19 08:25:36'),(2784,'2025-08-14 17:59:59',29,'DB7.DBD32',26.8000,12,9,NULL,1,'2026-01-19 08:25:36'),(2785,'2025-08-15 17:59:59',29,'DB7.DBD32',28.9000,12,9,NULL,1,'2026-01-19 08:25:36'),(2786,'2025-08-16 17:59:59',29,'DB7.DBD32',31.0000,12,9,NULL,1,'2026-01-19 08:25:36'),(2787,'2025-08-17 17:59:59',29,'DB7.DBD32',32.1000,12,9,NULL,1,'2026-01-19 08:25:36'),(2788,'2025-08-18 17:59:59',29,'DB7.DBD32',22.9000,12,9,NULL,1,'2026-01-19 08:25:36'),(2789,'2025-08-19 17:59:59',29,'DB7.DBD32',24.3000,12,9,NULL,1,'2026-01-19 08:25:36'),(2790,'2025-08-20 17:59:59',29,'DB7.DBD32',26.4000,12,9,NULL,1,'2026-01-19 08:25:36'),(2791,'2025-08-21 17:59:59',29,'DB7.DBD32',28.5000,12,9,NULL,1,'2026-01-19 08:25:36'),(2792,'2025-08-22 17:59:59',29,'DB7.DBD32',30.6000,12,9,NULL,1,'2026-01-19 08:25:36'),(2793,'2025-08-23 17:59:59',29,'DB7.DBD32',20.9000,12,9,NULL,1,'2026-01-19 08:25:36'),(2794,'2025-08-24 17:59:59',29,'DB7.DBD32',23.0000,12,9,NULL,1,'2026-01-19 08:25:36'),(2795,'2025-08-25 17:59:59',29,'DB7.DBD32',25.1000,12,9,NULL,1,'2026-01-19 08:25:36'),(2796,'2025-08-26 17:59:59',29,'DB7.DBD32',27.2000,12,9,NULL,1,'2026-01-19 08:25:36'),(2797,'2025-08-27 17:59:59',29,'DB7.DBD32',29.3000,12,9,NULL,1,'2026-01-19 08:25:36'),(2798,'2025-08-28 17:59:59',29,'DB7.DBD32',31.4000,12,9,NULL,1,'2026-01-19 08:25:36'),(2799,'2025-08-29 17:59:59',29,'DB7.DBD32',32.6000,12,9,NULL,1,'2026-01-19 08:25:36'),(2800,'2025-08-30 17:59:59',29,'DB7.DBD32',22.0000,12,9,NULL,1,'2026-01-19 08:25:36'),(2801,'2025-08-31 17:59:59',29,'DB7.DBD32',23.8000,12,9,NULL,1,'2026-01-19 08:25:36'),(2802,'2025-09-01 17:59:59',29,'DB7.DBD32',25.9000,12,9,NULL,1,'2026-01-19 08:25:36'),(2803,'2025-09-02 17:59:59',29,'DB7.DBD32',28.0000,12,9,NULL,1,'2026-01-19 08:25:36'),(2804,'2025-09-03 17:59:59',29,'DB7.DBD32',30.1000,12,9,NULL,1,'2026-01-19 08:25:36'),(2805,'2025-09-04 17:59:59',29,'DB7.DBD32',20.4000,12,9,NULL,1,'2026-01-19 08:25:36'),(2806,'2025-09-05 17:59:59',29,'DB7.DBD32',22.5000,12,9,NULL,1,'2026-01-19 08:25:36'),(2807,'2025-09-06 17:59:59',29,'DB7.DBD32',24.6000,12,9,NULL,1,'2026-01-19 08:25:36'),(2808,'2025-09-07 17:59:59',29,'DB7.DBD32',26.7000,12,9,NULL,1,'2026-01-19 08:25:36'),(2809,'2025-09-08 17:59:59',29,'DB7.DBD32',28.8000,12,9,NULL,1,'2026-01-19 08:25:36'),(2810,'2025-09-09 17:59:59',29,'DB7.DBD32',30.9000,12,9,NULL,1,'2026-01-19 08:25:36'),(2811,'2025-09-10 17:59:59',29,'DB7.DBD32',32.2000,12,9,NULL,1,'2026-01-19 08:25:36'),(2812,'2025-09-11 17:59:59',29,'DB7.DBD32',22.2000,12,9,NULL,1,'2026-01-19 08:25:36'),(2813,'2025-09-12 17:59:59',29,'DB7.DBD32',23.9000,12,9,NULL,1,'2026-01-19 08:25:36'),(2814,'2025-09-13 17:59:59',29,'DB7.DBD32',26.0000,12,9,NULL,1,'2026-01-19 08:25:36'),(2815,'2025-09-14 17:59:59',29,'DB7.DBD32',28.1000,12,9,NULL,1,'2026-01-19 08:25:36'),(2816,'2025-09-15 17:59:59',29,'DB7.DBD32',30.2000,12,9,NULL,1,'2026-01-19 08:25:36'),(2817,'2025-09-16 17:59:59',29,'DB7.DBD32',20.2000,12,9,NULL,1,'2026-01-19 08:25:36'),(2818,'2025-09-17 17:59:59',29,'DB7.DBD32',22.3000,12,9,NULL,1,'2026-01-19 08:25:36'),(2819,'2025-09-18 17:59:59',29,'DB7.DBD32',24.4000,12,9,NULL,1,'2026-01-19 08:25:36'),(2820,'2025-09-19 17:59:59',29,'DB7.DBD32',26.5000,12,9,NULL,1,'2026-01-19 08:25:36'),(2821,'2025-09-20 17:59:59',29,'DB7.DBD32',28.6000,12,9,NULL,1,'2026-01-19 08:25:36'),(2822,'2025-09-21 17:59:59',29,'DB7.DBD32',30.7000,12,9,NULL,1,'2026-01-19 08:25:36'),(2823,'2025-09-22 17:59:59',29,'DB7.DBD32',31.8000,12,9,NULL,1,'2026-01-19 08:25:36'),(2824,'2025-09-23 17:59:59',29,'DB7.DBD32',21.8000,12,9,NULL,1,'2026-01-19 08:25:36'),(2825,'2025-09-24 17:59:59',29,'DB7.DBD32',23.7000,12,9,NULL,1,'2026-01-19 08:25:36'),(2826,'2025-09-25 17:59:59',29,'DB7.DBD32',25.8000,12,9,NULL,1,'2026-01-19 08:25:36'),(2827,'2025-09-26 17:59:59',29,'DB7.DBD32',27.9000,12,9,NULL,1,'2026-01-19 08:25:36'),(2828,'2025-09-27 17:59:59',29,'DB7.DBD32',30.0000,12,9,NULL,1,'2026-01-19 08:25:36'),(2829,'2025-09-28 17:59:59',29,'DB7.DBD32',20.8000,12,9,NULL,1,'2026-01-19 08:25:36'),(2830,'2025-09-29 17:59:59',29,'DB7.DBD32',22.9000,12,9,NULL,1,'2026-01-19 08:25:36'),(2831,'2025-09-30 17:59:59',29,'DB7.DBD32',25.0000,12,9,NULL,1,'2026-01-19 08:25:36'),(2832,'2025-10-01 17:59:59',29,'DB7.DBD32',27.1000,12,9,NULL,1,'2026-01-19 08:25:36'),(2833,'2025-10-02 17:59:59',29,'DB7.DBD32',29.2000,12,9,NULL,1,'2026-01-19 08:25:36'),(2834,'2025-10-03 17:59:59',29,'DB7.DBD32',31.3000,12,9,NULL,1,'2026-01-19 08:25:36'),(2835,'2025-10-04 17:59:59',29,'DB7.DBD32',32.4000,12,9,NULL,1,'2026-01-19 08:25:36'),(2836,'2025-10-05 17:59:59',29,'DB7.DBD32',23.0000,12,9,NULL,1,'2026-01-19 08:25:36'),(2837,'2025-10-06 17:59:59',29,'DB7.DBD32',24.1000,12,9,NULL,1,'2026-01-19 08:25:36'),(2838,'2025-10-07 17:59:59',29,'DB7.DBD32',26.2000,12,9,NULL,1,'2026-01-19 08:25:36'),(2839,'2025-10-08 17:59:59',29,'DB7.DBD32',28.3000,12,9,NULL,1,'2026-01-19 08:25:36'),(2840,'2025-10-09 17:59:59',29,'DB7.DBD32',30.4000,12,9,NULL,1,'2026-01-19 08:25:36'),(2841,'2025-10-10 17:59:59',29,'DB7.DBD32',20.3000,12,9,NULL,1,'2026-01-19 08:25:36'),(2842,'2025-10-11 17:59:59',29,'DB7.DBD32',22.4000,12,9,NULL,1,'2026-01-19 08:25:36'),(2843,'2025-10-12 17:59:59',29,'DB7.DBD32',24.5000,12,9,NULL,1,'2026-01-19 08:25:36'),(2844,'2025-10-13 17:59:59',29,'DB7.DBD32',26.6000,12,9,NULL,1,'2026-01-19 08:25:36'),(2845,'2025-10-14 17:59:59',29,'DB7.DBD32',28.7000,12,9,NULL,1,'2026-01-19 08:25:36'),(2846,'2025-10-15 17:59:59',29,'DB7.DBD32',30.8000,12,9,NULL,1,'2026-01-19 08:25:36'),(2847,'2025-10-16 17:59:59',29,'DB7.DBD32',32.1000,12,9,NULL,1,'2026-01-19 08:25:36'),(2848,'2025-10-17 17:59:59',29,'DB7.DBD32',22.1000,12,9,NULL,1,'2026-01-19 08:25:36'),(2849,'2025-10-18 17:59:59',29,'DB7.DBD32',23.9000,12,9,NULL,1,'2026-01-19 08:25:36'),(2850,'2025-10-19 17:59:59',29,'DB7.DBD32',26.0000,12,9,NULL,1,'2026-01-19 08:25:36'),(2851,'2025-10-20 17:59:59',29,'DB7.DBD32',28.1000,12,9,NULL,1,'2026-01-19 08:25:36'),(2852,'2025-10-21 17:59:59',29,'DB7.DBD32',30.2000,12,9,NULL,1,'2026-01-19 08:25:36'),(2853,'2025-10-22 17:59:59',29,'DB7.DBD32',20.4000,12,9,NULL,1,'2026-01-19 08:25:36'),(2854,'2025-10-23 17:59:59',29,'DB7.DBD32',22.5000,12,9,NULL,1,'2026-01-19 08:25:36'),(2855,'2025-10-24 17:59:59',29,'DB7.DBD32',24.6000,12,9,NULL,1,'2026-01-19 08:25:36'),(2856,'2025-10-25 17:59:59',29,'DB7.DBD32',26.7000,12,9,NULL,1,'2026-01-19 08:25:36'),(2857,'2025-10-26 17:59:59',29,'DB7.DBD32',28.8000,12,9,NULL,1,'2026-01-19 08:25:36'),(2858,'2025-10-27 17:59:59',29,'DB7.DBD32',30.9000,12,9,NULL,1,'2026-01-19 08:25:36'),(2859,'2025-10-28 17:59:59',29,'DB7.DBD32',32.0000,12,9,NULL,1,'2026-01-19 08:25:36'),(2860,'2025-10-29 17:59:59',29,'DB7.DBD32',22.6000,12,9,NULL,1,'2026-01-19 08:25:36'),(2861,'2025-10-30 17:59:59',29,'DB7.DBD32',24.1000,12,9,NULL,1,'2026-01-19 08:25:36'),(2862,'2025-10-31 17:59:59',29,'DB7.DBD32',26.2000,12,9,NULL,1,'2026-01-19 08:25:36'),(2863,'2026-01-19 08:52:13',16,'DB9.204.0',115.9000,9,15,'115.9000015258789',1,'2026-01-19 08:52:15'),(2864,'2026-01-19 08:57:00',16,'DB9.204.0',115.9000,9,15,'115.9000015258789',1,'2026-01-19 08:57:04'),(2865,'2026-01-19 08:58:18',38,'DB1.0.0',0.0000,12,15,'2.152394441202919e-42',1,'2026-01-19 08:58:20'),(2866,'2026-01-19 09:01:11',18,'DB9.208.0',123.5000,13,15,'123.5',1,'2026-01-19 09:01:13'),(2867,'2026-01-19 09:02:18',38,'DB1.0.0',0.0000,12,15,'2.152394441202919e-42',1,'2026-01-19 09:02:20'),(2868,'2026-01-19 17:03:40',38,'DB1.0.0',0.0000,12,15,'2.152394441202919e-42',1,'2026-01-19 09:03:42'),(2869,'2026-01-19 17:07:40',38,'DB9.190.0',5.0000,12,15,'5',1,'2026-01-19 09:07:42'),(2870,'2026-01-19 17:08:00',18,'DB9.208.0',123.5000,13,15,'123.5',1,'2026-01-19 09:08:02'),(2871,'2026-01-19 17:13:59',38,'DB9.190.0',5.0000,12,15,'5',1,'2026-01-19 09:14:01'),(2872,'2026-01-19 17:15:59',38,'DB9.190.0',5.0000,12,15,'5',1,'2026-01-19 09:16:01'),(2873,'2026-01-19 17:16:59',38,'DB9.190.0',5.0000,12,15,'5',1,'2026-01-19 09:17:01'),(2874,'2026-01-19 17:20:59',38,'DB9.190.0',5.0000,12,15,'5',1,'2026-01-19 09:21:01'),(2875,'2026-01-19 17:23:57',38,'DB9.190.0',5.0000,12,15,'5',1,'2026-01-19 09:23:59'),(2876,'2026-01-19 17:27:57',38,'DB9.190.0',5.0000,12,15,'5',1,'2026-01-19 09:27:58'),(2877,'2026-01-19 17:29:57',38,'DB9.190.0',5.0000,12,15,'5',1,'2026-01-19 09:29:58'),(2878,'2026-01-19 17:33:57',38,'DB9.190.0',5.0000,12,15,'5',1,'2026-01-19 09:33:58'),(2879,'2026-01-19 17:36:57',38,'DB9.190.0',5.0000,12,15,'5',1,'2026-01-19 09:36:58'),(2880,'2026-01-19 17:37:57',38,'DB9.190.0',5.0000,12,15,'5',1,'2026-01-19 09:37:58'),(2881,'2026-01-19 17:39:57',38,'DB9.190.0',5.0000,12,15,'5',1,'2026-01-19 09:39:58'),(2882,'2026-01-19 17:43:57',38,'DB9.190.0',5.0000,12,15,'5',1,'2026-01-19 09:43:58'),(2883,'2026-01-19 17:46:57',38,'DB9.190.0',5.0000,12,15,'5',1,'2026-01-19 09:46:58'),(2884,'2026-01-19 17:48:07',38,'DB9.190.0',5.0000,12,15,'5',1,'2026-01-19 09:48:09'),(2885,'2026-01-19 17:49:07',38,'DB9.190.0',5.0000,12,15,'5',1,'2026-01-19 09:49:09'),(2886,'2026-01-19 17:52:07',38,'DB9.190.0',5.0000,12,15,'5',1,'2026-01-19 09:52:09'),(2887,'2026-01-19 17:56:07',38,'DB9.190.0',5.0000,12,15,'5',1,'2026-01-19 09:56:09'),(2888,'2026-01-19 18:00:07',38,'DB9.190.0',5.0000,12,15,'5',1,'2026-01-19 10:00:10'),(2889,'2026-01-19 18:03:07',38,'DB9.190.0',5.0000,12,15,'5',1,'2026-01-19 10:03:09'),(2890,'2026-01-19 18:06:07',38,'DB9.190.0',5.0000,12,15,'5',1,'2026-01-19 10:06:09'),(2891,'2026-01-19 18:08:07',38,'DB9.190.0',5.0000,12,15,'5',1,'2026-01-19 10:08:09'),(2892,'2026-01-19 18:12:07',38,'DB9.190.0',5.0000,12,15,'5',1,'2026-01-19 10:12:09'),(2986,'2026-01-19 18:14:07',38,'DB9.190.0',5.0000,12,15,'5',1,'2026-01-19 10:14:09'),(3080,'2026-01-19 18:15:07',38,'DB9.190.0',5.0000,12,15,'5',1,'2026-01-19 10:15:09'),(3454,'2026-01-19 18:22:07',38,'DB9.190.0',5.0000,12,15,'5',1,'2026-01-19 10:22:09'),(3455,'2026-01-19 18:25:29',38,'DB9.190.0',5.0000,12,15,'5',1,'2026-01-19 10:25:31'),(3549,'2025-10-01 17:59:59',39,'DB3.DBD14',1568.9000,13,18,NULL,1,'2026-01-19 10:56:45'),(3550,'2025-10-02 17:59:59',39,'DB3.DBD14',1576.8000,13,18,NULL,1,'2026-01-19 10:56:45'),(3551,'2025-10-03 17:59:59',39,'DB3.DBD14',1585.9000,13,18,NULL,1,'2026-01-19 10:56:45'),(3552,'2025-10-04 17:59:59',39,'DB3.DBD14',1592.7000,13,18,NULL,1,'2026-01-19 10:56:45'),(3553,'2025-10-05 17:59:59',39,'DB3.DBD14',1600.2000,13,18,NULL,1,'2026-01-19 10:56:45'),(3554,'2025-10-06 17:59:59',39,'DB3.DBD14',1608.9000,13,18,NULL,1,'2026-01-19 10:56:45'),(3555,'2025-10-07 17:59:59',39,'DB3.DBD14',1619.1000,13,18,NULL,1,'2026-01-19 10:56:45'),(3556,'2025-10-08 17:59:59',39,'DB3.DBD14',1626.4000,13,18,NULL,1,'2026-01-19 10:56:45'),(3557,'2025-10-09 17:59:59',39,'DB3.DBD14',1634.4000,13,18,NULL,1,'2026-01-19 10:56:45'),(3558,'2025-10-10 17:59:59',39,'DB3.DBD14',1643.9000,13,18,NULL,1,'2026-01-19 10:56:45'),(3559,'2025-10-11 17:59:59',39,'DB3.DBD14',1650.5000,13,18,NULL,1,'2026-01-19 10:56:45'),(3560,'2025-10-12 17:59:59',39,'DB3.DBD14',1658.3000,13,18,NULL,1,'2026-01-19 10:56:45'),(3561,'2025-10-13 17:59:59',39,'DB3.DBD14',1666.7000,13,18,NULL,1,'2026-01-19 10:56:45'),(3562,'2025-10-14 17:59:59',39,'DB3.DBD14',1677.2000,13,18,NULL,1,'2026-01-19 10:56:45'),(3563,'2025-10-15 17:59:59',39,'DB3.DBD14',1686.4000,13,18,NULL,1,'2026-01-19 10:56:45'),(3564,'2025-10-16 17:59:59',39,'DB3.DBD14',1693.5000,13,18,NULL,1,'2026-01-19 10:56:45'),(3565,'2025-10-17 17:59:59',39,'DB3.DBD14',1701.8000,13,18,NULL,1,'2026-01-19 10:56:45'),(3566,'2025-10-18 17:59:59',39,'DB3.DBD14',1710.8000,13,18,NULL,1,'2026-01-19 10:56:45'),(3567,'2025-10-19 17:59:59',39,'DB3.DBD14',1717.7000,13,18,NULL,1,'2026-01-19 10:56:45'),(3568,'2025-10-20 17:59:59',39,'DB3.DBD14',1725.4000,13,18,NULL,1,'2026-01-19 10:56:45'),(3569,'2025-10-21 17:59:59',39,'DB3.DBD14',1734.2000,13,18,NULL,1,'2026-01-19 10:56:45'),(3570,'2025-10-22 17:59:59',39,'DB3.DBD14',1744.3000,13,18,NULL,1,'2026-01-19 10:56:45'),(3571,'2025-10-23 17:59:59',39,'DB3.DBD14',1751.7000,13,18,NULL,1,'2026-01-19 10:56:45'),(3572,'2025-10-24 17:59:59',39,'DB3.DBD14',1759.8000,13,18,NULL,1,'2026-01-19 10:56:45'),(3573,'2025-10-25 17:59:59',39,'DB3.DBD14',1769.1000,13,18,NULL,1,'2026-01-19 10:56:45'),(3574,'2025-10-26 17:59:59',39,'DB3.DBD14',1775.8000,13,18,NULL,1,'2026-01-19 10:56:45'),(3575,'2025-10-27 17:59:59',39,'DB3.DBD14',1783.4000,13,18,NULL,1,'2026-01-19 10:56:45'),(3576,'2025-10-28 17:59:59',39,'DB3.DBD14',1792.3000,13,18,NULL,1,'2026-01-19 10:56:45'),(3577,'2025-10-29 17:59:59',39,'DB3.DBD14',1802.6000,13,18,NULL,1,'2026-01-19 10:56:45'),(3578,'2025-10-30 17:59:59',39,'DB3.DBD14',1809.8000,13,18,NULL,1,'2026-01-19 10:56:45'),(3579,'2025-10-31 17:59:59',39,'DB3.DBD14',1818.3000,13,18,NULL,1,'2026-01-19 10:56:45'),(3580,'2025-10-01 17:59:59',40,'DB3.DBD15',1827.7000,13,18,NULL,1,'2026-01-19 10:56:45'),(3581,'2025-10-02 17:59:59',40,'DB3.DBD15',1834.2000,13,18,NULL,1,'2026-01-19 10:56:45'),(3582,'2025-10-03 17:59:59',40,'DB3.DBD15',1842.1000,13,18,NULL,1,'2026-01-19 10:56:45'),(3583,'2025-10-04 17:59:59',40,'DB3.DBD15',1850.7000,13,18,NULL,1,'2026-01-19 10:56:45'),(3584,'2025-10-05 17:59:59',40,'DB3.DBD15',1860.7000,13,18,NULL,1,'2026-01-19 10:56:45'),(3585,'2025-10-06 17:59:59',40,'DB3.DBD15',1867.7000,13,18,NULL,1,'2026-01-19 10:56:45'),(3586,'2025-10-07 17:59:59',40,'DB3.DBD15',1875.9000,13,18,NULL,1,'2026-01-19 10:56:45'),(3587,'2025-10-08 17:59:59',40,'DB3.DBD15',1885.0000,13,18,NULL,1,'2026-01-19 10:56:45'),(3588,'2025-10-09 17:59:59',40,'DB3.DBD15',1891.8000,13,18,NULL,1,'2026-01-19 10:56:45'),(3589,'2025-10-10 17:59:59',40,'DB3.DBD15',1899.3000,13,18,NULL,1,'2026-01-19 10:56:45'),(3590,'2025-10-11 17:59:59',40,'DB3.DBD15',1908.0000,13,18,NULL,1,'2026-01-19 10:56:45'),(3591,'2025-10-12 17:59:59',40,'DB3.DBD15',1918.4000,13,18,NULL,1,'2026-01-19 10:56:45'),(3592,'2025-10-13 17:59:59',40,'DB3.DBD15',1925.7000,13,18,NULL,1,'2026-01-19 10:56:45'),(3593,'2025-10-14 17:59:59',40,'DB3.DBD15',1933.7000,13,18,NULL,1,'2026-01-19 10:56:45'),(3594,'2025-10-15 17:59:59',40,'DB3.DBD15',1943.2000,13,18,NULL,1,'2026-01-19 10:56:45'),(3595,'2025-10-16 17:59:59',40,'DB3.DBD15',1949.8000,13,18,NULL,1,'2026-01-19 10:56:45'),(3596,'2025-10-17 17:59:59',40,'DB3.DBD15',1957.6000,13,18,NULL,1,'2026-01-19 10:56:45'),(3597,'2025-10-18 17:59:59',40,'DB3.DBD15',1966.0000,13,18,NULL,1,'2026-01-19 10:56:45'),(3598,'2025-10-19 17:59:59',40,'DB3.DBD15',1976.2000,13,18,NULL,1,'2026-01-19 10:56:45'),(3599,'2025-10-20 17:59:59',40,'DB3.DBD15',1985.4000,13,18,NULL,1,'2026-01-19 10:56:45'),(3600,'2025-10-21 17:59:59',40,'DB3.DBD15',1992.5000,13,18,NULL,1,'2026-01-19 10:56:45'),(3601,'2025-10-22 17:59:59',40,'DB3.DBD15',2000.8000,13,18,NULL,1,'2026-01-19 10:56:45'),(3602,'2025-10-23 17:59:59',40,'DB3.DBD15',2009.8000,13,18,NULL,1,'2026-01-19 10:56:45'),(3603,'2025-10-24 17:59:59',40,'DB3.DBD15',2016.7000,13,18,NULL,1,'2026-01-19 10:56:45'),(3604,'2025-10-25 17:59:59',40,'DB3.DBD15',2024.4000,13,18,NULL,1,'2026-01-19 10:56:45'),(3605,'2025-10-26 17:59:59',40,'DB3.DBD15',2033.2000,13,18,NULL,1,'2026-01-19 10:56:45'),(3606,'2025-10-27 17:59:59',40,'DB3.DBD15',2043.3000,13,18,NULL,1,'2026-01-19 10:56:45'),(3607,'2025-10-28 17:59:59',40,'DB3.DBD15',2050.7000,13,18,NULL,1,'2026-01-19 10:56:45'),(3608,'2025-10-29 17:59:59',40,'DB3.DBD15',2058.8000,13,18,NULL,1,'2026-01-19 10:56:45'),(3609,'2025-10-30 17:59:59',40,'DB3.DBD15',2068.1000,13,18,NULL,1,'2026-01-19 10:56:45'),(3610,'2025-10-31 17:59:59',40,'DB3.DBD15',2074.8000,13,18,NULL,1,'2026-01-19 10:56:45'),(3611,'2025-10-01 17:59:59',41,'DB3.DBD16',2082.4000,13,18,NULL,1,'2026-01-19 10:56:45'),(3612,'2025-10-02 17:59:59',41,'DB3.DBD16',2091.3000,13,18,NULL,1,'2026-01-19 10:56:45'),(3613,'2025-10-03 17:59:59',41,'DB3.DBD16',2101.6000,13,18,NULL,1,'2026-01-19 10:56:45'),(3614,'2025-10-04 17:59:59',41,'DB3.DBD16',2108.8000,13,18,NULL,1,'2026-01-19 10:56:45'),(3615,'2025-10-05 17:59:59',41,'DB3.DBD16',2117.3000,13,18,NULL,1,'2026-01-19 10:56:45'),(3616,'2025-10-06 17:59:59',41,'DB3.DBD16',2126.7000,13,18,NULL,1,'2026-01-19 10:56:45'),(3617,'2025-10-07 17:59:59',41,'DB3.DBD16',2133.2000,13,18,NULL,1,'2026-01-19 10:56:45'),(3618,'2025-10-08 17:59:59',41,'DB3.DBD16',2141.1000,13,18,NULL,1,'2026-01-19 10:56:45'),(3619,'2025-10-09 17:59:59',41,'DB3.DBD16',2149.7000,13,18,NULL,1,'2026-01-19 10:56:45'),(3620,'2025-10-10 17:59:59',41,'DB3.DBD16',2159.7000,13,18,NULL,1,'2026-01-19 10:56:45'),(3621,'2025-10-11 17:59:59',41,'DB3.DBD16',2166.7000,13,18,NULL,1,'2026-01-19 10:56:45'),(3622,'2025-10-12 17:59:59',41,'DB3.DBD16',2174.9000,13,18,NULL,1,'2026-01-19 10:56:45'),(3623,'2025-10-13 17:59:59',41,'DB3.DBD16',2184.0000,13,18,NULL,1,'2026-01-19 10:56:45'),(3624,'2025-10-14 17:59:59',41,'DB3.DBD16',2190.8000,13,18,NULL,1,'2026-01-19 10:56:45'),(3625,'2025-10-15 17:59:59',41,'DB3.DBD16',2198.3000,13,18,NULL,1,'2026-01-19 10:56:45'),(3626,'2025-10-16 17:59:59',41,'DB3.DBD16',2207.0000,13,18,NULL,1,'2026-01-19 10:56:45'),(3627,'2025-10-17 17:59:59',41,'DB3.DBD16',2217.4000,13,18,NULL,1,'2026-01-19 10:56:45'),(3628,'2025-10-18 17:59:59',41,'DB3.DBD16',2224.7000,13,18,NULL,1,'2026-01-19 10:56:45'),(3629,'2025-10-19 17:59:59',41,'DB3.DBD16',2232.7000,13,18,NULL,1,'2026-01-19 10:56:45'),(3630,'2025-10-20 17:59:59',41,'DB3.DBD16',2242.2000,13,18,NULL,1,'2026-01-19 10:56:45'),(3631,'2025-10-21 17:59:59',41,'DB3.DBD16',2248.8000,13,18,NULL,1,'2026-01-19 10:56:45'),(3632,'2025-10-22 17:59:59',41,'DB3.DBD16',2256.6000,13,18,NULL,1,'2026-01-19 10:56:45'),(3633,'2025-10-23 17:59:59',41,'DB3.DBD16',2265.0000,13,18,NULL,1,'2026-01-19 10:56:45'),(3634,'2025-10-24 17:59:59',41,'DB3.DBD16',2275.2000,13,18,NULL,1,'2026-01-19 10:56:45'),(3635,'2025-10-25 17:59:59',41,'DB3.DBD16',2284.4000,13,18,NULL,1,'2026-01-19 10:56:45'),(3636,'2025-10-26 17:59:59',41,'DB3.DBD16',2291.5000,13,18,NULL,1,'2026-01-19 10:56:45'),(3637,'2025-10-27 17:59:59',41,'DB3.DBD16',2299.8000,13,18,NULL,1,'2026-01-19 10:56:45'),(3638,'2025-10-28 17:59:59',41,'DB3.DBD16',2308.8000,13,18,NULL,1,'2026-01-19 10:56:45'),(3639,'2025-10-29 17:59:59',41,'DB3.DBD16',2315.7000,13,18,NULL,1,'2026-01-19 10:56:45'),(3640,'2025-10-30 17:59:59',41,'DB3.DBD16',2323.4000,13,18,NULL,1,'2026-01-19 10:56:45'),(3641,'2025-10-31 17:59:59',41,'DB3.DBD16',2332.2000,13,18,NULL,1,'2026-01-19 10:56:45');
/*!40000 ALTER TABLE `plc_readings` ENABLE KEYS */;
UNLOCK TABLES;

--
-- Table structure for table `plc_scale_records`
--

DROP TABLE IF EXISTS `plc_scale_records`;
/*!40101 SET @saved_cs_client     = @@character_set_client */;
/*!50503 SET character_set_client = utf8mb4 */;
CREATE TABLE `plc_scale_records` (
  `id` int NOT NULL AUTO_INCREMENT,
  `record_code` varchar(50) NOT NULL,
  `scale_id` varchar(50) DEFAULT NULL,
  `station_id` int DEFAULT NULL,
  `weight_time` datetime DEFAULT NULL,
  `vehicle_no` varchar(50) DEFAULT NULL,
  `material` varchar(100) DEFAULT NULL,
  `weight_gross` decimal(10,2) DEFAULT NULL,
  `weight_tare` decimal(10,2) DEFAULT NULL,
  `weight_net` decimal(10,2) DEFAULT NULL,
  `operator_name` varchar(50) DEFAULT NULL,
  `status` varchar(20) DEFAULT NULL,
  `source` varchar(20) NOT NULL DEFAULT 'http',
  `file_name` varchar(255) DEFAULT NULL,
  `raw_payload` text,
  `created_at` datetime DEFAULT CURRENT_TIMESTAMP,
  `updated_at` datetime DEFAULT CURRENT_TIMESTAMP ON UPDATE CURRENT_TIMESTAMP,
  PRIMARY KEY (`id`),
  UNIQUE KEY `record_code` (`record_code`),
  KEY `idx_plc_scale_id` (`scale_id`),
  KEY `idx_plc_station_id` (`station_id`),
  KEY `idx_plc_weight_time` (`weight_time`)
) ENGINE=InnoDB DEFAULT CHARSET=utf8mb4 COLLATE=utf8mb4_0900_ai_ci;
/*!40101 SET character_set_client = @saved_cs_client */;

--
-- Dumping data for table `plc_scale_records`
--

LOCK TABLES `plc_scale_records` WRITE;
/*!40000 ALTER TABLE `plc_scale_records` DISABLE KEYS */;
/*!40000 ALTER TABLE `plc_scale_records` ENABLE KEYS */;
UNLOCK TABLES;

--
-- Table structure for table `position_jobs`
--

DROP TABLE IF EXISTS `position_jobs`;
/*!40101 SET @saved_cs_client     = @@character_set_client */;
/*!50503 SET character_set_client = utf8mb4 */;
CREATE TABLE `position_jobs` (
  `id` int NOT NULL AUTO_INCREMENT,
  `position_name` varchar(50) COLLATE utf8mb4_unicode_ci NOT NULL COMMENT '岗位名称',
  `job_name` varchar(100) COLLATE utf8mb4_unicode_ci NOT NULL COMMENT '工作项目名称',
  `standard_hours` decimal(4,2) DEFAULT NULL COMMENT '标准工时',
  `points` int DEFAULT NULL COMMENT '积分',
  `station_id` int DEFAULT NULL COMMENT '场站ID（可选，用于指定场站的岗位工作）',
  `is_active` tinyint DEFAULT '1' COMMENT '是否启用',
  `created_at` datetime NOT NULL,
  `updated_at` datetime NOT NULL,
  PRIMARY KEY (`id`),
  KEY `station_id` (`station_id`),
  CONSTRAINT `position_jobs_ibfk_1` FOREIGN KEY (`station_id`) REFERENCES `stations` (`id`) ON DELETE SET NULL ON UPDATE CASCADE
) ENGINE=InnoDB AUTO_INCREMENT=86 DEFAULT CHARSET=utf8mb4 COLLATE=utf8mb4_unicode_ci;
/*!40101 SET character_set_client = @saved_cs_client */;

--
-- Dumping data for table `position_jobs`
--

LOCK TABLES `position_jobs` WRITE;
/*!40000 ALTER TABLE `position_jobs` DISABLE KEYS */;
INSERT INTO `position_jobs` VALUES (1,'分析','分析2',2.00,NULL,2,0,'2026-01-10 22:58:33','2026-01-21 16:33:30'),(2,'分析','分析1',1.00,NULL,2,0,'2026-01-10 22:58:33','2026-01-21 16:33:30'),(3,'分析','分析3',3.00,NULL,2,0,'2026-01-10 22:58:33','2026-01-21 16:33:30'),(4,'采购','采购3',1.00,NULL,17,0,'2026-01-14 10:44:20','2026-01-21 16:33:30'),(5,'采购','采购2',4.00,NULL,17,0,'2026-01-14 10:44:20','2026-01-21 16:33:30'),(6,'采购','采购1',3.00,NULL,17,0,'2026-01-14 10:44:20','2026-01-21 16:33:30'),(7,'检查','检查2',3.00,NULL,17,0,'2026-01-14 10:45:00','2026-01-21 16:33:30'),(8,'检查','检查1',2.00,NULL,17,0,'2026-01-14 10:45:00','2026-01-21 16:33:34'),(9,'检查','检查3',3.00,NULL,17,0,'2026-01-14 10:45:00','2026-01-21 16:33:23'),(10,'羽化 培养','按照《羽化 操作规程》进行投放虫蛹工作。',NULL,10,22,1,'2026-01-21 15:20:51','2026-01-21 16:32:36'),(11,'羽化 培养','记录运行数据《黑水虻羽化产卵记录表》。',NULL,1,22,1,'2026-01-21 15:20:51','2026-01-21 16:32:36'),(12,'羽化 培养','臭盒添加鸡粪和鸭粪，收卵，观察电暖气运行状态。',NULL,10,22,0,'2026-01-21 15:20:51','2026-01-21 16:32:36'),(13,'羽化 培养','孵化',NULL,16,22,1,'2026-01-21 15:20:51','2026-01-21 16:32:36'),(14,'羽化 培养','《孵化进出料记录表》',NULL,1,22,1,'2026-01-21 15:20:51','2026-01-21 16:32:36'),(15,'羽化 培养','小虫培育',NULL,3,22,1,'2026-01-21 15:20:51','2026-01-21 16:32:36'),(16,'羽化 培养','中虫培育',NULL,1,22,1,'2026-01-21 15:20:51','2026-01-21 16:32:36'),(17,'羽化 培养','大虫培育',NULL,1,22,1,'2026-01-21 15:20:51','2026-01-21 16:32:36'),(18,'羽化 培养','中虫计数',NULL,5,22,1,'2026-01-21 15:20:51','2026-01-21 16:32:36'),(19,'羽化 培养','汇总外购虫卵信息',NULL,8,22,1,'2026-01-21 15:20:51','2026-01-21 16:32:36'),(20,'羽化 培养','当日收集卵的照片',NULL,1,22,1,'2026-01-21 15:20:51','2026-01-21 16:32:36'),(21,'羽化 培养','配合卫重宣电气工作，其他临时任务。',NULL,10,22,1,'2026-01-21 15:20:51','2026-01-21 16:32:36'),(22,'预蛹养殖 养鸭','按照《预蛹养殖 操作规程》进行预蛹养殖翻料、粉料工作。',NULL,2,22,1,'2026-01-21 15:20:51','2026-01-21 16:32:36'),(23,'预蛹养殖 养鸭','按照《预蛹养殖 操作规程》进行预蛹养殖出料工作。',NULL,18,22,1,'2026-01-21 15:20:51','2026-01-21 16:32:36'),(24,'预蛹养殖 养鸭','记录运行数据《预蛹养殖 出料记录表》。',NULL,1,22,1,'2026-01-21 15:20:51','2026-01-21 16:32:36'),(25,'预蛹养殖 养鸭','按照《预蛹养殖 操作规程》进行预蛹养殖加料工作。',NULL,18,22,1,'2026-01-21 15:20:51','2026-01-21 16:32:36'),(26,'预蛹养殖 养鸭','预蛹养殖加料。',NULL,18,22,1,'2026-01-21 15:20:51','2026-01-21 16:32:36'),(27,'预蛹养殖 养鸭','记录运行数据《预蛹养殖 加料记录表》。',NULL,1,22,1,'2026-01-21 15:20:51','2026-01-21 16:32:36'),(28,'预蛹养殖 养鸭','按要求操作黑白预蛹分离。',NULL,10,22,1,'2026-01-21 15:20:51','2026-01-21 16:32:36'),(29,'预蛹养殖 养鸭','给鸭子补水换水',NULL,2,22,1,'2026-01-21 15:20:51','2026-01-21 16:32:36'),(30,'预蛹养殖 养鸭','饲喂鸭子',NULL,2,22,1,'2026-01-21 15:20:51','2026-01-21 16:32:36'),(31,'预蛹养殖 养鸭','收集鸭蛋',NULL,1,22,1,'2026-01-21 15:20:51','2026-01-21 16:32:36'),(32,'预蛹养殖 养鸭','记录运行数据《鸭子饲喂记录表》',NULL,1,22,1,'2026-01-21 15:20:51','2026-01-21 16:32:36'),(33,'蛹化 养鸡','按照《蛹化 操作规程》进行投放预蛹工作。',NULL,10,22,1,'2026-01-21 15:20:51','2026-01-21 16:32:36'),(34,'蛹化 养鸡','记录运行数据《投放预蛹 加料记录表》。',NULL,1,22,1,'2026-01-21 15:20:51','2026-01-21 16:32:36'),(35,'蛹化 养鸡','按照《蛹化 操作规程》进行收集虫蛹工作。',NULL,25,22,1,'2026-01-21 15:20:51','2026-01-21 16:32:36'),(36,'蛹化 养鸡','记录运行数据《预蛹养殖 出料记录表》。',NULL,1,22,1,'2026-01-21 15:20:51','2026-01-21 16:32:36'),(37,'蛹化 养鸡','检查喂鸡情况',NULL,2,22,1,'2026-01-21 15:20:51','2026-01-21 16:32:36'),(38,'蛹化 养鸡','饲喂鸡',NULL,4,22,1,'2026-01-21 15:20:51','2026-01-21 16:32:36'),(39,'蛹化 养鸡','清理鸡粪',NULL,5,22,1,'2026-01-21 15:20:51','2026-01-21 16:32:36'),(40,'蛹化 养鸡','收集鸡蛋',NULL,1,22,1,'2026-01-21 15:20:51','2026-01-21 16:32:36'),(41,'蛹化 养鸡','记录运行数据《鸡饲喂记录表》。',NULL,1,22,1,'2026-01-21 15:20:51','2026-01-21 16:32:36'),(42,'蛹化 养鸡','配合郝俊良工作，进料调试，完成其他临时任务。',NULL,10,22,1,'2026-01-21 15:20:51','2026-01-21 16:32:36'),(43,'培养','筛分1#助剂保留筛下物作为孵化辅料。',0.08,4,23,1,'2026-01-21 15:50:52','2026-01-21 15:50:52'),(44,'培养','调节孵化辅料含水率。',0.08,4,23,1,'2026-01-21 15:50:52','2026-01-21 15:50:52'),(45,'培养','按盒分装孵化辅料。',0.05,4,23,1,'2026-01-21 15:50:52','2026-01-21 15:50:52'),(46,'培养','称重虫卵。',0.05,4,23,1,'2026-01-21 15:50:52','2026-01-21 15:50:52'),(47,'培养','配制小虫培养料。',0.05,2,23,1,'2026-01-21 15:50:52','2026-01-21 15:50:52'),(48,'培养','倒入微虫及孵化辅料。',0.05,1,23,1,'2026-01-21 15:50:52','2026-01-21 15:50:52'),(49,'培养','称量中虫培养料。',0.10,2,23,1,'2026-01-21 15:50:52','2026-01-21 15:50:52'),(50,'培养','倒入小虫及小虫培养料渣。',0.05,1,23,1,'2026-01-21 15:50:52','2026-01-21 15:50:52'),(51,'培养','中虫计数，并计算每盒中虫及中虫培养渣重量（取3个样品进行计数）。',0.33,15,23,1,'2026-01-21 15:50:52','2026-01-21 15:50:52'),(52,'培养','称量大虫培养料。',0.35,2,23,1,'2026-01-21 15:50:52','2026-01-21 15:50:52'),(53,'培养','按盒分中虫及中虫培养料渣。',0.35,16,23,1,'2026-01-21 15:50:52','2026-01-21 15:50:52'),(54,'培养','配置乳酸菌菌液并观察发酵情况。',0.08,2,23,1,'2026-01-21 15:50:52','2026-01-21 15:50:52'),(55,'培养','配置发酵料并观察发酵情况。。',0.08,2,23,1,'2026-01-21 15:50:52','2026-01-21 15:50:52'),(56,'培养','记录运行数据。',0.08,1,23,1,'2026-01-21 15:50:52','2026-01-21 15:50:52'),(57,'培养','汇总运行数据。',0.08,1,23,1,'2026-01-21 15:50:52','2026-01-21 15:50:52'),(58,'垃圾处理','挂桶将物料运送到料仓(1.5t)。',0.31,5,23,1,'2026-01-21 15:50:52','2026-01-21 15:50:52'),(59,'垃圾处理','运输大虫到大虫加虫位置。',0.25,5,23,1,'2026-01-21 15:50:52','2026-01-21 15:50:52'),(60,'垃圾处理','分装老虫和虫沙。',1.20,15,23,1,'2026-01-21 15:50:52','2026-01-21 15:50:52'),(61,'垃圾处理','可堆肥物料外运装车。',0.33,5,23,1,'2026-01-21 15:50:52','2026-01-21 15:50:52'),(62,'垃圾处理','老虫外运装车。',0.42,5,23,1,'2026-01-21 15:50:52','2026-01-21 15:50:52'),(63,'垃圾处理','巡查、操控预处理设备（每4小时巡查1次）。',0.10,1,23,1,'2026-01-21 15:50:52','2026-01-21 15:50:52'),(64,'垃圾处理','巡查、操控处理设备（每4小时巡查1次）。',0.10,8,23,1,'2026-01-21 15:50:52','2026-01-21 15:50:52'),(65,'垃圾处理','巡查、操控分离设备（每4小时巡查1次）。',0.10,8,23,1,'2026-01-21 15:50:52','2026-01-21 15:50:52'),(66,'垃圾处理','巡查、操控通风设备（每4小时巡查1次）。',0.10,5,23,1,'2026-01-21 15:50:52','2026-01-21 15:50:52'),(67,'垃圾处理','巡查、操控温控设备（每4小时巡查1次）。',0.10,5,23,1,'2026-01-21 15:50:52','2026-01-21 15:50:52'),(68,'垃圾处理','记录运行数据。',0.08,1,23,1,'2026-01-21 15:50:52','2026-01-21 15:50:52'),(69,'垃圾处理','汇总运行数据。',0.08,1,23,1,'2026-01-21 15:50:52','2026-01-21 15:50:52'),(70,'1-2','2',NULL,2,17,1,'2026-01-22 11:49:19','2026-01-22 14:27:56'),(71,'1-2','1',NULL,1,17,0,'2026-01-22 11:49:19','2026-01-22 14:27:34'),(72,'1-2','3',NULL,3,17,1,'2026-01-22 11:49:19','2026-01-22 14:27:56'),(73,'1-1','2',NULL,2,17,1,'2026-01-22 11:49:35','2026-01-22 11:49:35'),(74,'1-1','1',NULL,1,17,1,'2026-01-22 11:49:35','2026-01-22 11:49:35'),(75,'1-1','3',NULL,3,17,1,'2026-01-22 11:49:35','2026-01-22 11:49:35'),(76,'站长','作为卫生检查人检查卫生区域3卫生（鸡舍、鸭舍、粉碎间及4#羽化箱）。',NULL,10,22,1,'2026-01-22 19:18:50','2026-01-22 19:18:50'),(77,'站长','作为卫生执行人打扫卫生区域3（研发部办公室（二）和会议室卫生及区域卫生。',NULL,4,22,1,'2026-01-22 19:18:50','2026-01-22 19:18:50'),(78,'站长','日常报饭。',NULL,3,22,1,'2026-01-22 19:18:50','2026-01-22 19:18:50'),(79,'站长','每周一更新部门周报（供卵生产<运行>）。',NULL,2,22,1,'2026-01-22 19:18:50','2026-01-22 19:18:50'),(80,'站长','做大虫、预蛹、虫蛹质量检测（每日一次体重）',NULL,20,22,1,'2026-01-22 19:18:50','2026-01-22 19:18:50'),(81,'站长','做大虫、预蛹、虫蛹质量检测（每月两次体长）',NULL,20,22,1,'2026-01-22 19:18:50','2026-01-22 19:18:50'),(82,'站长','录入数据（供卵生产 <运行>）。',NULL,1,22,1,'2026-01-22 19:18:50','2026-01-22 19:18:50'),(83,'站长','供卵系统2026年01月产卵量单箱月均值达到250g/d。',NULL,NULL,22,1,'2026-01-22 19:18:50','2026-01-22 19:18:50'),(84,'站长','每周一更新部门周报（研发用电量）。',NULL,2,22,1,'2026-01-22 19:18:50','2026-01-22 19:18:50'),(85,'站长','提供供卵成本基础数据。',NULL,10,22,1,'2026-01-22 19:18:50','2026-01-22 19:18:50');
/*!40000 ALTER TABLE `position_jobs` ENABLE KEYS */;
UNLOCK TABLES;

--
-- Table structure for table `position_tasks`
--

DROP TABLE IF EXISTS `position_tasks`;
/*!40101 SET @saved_cs_client     = @@character_set_client */;
/*!50503 SET character_set_client = utf8mb4 */;
CREATE TABLE `position_tasks` (
  `id` int NOT NULL AUTO_INCREMENT,
  `project_id` int NOT NULL,
  `position_name` varchar(50) COLLATE utf8mb4_unicode_ci NOT NULL COMMENT '岗位名称',
  `task_config_id` int NOT NULL,
  `is_required` tinyint DEFAULT '1' COMMENT '是否必做',
  `sort_order` int DEFAULT '0',
  `created_at` datetime NOT NULL,
  PRIMARY KEY (`id`),
  KEY `task_config_id` (`task_config_id`),
  KEY `position_tasks_project_id_position_name` (`project_id`,`position_name`),
  CONSTRAINT `position_tasks_ibfk_1` FOREIGN KEY (`task_config_id`) REFERENCES `task_configs` (`id`) ON UPDATE CASCADE
) ENGINE=InnoDB DEFAULT CHARSET=utf8mb4 COLLATE=utf8mb4_unicode_ci;
/*!40101 SET character_set_client = @saved_cs_client */;

--
-- Dumping data for table `position_tasks`
--

LOCK TABLES `position_tasks` WRITE;
/*!40000 ALTER TABLE `position_tasks` DISABLE KEYS */;
/*!40000 ALTER TABLE `position_tasks` ENABLE KEYS */;
UNLOCK TABLES;

--
-- Table structure for table `position_work_logs`
--

DROP TABLE IF EXISTS `position_work_logs`;
/*!40101 SET @saved_cs_client     = @@character_set_client */;
/*!50503 SET character_set_client = utf8mb4 */;
CREATE TABLE `position_work_logs` (
  `id` int NOT NULL AUTO_INCREMENT,
  `user_id` int NOT NULL COMMENT '用户ID',
  `user_name` varchar(50) COLLATE utf8mb4_unicode_ci DEFAULT NULL COMMENT '用户姓名',
  `station_id` int DEFAULT NULL COMMENT '场站ID',
  `station_name` varchar(100) COLLATE utf8mb4_unicode_ci DEFAULT NULL COMMENT '场站名称',
  `position_name` varchar(50) COLLATE utf8mb4_unicode_ci DEFAULT NULL COMMENT '岗位名称',
  `position_job_id` int DEFAULT NULL COMMENT '关联岗位工作项目ID',
  `work_date` date NOT NULL COMMENT '工作日期',
  `work_name` varchar(200) COLLATE utf8mb4_unicode_ci NOT NULL COMMENT '工作项目名称',
  `standard_hours` decimal(5,2) DEFAULT '0.00' COMMENT '标准工时(小时)',
  `actual_hours` decimal(5,2) DEFAULT '0.00' COMMENT '实际工时(小时)',
  `is_completed` tinyint DEFAULT '0' COMMENT '是否完成：0未完成 1已完成',
  `progress` int DEFAULT '0' COMMENT '完成进度 0-100',
  `remark` text COLLATE utf8mb4_unicode_ci COMMENT '备注',
  `is_overtime` tinyint DEFAULT '0' COMMENT '是否超时',
  `appeal_status` varchar(20) COLLATE utf8mb4_unicode_ci DEFAULT NULL COMMENT '申诉状态：pending待审批, approved已通过, rejected已驳回',
  `appeal_reason` text COLLATE utf8mb4_unicode_ci COMMENT '申诉原因',
  `appeal_time` datetime DEFAULT NULL COMMENT '申诉时间',
  `approver_id` int DEFAULT NULL COMMENT '审批人ID',
  `approver_name` varchar(50) COLLATE utf8mb4_unicode_ci DEFAULT NULL COMMENT '审批人姓名',
  `approve_time` datetime DEFAULT NULL COMMENT '审批时间',
  `approve_remark` text COLLATE utf8mb4_unicode_ci COMMENT '审批备注',
  `created_at` datetime NOT NULL,
  `updated_at` datetime NOT NULL,
  PRIMARY KEY (`id`),
  KEY `position_job_id` (`position_job_id`),
  KEY `position_work_logs_user_id_work_date` (`user_id`,`work_date`),
  KEY `position_work_logs_station_id` (`station_id`),
  KEY `position_work_logs_appeal_status` (`appeal_status`),
  CONSTRAINT `position_work_logs_ibfk_1` FOREIGN KEY (`user_id`) REFERENCES `users` (`id`) ON UPDATE CASCADE,
  CONSTRAINT `position_work_logs_ibfk_2` FOREIGN KEY (`station_id`) REFERENCES `stations` (`id`) ON UPDATE CASCADE,
  CONSTRAINT `position_work_logs_ibfk_3` FOREIGN KEY (`position_job_id`) REFERENCES `position_jobs` (`id`) ON UPDATE CASCADE
) ENGINE=InnoDB AUTO_INCREMENT=28 DEFAULT CHARSET=utf8mb4 COLLATE=utf8mb4_unicode_ci;
/*!40101 SET character_set_client = @saved_cs_client */;

--
-- Dumping data for table `position_work_logs`
--

LOCK TABLES `position_work_logs` WRITE;
/*!40000 ALTER TABLE `position_work_logs` DISABLE KEYS */;
INSERT INTO `position_work_logs` VALUES (1,3,'Test operator',2,'板井站','分析',1,'2026-01-10','分析2',2.00,0.00,1,0,'',0,NULL,NULL,NULL,NULL,NULL,NULL,NULL,'2026-01-10 23:50:53','2026-01-10 23:50:53'),(2,3,'Test operator',2,'板井站','分析',2,'2026-01-10','分析1',1.00,0.00,NULL,0,'',0,NULL,NULL,NULL,NULL,NULL,NULL,NULL,'2026-01-10 23:50:54','2026-01-10 23:50:54'),(3,3,'Test operator',2,'板井站','分析',3,'2026-01-10','分析3',3.00,0.00,NULL,0,'',0,NULL,NULL,NULL,NULL,NULL,NULL,NULL,'2026-01-10 23:50:54','2026-01-10 23:50:54'),(4,28,'杨国利',23,'沃尔玛','垃圾处理',60,'2026-01-22','分装老虫和虫沙。',1.20,0.00,1,0,'',0,NULL,NULL,NULL,NULL,NULL,NULL,NULL,'2026-01-22 13:10:26','2026-01-22 13:10:26'),(5,28,'杨国利',23,'沃尔玛','垃圾处理',62,'2026-01-22','老虫外运装车。',0.42,0.00,1,0,'',0,NULL,NULL,NULL,NULL,NULL,NULL,NULL,'2026-01-22 13:14:20','2026-01-22 13:14:20'),(6,26,'贾军',22,'供卵（生产）','预蛹养殖 养鸭',24,'2026-01-22','记录运行数据《预蛹养殖 出料记录表》。',NULL,0.00,1,0,'',0,NULL,NULL,NULL,NULL,NULL,NULL,NULL,'2026-01-22 13:18:06','2026-01-22 13:18:06'),(7,26,'贾军',22,'供卵（生产）','预蛹养殖 养鸭',25,'2026-01-22','按照《预蛹养殖 操作规程》进行预蛹养殖加料工作。',NULL,0.00,NULL,0,'',0,NULL,NULL,NULL,NULL,NULL,NULL,NULL,'2026-01-22 13:18:08','2026-01-22 13:18:08'),(8,26,'贾军',22,'供卵（生产）','预蛹养殖 养鸭',26,'2026-01-22','预蛹养殖加料。',NULL,0.00,NULL,0,'',0,NULL,NULL,NULL,NULL,NULL,NULL,NULL,'2026-01-22 13:18:09','2026-01-22 13:18:09'),(9,26,'贾军',22,'供卵（生产）','预蛹养殖 养鸭',27,'2026-01-22','记录运行数据《预蛹养殖 加料记录表》。',NULL,0.00,NULL,0,'',0,NULL,NULL,NULL,NULL,NULL,NULL,NULL,'2026-01-22 13:18:10','2026-01-22 13:18:10'),(10,26,'贾军',22,'供卵（生产）','预蛹养殖 养鸭',28,'2026-01-22','按要求操作黑白预蛹分离。',NULL,0.00,NULL,0,'',0,NULL,NULL,NULL,NULL,NULL,NULL,NULL,'2026-01-22 13:18:11','2026-01-22 13:18:11'),(11,26,'贾军',22,'供卵（生产）','预蛹养殖 养鸭',29,'2026-01-22','给鸭子补水换水',NULL,0.00,NULL,0,'',0,NULL,NULL,NULL,NULL,NULL,NULL,NULL,'2026-01-22 13:18:12','2026-01-22 13:18:12'),(12,26,'贾军',22,'供卵（生产）','预蛹养殖 养鸭',30,'2026-01-22','饲喂鸭子',NULL,0.00,NULL,0,'',0,NULL,NULL,NULL,NULL,NULL,NULL,NULL,'2026-01-22 13:18:12','2026-01-22 13:18:12'),(13,26,'贾军',22,'供卵（生产）','预蛹养殖 养鸭',31,'2026-01-22','收集鸭蛋',NULL,0.00,NULL,0,'',0,NULL,NULL,NULL,NULL,NULL,NULL,NULL,'2026-01-22 13:18:15','2026-01-22 13:18:15'),(14,26,'贾军',22,'供卵（生产）','预蛹养殖 养鸭',32,'2026-01-22','记录运行数据《鸭子饲喂记录表》',NULL,0.00,NULL,0,'',0,NULL,NULL,NULL,NULL,NULL,NULL,NULL,'2026-01-22 13:18:15','2026-01-22 13:18:15'),(15,37,'史志雨',22,'供卵（生产）','站长',76,'2026-01-22','作为卫生检查人检查卫生区域3卫生（鸡舍、鸭舍、粉碎间及4#羽化箱）。',NULL,0.00,1,0,'',0,NULL,NULL,NULL,NULL,NULL,NULL,NULL,'2026-01-22 19:23:42','2026-01-22 19:23:42'),(16,37,'史志雨',22,'供卵（生产）','站长',77,'2026-01-22','作为卫生执行人打扫卫生区域3（研发部办公室（二）和会议室卫生及区域卫生。',NULL,0.00,NULL,0,'',0,NULL,NULL,NULL,NULL,NULL,NULL,NULL,'2026-01-22 19:23:45','2026-01-22 19:23:45'),(17,37,'史志雨',22,'供卵（生产）','站长',78,'2026-01-22','日常报饭。',NULL,0.00,NULL,0,'',0,NULL,NULL,NULL,NULL,NULL,NULL,NULL,'2026-01-22 19:23:47','2026-01-22 19:23:47'),(18,37,'史志雨',22,'供卵（生产）','站长',79,'2026-01-22','每周一更新部门周报（供卵生产<运行>）。',NULL,0.00,NULL,0,'',0,NULL,NULL,NULL,NULL,NULL,NULL,NULL,'2026-01-22 19:23:51','2026-01-22 19:23:51'),(19,37,'史志雨',22,'供卵（生产）','站长',80,'2026-01-22','做大虫、预蛹、虫蛹质量检测（每日一次体重）',NULL,0.00,NULL,0,'',0,NULL,NULL,NULL,NULL,NULL,NULL,NULL,'2026-01-22 19:23:54','2026-01-22 19:23:54'),(20,37,'史志雨',22,'供卵（生产）','站长',82,'2026-01-22','录入数据（供卵生产 <运行>）。',NULL,0.00,1,0,'',0,NULL,NULL,NULL,NULL,NULL,NULL,NULL,'2026-01-22 19:24:12','2026-01-22 19:24:12'),(21,37,'史志雨',22,'供卵（生产）','站长',83,'2026-01-22','供卵系统2026年01月产卵量单箱月均值达到250g/d。',NULL,0.00,1,0,'',0,NULL,NULL,NULL,NULL,NULL,NULL,NULL,'2026-01-22 19:41:08','2026-01-22 19:41:08'),(22,37,'史志雨',22,'供卵（生产）','站长',81,'2026-01-22','做大虫、预蛹、虫蛹质量检测（每月两次体长）',NULL,0.00,1,0,'',0,NULL,NULL,NULL,NULL,NULL,NULL,NULL,'2026-01-22 19:41:11','2026-01-22 19:41:11'),(23,37,'史志雨',22,'供卵（生产）','站长',84,'2026-01-22','每周一更新部门周报（研发用电量）。',NULL,0.00,1,0,'',0,NULL,NULL,NULL,NULL,NULL,NULL,NULL,'2026-01-22 19:41:15','2026-01-22 19:41:15'),(24,37,'史志雨',22,'供卵（生产）','站长',85,'2026-01-22','提供供卵成本基础数据。',NULL,0.00,1,0,'',0,NULL,NULL,NULL,NULL,NULL,NULL,NULL,'2026-01-22 19:41:18','2026-01-22 19:41:18'),(25,25,'张西海',22,'供卵（生产）','羽化 培养',10,'2026-01-22','按照《羽化 操作规程》进行投放虫蛹工作。',NULL,0.00,1,0,'',0,NULL,NULL,NULL,NULL,NULL,NULL,NULL,'2026-01-22 20:12:46','2026-01-22 20:12:46'),(26,28,'杨国利',23,'沃尔玛','垃圾处理',59,'2026-01-22','运输大虫到大虫加虫位置。',0.25,0.00,1,0,'',0,NULL,NULL,NULL,NULL,NULL,NULL,NULL,'2026-01-22 20:32:28','2026-01-22 20:32:28'),(27,28,'杨国利',23,'沃尔玛','垃圾处理',68,'2026-01-22','记录运行数据。',0.08,0.00,1,0,'',0,NULL,NULL,NULL,NULL,NULL,NULL,NULL,'2026-01-22 20:32:55','2026-01-22 20:32:55');
/*!40000 ALTER TABLE `position_work_logs` ENABLE KEYS */;
UNLOCK TABLES;

--
-- Table structure for table `price_management`
--

DROP TABLE IF EXISTS `price_management`;
/*!40101 SET @saved_cs_client     = @@character_set_client */;
/*!50503 SET character_set_client = utf8mb4 */;
CREATE TABLE `price_management` (
  `id` int NOT NULL AUTO_INCREMENT,
  `item_name` varchar(100) COLLATE utf8mb4_unicode_ci NOT NULL COMMENT '项目名称',
  `item_category` varchar(50) COLLATE utf8mb4_unicode_ci DEFAULT NULL COMMENT '类别',
  `specification` varchar(100) COLLATE utf8mb4_unicode_ci DEFAULT NULL,
  `unit` varchar(20) COLLATE utf8mb4_unicode_ci DEFAULT NULL,
  `unit_price` decimal(10,2) NOT NULL,
  `effective_date` date DEFAULT NULL,
  `status` enum('active','inactive') COLLATE utf8mb4_unicode_ci DEFAULT 'active',
  `created_by` int DEFAULT NULL,
  `created_at` datetime NOT NULL,
  `updated_at` datetime NOT NULL,
  PRIMARY KEY (`id`),
  KEY `price_management_item_category` (`item_category`),
  KEY `price_management_status` (`status`)
) ENGINE=InnoDB DEFAULT CHARSET=utf8mb4 COLLATE=utf8mb4_unicode_ci;
/*!40101 SET character_set_client = @saved_cs_client */;

--
-- Dumping data for table `price_management`
--

LOCK TABLES `price_management` WRITE;
/*!40000 ALTER TABLE `price_management` DISABLE KEYS */;
/*!40000 ALTER TABLE `price_management` ENABLE KEYS */;
UNLOCK TABLES;

--
-- Table structure for table `project_stations`
--

DROP TABLE IF EXISTS `project_stations`;
/*!40101 SET @saved_cs_client     = @@character_set_client */;
/*!50503 SET character_set_client = utf8mb4 */;
CREATE TABLE `project_stations` (
  `id` int NOT NULL AUTO_INCREMENT,
  `project_id` int NOT NULL,
  `station_id` int NOT NULL,
  `created_at` datetime DEFAULT CURRENT_TIMESTAMP,
  `updated_at` datetime DEFAULT CURRENT_TIMESTAMP ON UPDATE CURRENT_TIMESTAMP,
  PRIMARY KEY (`id`),
  UNIQUE KEY `uk_project_station` (`project_id`,`station_id`),
  KEY `station_id` (`station_id`),
  CONSTRAINT `project_stations_ibfk_1` FOREIGN KEY (`project_id`) REFERENCES `projects` (`id`),
  CONSTRAINT `project_stations_ibfk_2` FOREIGN KEY (`station_id`) REFERENCES `stations` (`id`)
) ENGINE=InnoDB AUTO_INCREMENT=2 DEFAULT CHARSET=utf8mb4 COLLATE=utf8mb4_0900_ai_ci COMMENT='é¡¹ç›®åœºç«™å…³è”è¡¨';
/*!40101 SET character_set_client = @saved_cs_client */;

--
-- Dumping data for table `project_stations`
--

LOCK TABLES `project_stations` WRITE;
/*!40000 ALTER TABLE `project_stations` DISABLE KEYS */;
INSERT INTO `project_stations` VALUES (1,1,1,'2026-01-10 21:12:45','2026-01-10 21:12:45');
/*!40000 ALTER TABLE `project_stations` ENABLE KEYS */;
UNLOCK TABLES;

--
-- Table structure for table `projects`
--

DROP TABLE IF EXISTS `projects`;
/*!40101 SET @saved_cs_client     = @@character_set_client */;
/*!50503 SET character_set_client = utf8mb4 */;
CREATE TABLE `projects` (
  `id` int NOT NULL AUTO_INCREMENT,
  `project_code` varchar(50) NOT NULL COMMENT 'é¡¹ç›®ç¼–ç ',
  `project_name` varchar(100) NOT NULL COMMENT 'é¡¹ç›®åç§°',
  `department_id` int DEFAULT NULL COMMENT 'æ‰€å±žéƒ¨é—¨ID',
  `address` varchar(200) DEFAULT NULL COMMENT 'åœ°å€',
  `status` enum('active','inactive') DEFAULT 'active',
  `created_at` datetime DEFAULT CURRENT_TIMESTAMP,
  `updated_at` datetime DEFAULT CURRENT_TIMESTAMP ON UPDATE CURRENT_TIMESTAMP,
  PRIMARY KEY (`id`),
  UNIQUE KEY `project_code` (`project_code`)
) ENGINE=InnoDB AUTO_INCREMENT=2 DEFAULT CHARSET=utf8mb4 COLLATE=utf8mb4_0900_ai_ci COMMENT='é¡¹ç›®è¡¨';
/*!40101 SET character_set_client = @saved_cs_client */;

--
-- Dumping data for table `projects`
--

LOCK TABLES `projects` WRITE;
/*!40000 ALTER TABLE `projects` DISABLE KEYS */;
INSERT INTO `projects` VALUES (1,'PROJ001','ç¤ºèŒƒé¡¹ç›®',NULL,'ç¤ºèŒƒåœ°å€','active','2026-01-10 21:12:45','2026-01-10 21:12:45');
/*!40000 ALTER TABLE `projects` ENABLE KEYS */;
UNLOCK TABLES;

--
-- Table structure for table `repair_records`
--

DROP TABLE IF EXISTS `repair_records`;
/*!40101 SET @saved_cs_client     = @@character_set_client */;
/*!50503 SET character_set_client = utf8mb4 */;
CREATE TABLE `repair_records` (
  `id` int NOT NULL AUTO_INCREMENT,
  `record_code` varchar(50) DEFAULT NULL COMMENT 'ç»´ä¿®å•å·',
  `fault_report_id` int NOT NULL COMMENT 'å…³è”æ•…éšœä¸ŠæŠ¥å•ID',
  `project_id` int NOT NULL,
  `station_id` int DEFAULT NULL,
  `equipment_code` varchar(50) DEFAULT NULL COMMENT 'è®¾å¤‡ç¼–å·',
  `equipment_name` varchar(100) DEFAULT NULL COMMENT 'è®¾å¤‡åç§°',
  `equipment_location` varchar(200) DEFAULT NULL COMMENT 'è®¾å¤‡ä½ç½®',
  `equipment_model` varchar(100) DEFAULT NULL COMMENT 'è®¾å¤‡åž‹å·',
  `fault_date` date DEFAULT NULL COMMENT 'æ•…éšœæ—¥æœŸ',
  `fault_time` time DEFAULT NULL COMMENT 'æ•…éšœæ—¶é—´',
  `fault_description` text COMMENT 'æ•…éšœæè¿°',
  `preliminary_judgment` text COMMENT 'æ•…éšœåˆæ­¥åˆ¤æ–­',
  `reporter_id` int DEFAULT NULL,
  `reporter_name` varchar(50) DEFAULT NULL,
  `report_date` date DEFAULT NULL,
  `report_time` time DEFAULT NULL,
  `urgency_level` enum('low','medium','high','critical') DEFAULT NULL COMMENT 'ç´§æ€¥ç¨‹åº¦',
  `repair_person_id` int DEFAULT NULL,
  `repair_person_name` varchar(50) DEFAULT NULL,
  `repair_assistant_name` varchar(50) DEFAULT NULL COMMENT 'ç»´ä¿®é…åˆäºº',
  `plan_repair_date` date DEFAULT NULL COMMENT 'è®¡åˆ’ç»´ä¿®æ—¥æœŸ',
  `plan_repair_end_date` date DEFAULT NULL COMMENT 'è®¡åˆ’ç»´ä¿®ç»“æŸæ—¥æœŸ',
  `plan_repair_time` time DEFAULT NULL COMMENT 'è®¡åˆ’ç»´ä¿®æ—¶é—´',
  `plan_repair_end_time` time DEFAULT NULL COMMENT 'è®¡åˆ’ç»´ä¿®ç»“æŸæ—¶é—´',
  `repair_start_date` date DEFAULT NULL,
  `repair_start_time` time DEFAULT NULL,
  `repair_end_date` date DEFAULT NULL,
  `repair_end_time` time DEFAULT NULL,
  `repair_content` text COMMENT 'ç»´ä¿®å†…å®¹æè¿°',
  `repair_tools` text COMMENT 'ç»´ä¿®å·¥å…·',
  `consumables_list` json DEFAULT NULL COMMENT 'ç»´ä¿®è€—ææ˜Žç»†',
  `consumables_total` decimal(10,2) DEFAULT '0.00' COMMENT 'è€—ææ€»é‡‘é¢',
  `parts_list` json DEFAULT NULL COMMENT 'æ›´æ¢é…ä»¶æ˜Žç»†',
  `parts_total` decimal(10,2) DEFAULT '0.00' COMMENT 'é…ä»¶æ€»é‡‘é¢',
  `repair_result` enum('normal','observe','unsolved') DEFAULT NULL COMMENT 'ç»´ä¿®ç»“æžœ',
  `observe_days` int DEFAULT NULL COMMENT 'å¾…è§‚å¯Ÿå¤©æ•°',
  `unsolved_reason` text COMMENT 'æœªè§£å†³åŽŸå› ',
  `verifier_id` int DEFAULT NULL COMMENT 'éªŒæ”¶äººID(ç«™é•¿)',
  `verifier_name` varchar(50) DEFAULT NULL,
  `verify_date` date DEFAULT NULL,
  `verify_time` time DEFAULT NULL,
  `verify_result` enum('pass','fail') DEFAULT NULL COMMENT 'éªŒæ”¶ç»“æžœ',
  `verify_attitude` varchar(50) DEFAULT NULL COMMENT 'ç»´ä¿®æ€åº¦',
  `verify_quality` varchar(50) DEFAULT NULL COMMENT 'ç»´ä¿®è´¨é‡',
  `verify_comment` text COMMENT 'éªŒæ”¶æ„è§',
  `rating` int DEFAULT NULL COMMENT 'è¯„ä»·æ˜Ÿçº§1-5',
  `rating_comment` text COMMENT 'è¯„ä»·å¤‡æ³¨',
  `archivist` varchar(50) DEFAULT NULL COMMENT 'å­˜æ¡£äººå‘˜',
  `archive_dept` varchar(50) DEFAULT NULL COMMENT 'å­˜æ¡£éƒ¨é—¨',
  `archive_date` date DEFAULT NULL,
  `status` enum('draft_report','submitted_report','dispatched','repairing','repaired_submitted','accepted','archived') DEFAULT 'draft_report' COMMENT 'çŠ¶æ€',
  `dispatch_by` int DEFAULT NULL COMMENT 'æ´¾å‘äººID(ç«™é•¿)',
  `dispatch_by_name` varchar(50) DEFAULT NULL,
  `dispatch_date` date DEFAULT NULL,
  `dispatch_time` time DEFAULT NULL,
  `dispatch_remark` text COMMENT 'æ´¾å‘å¤‡æ³¨',
  `work_hours` decimal(5,1) DEFAULT NULL COMMENT 'ç»´ä¿®å·¥æ—¶',
  `created_by` int DEFAULT NULL,
  `created_at` datetime DEFAULT CURRENT_TIMESTAMP,
  `updated_at` datetime DEFAULT CURRENT_TIMESTAMP ON UPDATE CURRENT_TIMESTAMP,
  PRIMARY KEY (`id`),
  UNIQUE KEY `record_code` (`record_code`),
  KEY `idx_repair_fault_report` (`fault_report_id`),
  KEY `idx_repair_person` (`repair_person_id`),
  KEY `idx_repair_status` (`status`),
  KEY `idx_repair_project_station` (`project_id`,`station_id`),
  KEY `repair_records_fault_report_id` (`fault_report_id`),
  KEY `repair_records_repair_person_id` (`repair_person_id`),
  KEY `repair_records_status` (`status`),
  KEY `repair_records_project_id_station_id` (`project_id`,`station_id`)
) ENGINE=InnoDB AUTO_INCREMENT=7 DEFAULT CHARSET=utf8mb4 COLLATE=utf8mb4_0900_ai_ci COMMENT='ç»´ä¿®è®°å½•è¡¨';
/*!40101 SET character_set_client = @saved_cs_client */;

--
-- Dumping data for table `repair_records`
--

LOCK TABLES `repair_records` WRITE;
/*!40000 ALTER TABLE `repair_records` DISABLE KEYS */;
INSERT INTO `repair_records` VALUES (1,'RR202601101549329J35',0,0,2,'gdghrh','fagertg','hsdf',NULL,'2026-01-10','23:49:00','','',5,'Test station_manager','2026-01-10','23:49:00','medium',4,'Test maintenance','','2026-01-09','2026-01-23',NULL,NULL,'2026-01-10','23:56:00','2026-01-10','23:56:00',NULL,NULL,'[]',0.00,'[]',0.00,'normal',NULL,NULL,NULL,NULL,NULL,NULL,NULL,NULL,NULL,NULL,NULL,NULL,NULL,NULL,NULL,'repaired_submitted',5,'Test station_manager','2026-01-10','23:49:00','',NULL,5,'2026-01-10 23:49:32','2026-01-10 23:56:30'),(2,'RR20260110155521ZX60',0,0,2,'gesry','gergs','gregr',NULL,'2026-01-10','23:55:00','','',3,'Test operator','2026-01-10','23:55:00','medium',NULL,NULL,NULL,NULL,NULL,NULL,NULL,NULL,NULL,NULL,NULL,NULL,NULL,NULL,0.00,NULL,0.00,NULL,NULL,NULL,NULL,NULL,NULL,NULL,NULL,NULL,NULL,NULL,NULL,NULL,NULL,NULL,NULL,'submitted_report',NULL,NULL,NULL,NULL,NULL,NULL,3,'2026-01-10 23:55:21','2026-01-10 23:55:21'),(3,'RR20260114125953Q7JH',0,0,17,'SJQ-004','磁性筛分机','厂区2',NULL,'2026-01-14','12:59:00','','',13,'王五','2026-01-14','12:59:00','medium',4,'维修1',NULL,'2026-01-14','2026-01-16','13:03:00','13:03:00',NULL,NULL,NULL,NULL,NULL,NULL,NULL,0.00,NULL,0.00,NULL,NULL,NULL,NULL,NULL,NULL,NULL,NULL,NULL,NULL,NULL,NULL,NULL,NULL,NULL,NULL,'dispatched',12,'李四','2026-01-14','13:04:00','',NULL,13,'2026-01-14 12:59:53','2026-01-14 13:04:05'),(4,'RR202601141300031Q50',0,0,17,'SJQ-003','微波消解仪','厂区3',NULL,'2026-01-14','12:59:00','','',13,'王五','2026-01-14','12:59:00','medium',4,'维修1',NULL,'2026-01-14','2026-01-15','13:01:00','13:01:00','2026-01-14','13:06:06',NULL,NULL,NULL,NULL,NULL,0.00,NULL,0.00,NULL,NULL,NULL,NULL,NULL,NULL,NULL,NULL,NULL,NULL,NULL,NULL,NULL,NULL,NULL,NULL,'repairing',12,'李四','2026-01-14','13:02:00','',NULL,13,'2026-01-14 13:00:03','2026-01-14 13:06:06'),(5,'RR20260114130012OFHQ',0,0,17,'SJQ-001','固液分离机','厂区1',NULL,'2026-01-14','13:00:00','','',13,'王五','2026-01-14','13:00:00','critical',4,'维修1',NULL,'2026-01-14','2026-01-14','13:01:00','15:01:00','2026-01-14','13:03:09','2026-01-14','13:05:00',NULL,NULL,'[]',0.00,'[]',0.00,'normal',NULL,NULL,NULL,NULL,NULL,NULL,NULL,NULL,NULL,NULL,NULL,NULL,NULL,NULL,NULL,'repaired_submitted',12,'李四','2026-01-14','13:01:00','',NULL,13,'2026-01-14 13:00:12','2026-01-14 13:05:11'),(6,'RR20260114130025WDTC',0,0,17,'SJQ-002','风力筛分机','厂区2',NULL,'2026-01-14','13:00:00','','',13,'王五','2026-01-14','13:00:00','high',NULL,NULL,NULL,NULL,NULL,NULL,NULL,NULL,NULL,NULL,NULL,NULL,NULL,NULL,0.00,NULL,0.00,NULL,NULL,NULL,NULL,NULL,NULL,NULL,NULL,NULL,NULL,NULL,NULL,NULL,NULL,NULL,NULL,'submitted_report',NULL,NULL,NULL,NULL,NULL,NULL,13,'2026-01-14 13:00:25','2026-01-14 13:00:25');
/*!40000 ALTER TABLE `repair_records` ENABLE KEYS */;
UNLOCK TABLES;

--
-- Table structure for table `role_permissions`
--

DROP TABLE IF EXISTS `role_permissions`;
/*!40101 SET @saved_cs_client     = @@character_set_client */;
/*!50503 SET character_set_client = utf8mb4 */;
CREATE TABLE `role_permissions` (
  `id` int NOT NULL AUTO_INCREMENT,
  `role_id` int NOT NULL,
  `permission_id` int NOT NULL,
  `created_at` datetime DEFAULT CURRENT_TIMESTAMP,
  PRIMARY KEY (`id`),
  UNIQUE KEY `uk_role_permission` (`role_id`,`permission_id`),
  UNIQUE KEY `role_permissions_role_id_permission_id` (`role_id`,`permission_id`),
  KEY `permission_id` (`permission_id`),
  CONSTRAINT `role_permissions_ibfk_1` FOREIGN KEY (`role_id`) REFERENCES `roles` (`id`),
  CONSTRAINT `role_permissions_ibfk_2` FOREIGN KEY (`permission_id`) REFERENCES `permissions` (`id`)
) ENGINE=InnoDB AUTO_INCREMENT=1182 DEFAULT CHARSET=utf8mb4 COLLATE=utf8mb4_0900_ai_ci COMMENT='è§’è‰²æƒé™å…³è”è¡¨';
/*!40101 SET character_set_client = @saved_cs_client */;

--
-- Dumping data for table `role_permissions`
--

LOCK TABLES `role_permissions` WRITE;
/*!40000 ALTER TABLE `role_permissions` DISABLE KEYS */;
INSERT INTO `role_permissions` VALUES (15,2,1,'2026-01-10 21:25:08'),(16,2,2,'2026-01-10 21:25:08'),(17,2,7,'2026-01-10 21:25:08'),(18,2,9,'2026-01-10 21:25:08'),(19,2,14,'2026-01-10 21:25:08'),(20,2,16,'2026-01-10 21:25:08'),(21,2,17,'2026-01-10 21:25:08'),(22,2,18,'2026-01-10 21:25:08'),(23,2,20,'2026-01-10 21:25:08'),(24,2,23,'2026-01-10 21:25:08'),(25,2,25,'2026-01-10 21:25:08'),(26,2,26,'2026-01-10 21:25:08'),(27,2,31,'2026-01-10 21:25:08'),(28,2,32,'2026-01-10 21:25:08'),(29,2,36,'2026-01-10 21:25:08'),(30,2,38,'2026-01-10 21:25:08'),(31,2,39,'2026-01-10 21:25:08'),(32,2,40,'2026-01-10 21:25:08'),(33,2,42,'2026-01-10 21:25:08'),(34,2,45,'2026-01-10 21:25:08'),(35,3,1,'2026-01-10 21:25:08'),(36,3,2,'2026-01-10 21:25:08'),(37,3,9,'2026-01-10 21:25:08'),(38,3,20,'2026-01-10 21:25:08'),(39,3,23,'2026-01-10 21:25:08'),(40,3,25,'2026-01-10 21:25:08'),(41,3,26,'2026-01-10 21:25:08'),(42,3,32,'2026-01-10 21:25:08'),(43,3,42,'2026-01-10 21:25:08'),(44,3,45,'2026-01-10 21:25:08'),(45,4,1,'2026-01-10 21:25:08'),(46,4,2,'2026-01-10 21:25:08'),(47,4,7,'2026-01-10 21:25:08'),(48,4,8,'2026-01-10 21:25:08'),(49,4,9,'2026-01-10 21:25:08'),(50,4,10,'2026-01-10 21:25:08'),(51,4,12,'2026-01-10 21:25:08'),(52,4,13,'2026-01-10 21:25:08'),(53,4,14,'2026-01-10 21:25:08'),(54,4,15,'2026-01-10 21:25:08'),(55,4,16,'2026-01-10 21:25:08'),(56,4,17,'2026-01-10 21:25:08'),(57,4,18,'2026-01-10 21:25:08'),(58,4,20,'2026-01-10 21:25:08'),(59,4,21,'2026-01-10 21:25:08'),(60,4,23,'2026-01-10 21:25:08'),(61,4,25,'2026-01-10 21:25:08'),(62,4,26,'2026-01-10 21:25:08'),(63,4,31,'2026-01-10 21:25:08'),(64,4,32,'2026-01-10 21:25:08'),(65,4,33,'2026-01-10 21:25:08'),(66,4,35,'2026-01-10 21:25:08'),(67,4,36,'2026-01-10 21:25:08'),(68,4,37,'2026-01-10 21:25:08'),(69,4,38,'2026-01-10 21:25:08'),(70,4,39,'2026-01-10 21:25:08'),(71,4,40,'2026-01-10 21:25:08'),(72,4,42,'2026-01-10 21:25:08'),(73,4,43,'2026-01-10 21:25:08'),(74,4,45,'2026-01-10 21:25:08'),(75,5,1,'2026-01-10 21:25:08'),(76,5,2,'2026-01-10 21:25:08'),(77,5,7,'2026-01-10 21:25:08'),(78,5,8,'2026-01-10 21:25:08'),(79,5,9,'2026-01-10 21:25:08'),(80,5,10,'2026-01-10 21:25:08'),(81,5,12,'2026-01-10 21:25:08'),(82,5,13,'2026-01-10 21:25:08'),(83,5,14,'2026-01-10 21:25:08'),(84,5,15,'2026-01-10 21:25:08'),(85,5,16,'2026-01-10 21:25:08'),(86,5,17,'2026-01-10 21:25:08'),(87,5,18,'2026-01-10 21:25:08'),(88,5,20,'2026-01-10 21:25:08'),(89,5,21,'2026-01-10 21:25:08'),(90,5,23,'2026-01-10 21:25:08'),(91,5,25,'2026-01-10 21:25:08'),(92,5,26,'2026-01-10 21:25:08'),(93,5,31,'2026-01-10 21:25:08'),(94,5,32,'2026-01-10 21:25:08'),(95,5,33,'2026-01-10 21:25:08'),(96,5,35,'2026-01-10 21:25:08'),(97,5,36,'2026-01-10 21:25:08'),(98,5,37,'2026-01-10 21:25:08'),(99,5,38,'2026-01-10 21:25:08'),(100,5,39,'2026-01-10 21:25:08'),(101,5,40,'2026-01-10 21:25:08'),(102,5,42,'2026-01-10 21:25:08'),(103,5,43,'2026-01-10 21:25:08'),(104,5,45,'2026-01-10 21:25:08'),(105,6,1,'2026-01-10 21:25:08'),(106,6,2,'2026-01-10 21:25:08'),(107,6,7,'2026-01-10 21:25:08'),(108,6,8,'2026-01-10 21:25:08'),(109,6,9,'2026-01-10 21:25:08'),(110,6,10,'2026-01-10 21:25:08'),(111,6,12,'2026-01-10 21:25:08'),(112,6,13,'2026-01-10 21:25:08'),(113,6,14,'2026-01-10 21:25:08'),(114,6,15,'2026-01-10 21:25:08'),(115,6,16,'2026-01-10 21:25:08'),(116,6,17,'2026-01-10 21:25:08'),(117,6,18,'2026-01-10 21:25:08'),(118,6,20,'2026-01-10 21:25:08'),(119,6,21,'2026-01-10 21:25:08'),(120,6,23,'2026-01-10 21:25:08'),(121,6,25,'2026-01-10 21:25:08'),(122,6,26,'2026-01-10 21:25:08'),(123,6,31,'2026-01-10 21:25:08'),(124,6,32,'2026-01-10 21:25:08'),(125,6,33,'2026-01-10 21:25:08'),(126,6,35,'2026-01-10 21:25:08'),(127,6,36,'2026-01-10 21:25:08'),(128,6,37,'2026-01-10 21:25:08'),(129,6,38,'2026-01-10 21:25:08'),(130,6,39,'2026-01-10 21:25:08'),(131,6,40,'2026-01-10 21:25:08'),(132,6,42,'2026-01-10 21:25:08'),(133,6,43,'2026-01-10 21:25:08'),(134,6,45,'2026-01-10 21:25:08'),(135,7,1,'2026-01-10 21:25:08'),(136,7,2,'2026-01-10 21:25:08'),(137,7,8,'2026-01-10 21:25:08'),(138,7,9,'2026-01-10 21:25:08'),(139,7,10,'2026-01-10 21:25:08'),(140,7,11,'2026-01-10 21:25:08'),(141,7,12,'2026-01-10 21:25:08'),(142,7,13,'2026-01-10 21:25:08'),(143,7,14,'2026-01-10 21:25:08'),(144,7,15,'2026-01-10 21:25:08'),(145,7,23,'2026-01-10 21:25:08'),(146,7,25,'2026-01-10 21:25:08'),(147,7,26,'2026-01-10 21:25:08'),(148,7,32,'2026-01-10 21:25:08'),(149,7,33,'2026-01-10 21:25:08'),(150,7,34,'2026-01-10 21:25:08'),(151,7,35,'2026-01-10 21:25:08'),(152,7,36,'2026-01-10 21:25:08'),(153,7,37,'2026-01-10 21:25:08'),(154,7,45,'2026-01-10 21:25:08'),(155,8,1,'2026-01-10 21:25:08'),(156,8,2,'2026-01-10 21:25:08'),(157,8,7,'2026-01-10 21:25:08'),(158,8,8,'2026-01-10 21:25:08'),(159,8,9,'2026-01-10 21:25:08'),(160,8,10,'2026-01-10 21:25:08'),(161,8,12,'2026-01-10 21:25:08'),(162,8,13,'2026-01-10 21:25:08'),(163,8,14,'2026-01-10 21:25:08'),(164,8,15,'2026-01-10 21:25:08'),(165,8,16,'2026-01-10 21:25:08'),(166,8,17,'2026-01-10 21:25:08'),(167,8,18,'2026-01-10 21:25:08'),(168,8,20,'2026-01-10 21:25:08'),(169,8,21,'2026-01-10 21:25:08'),(170,8,23,'2026-01-10 21:25:08'),(171,8,25,'2026-01-10 21:25:08'),(172,8,26,'2026-01-10 21:25:08'),(173,8,31,'2026-01-10 21:25:08'),(174,8,32,'2026-01-10 21:25:08'),(175,8,33,'2026-01-10 21:25:08'),(176,8,35,'2026-01-10 21:25:08'),(177,8,36,'2026-01-10 21:25:08'),(178,8,37,'2026-01-10 21:25:08'),(179,8,38,'2026-01-10 21:25:08'),(180,8,39,'2026-01-10 21:25:08'),(181,8,40,'2026-01-10 21:25:08'),(182,8,42,'2026-01-10 21:25:08'),(183,8,43,'2026-01-10 21:25:08'),(184,8,45,'2026-01-10 21:25:08'),(185,9,1,'2026-01-10 21:25:08'),(186,9,2,'2026-01-10 21:25:08'),(187,9,19,'2026-01-10 21:25:08'),(188,9,20,'2026-01-10 21:25:08'),(189,9,21,'2026-01-10 21:25:08'),(190,9,23,'2026-01-10 21:25:08'),(191,9,25,'2026-01-10 21:25:08'),(192,9,26,'2026-01-10 21:25:08'),(193,9,41,'2026-01-10 21:25:08'),(194,9,42,'2026-01-10 21:25:08'),(195,9,43,'2026-01-10 21:25:08'),(196,9,45,'2026-01-10 21:25:08'),(199,2,48,'2026-01-17 15:39:36'),(200,2,50,'2026-01-17 15:39:36'),(201,3,48,'2026-01-17 15:39:36'),(202,3,50,'2026-01-17 15:39:36'),(203,4,47,'2026-01-17 15:39:36'),(204,4,48,'2026-01-17 15:39:36'),(205,4,49,'2026-01-17 15:39:36'),(206,4,50,'2026-01-17 15:39:36'),(207,5,47,'2026-01-17 15:39:36'),(208,5,48,'2026-01-17 15:39:36'),(209,5,49,'2026-01-17 15:39:36'),(210,5,50,'2026-01-17 15:39:36'),(211,6,47,'2026-01-17 15:39:36'),(212,6,48,'2026-01-17 15:39:36'),(213,6,49,'2026-01-17 15:39:36'),(214,6,50,'2026-01-17 15:39:36'),(215,7,47,'2026-01-17 15:39:36'),(216,7,49,'2026-01-17 15:39:36'),(217,8,47,'2026-01-17 15:39:36'),(218,8,48,'2026-01-17 15:39:36'),(219,8,49,'2026-01-17 15:39:36'),(220,8,50,'2026-01-17 15:39:36'),(221,9,48,'2026-01-17 15:39:36'),(222,9,50,'2026-01-17 15:39:36'),(239,2,63,'2026-01-18 13:04:52'),(240,2,65,'2026-01-18 13:04:52'),(241,2,66,'2026-01-18 13:04:52'),(242,2,73,'2026-01-18 13:04:52'),(243,2,74,'2026-01-18 13:04:52'),(244,2,77,'2026-01-18 13:04:52'),(245,2,78,'2026-01-18 13:04:52'),(246,2,79,'2026-01-18 13:04:52'),(247,2,80,'2026-01-18 13:04:52'),(248,2,81,'2026-01-18 13:04:52'),(249,2,82,'2026-01-18 13:04:52'),(250,2,83,'2026-01-18 13:04:52'),(251,2,84,'2026-01-18 13:04:52'),(252,2,91,'2026-01-18 13:04:52'),(253,2,93,'2026-01-18 13:04:52'),(254,2,94,'2026-01-18 13:04:52'),(255,3,84,'2026-01-18 13:04:52'),(256,3,83,'2026-01-18 13:04:52'),(257,3,82,'2026-01-18 13:04:52'),(258,3,81,'2026-01-18 13:04:52'),(259,3,94,'2026-01-18 13:04:52'),(260,3,93,'2026-01-18 13:04:52'),(261,3,91,'2026-01-18 13:04:52'),(262,3,66,'2026-01-18 13:04:52'),(263,3,65,'2026-01-18 13:04:52'),(264,4,63,'2026-01-18 13:04:52'),(265,4,64,'2026-01-18 13:04:52'),(266,4,65,'2026-01-18 13:04:52'),(267,4,66,'2026-01-18 13:04:52'),(268,4,67,'2026-01-18 13:04:52'),(269,4,68,'2026-01-18 13:04:52'),(270,4,71,'2026-01-18 13:04:52'),(271,4,72,'2026-01-18 13:04:52'),(272,4,73,'2026-01-18 13:04:52'),(273,4,74,'2026-01-18 13:04:52'),(274,4,75,'2026-01-18 13:04:52'),(275,4,76,'2026-01-18 13:04:52'),(276,4,77,'2026-01-18 13:04:52'),(277,4,78,'2026-01-18 13:04:52'),(278,4,79,'2026-01-18 13:04:52'),(279,4,80,'2026-01-18 13:04:52'),(280,4,81,'2026-01-18 13:04:52'),(281,4,82,'2026-01-18 13:04:52'),(282,4,83,'2026-01-18 13:04:52'),(283,4,84,'2026-01-18 13:04:52'),(284,4,85,'2026-01-18 13:04:52'),(285,4,87,'2026-01-18 13:04:52'),(286,4,91,'2026-01-18 13:04:52'),(287,4,92,'2026-01-18 13:04:52'),(288,4,93,'2026-01-18 13:04:52'),(289,4,94,'2026-01-18 13:04:52'),(290,5,63,'2026-01-18 13:04:52'),(291,5,64,'2026-01-18 13:04:52'),(292,5,65,'2026-01-18 13:04:52'),(293,5,66,'2026-01-18 13:04:52'),(294,5,67,'2026-01-18 13:04:52'),(295,5,68,'2026-01-18 13:04:52'),(296,5,71,'2026-01-18 13:04:52'),(297,5,72,'2026-01-18 13:04:52'),(298,5,73,'2026-01-18 13:04:52'),(299,5,74,'2026-01-18 13:04:52'),(300,5,75,'2026-01-18 13:04:52'),(301,5,76,'2026-01-18 13:04:52'),(302,5,77,'2026-01-18 13:04:52'),(303,5,78,'2026-01-18 13:04:52'),(304,5,79,'2026-01-18 13:04:52'),(305,5,80,'2026-01-18 13:04:52'),(306,5,81,'2026-01-18 13:04:52'),(307,5,82,'2026-01-18 13:04:52'),(308,5,83,'2026-01-18 13:04:52'),(309,5,84,'2026-01-18 13:04:52'),(310,5,85,'2026-01-18 13:04:52'),(311,5,87,'2026-01-18 13:04:52'),(312,5,91,'2026-01-18 13:04:52'),(313,5,92,'2026-01-18 13:04:52'),(314,5,93,'2026-01-18 13:04:52'),(315,5,94,'2026-01-18 13:04:52'),(316,6,63,'2026-01-18 13:04:52'),(317,6,64,'2026-01-18 13:04:52'),(318,6,65,'2026-01-18 13:04:52'),(319,6,66,'2026-01-18 13:04:52'),(320,6,67,'2026-01-18 13:04:52'),(321,6,68,'2026-01-18 13:04:52'),(322,6,71,'2026-01-18 13:04:52'),(323,6,72,'2026-01-18 13:04:52'),(324,6,73,'2026-01-18 13:04:52'),(325,6,74,'2026-01-18 13:04:52'),(326,6,75,'2026-01-18 13:04:52'),(327,6,76,'2026-01-18 13:04:52'),(328,6,77,'2026-01-18 13:04:52'),(329,6,78,'2026-01-18 13:04:52'),(330,6,79,'2026-01-18 13:04:52'),(331,6,80,'2026-01-18 13:04:52'),(332,6,81,'2026-01-18 13:04:52'),(333,6,82,'2026-01-18 13:04:52'),(334,6,83,'2026-01-18 13:04:52'),(335,6,84,'2026-01-18 13:04:52'),(336,6,85,'2026-01-18 13:04:52'),(337,6,87,'2026-01-18 13:04:52'),(338,6,91,'2026-01-18 13:04:52'),(339,6,92,'2026-01-18 13:04:52'),(340,6,93,'2026-01-18 13:04:52'),(341,6,94,'2026-01-18 13:04:52'),(342,7,65,'2026-01-18 13:04:52'),(343,7,66,'2026-01-18 13:04:52'),(344,7,67,'2026-01-18 13:04:52'),(345,7,68,'2026-01-18 13:04:52'),(346,7,69,'2026-01-18 13:04:52'),(347,7,70,'2026-01-18 13:04:52'),(348,7,71,'2026-01-18 13:04:52'),(349,7,72,'2026-01-18 13:04:52'),(350,7,73,'2026-01-18 13:04:52'),(351,7,75,'2026-01-18 13:04:52'),(352,7,85,'2026-01-18 13:04:52'),(353,7,91,'2026-01-18 13:04:52'),(354,7,93,'2026-01-18 13:04:52'),(355,7,94,'2026-01-18 13:04:52'),(356,8,63,'2026-01-18 13:04:52'),(357,8,65,'2026-01-18 13:04:52'),(358,8,67,'2026-01-18 13:04:52'),(359,8,71,'2026-01-18 13:04:52'),(360,8,73,'2026-01-18 13:04:52'),(361,8,75,'2026-01-18 13:04:52'),(362,8,77,'2026-01-18 13:04:52'),(363,8,79,'2026-01-18 13:04:52'),(364,8,81,'2026-01-18 13:04:52'),(365,8,83,'2026-01-18 13:04:52'),(366,8,85,'2026-01-18 13:04:52'),(367,8,87,'2026-01-18 13:04:52'),(368,8,91,'2026-01-18 13:04:52'),(369,8,93,'2026-01-18 13:04:52'),(370,8,94,'2026-01-18 13:04:52'),(371,9,81,'2026-01-18 13:04:52'),(372,9,94,'2026-01-18 13:04:52'),(373,9,93,'2026-01-18 13:04:52'),(374,9,91,'2026-01-18 13:04:52'),(375,9,87,'2026-01-18 13:04:52'),(376,2,96,'2026-01-18 21:37:34'),(377,2,97,'2026-01-18 21:37:34'),(378,2,98,'2026-01-18 21:37:34'),(379,2,99,'2026-01-18 21:37:34'),(380,2,100,'2026-01-18 21:37:34'),(381,2,101,'2026-01-18 21:37:34'),(382,2,102,'2026-01-18 21:37:34'),(383,2,103,'2026-01-18 21:37:34'),(384,2,110,'2026-01-18 21:37:34'),(385,2,111,'2026-01-18 21:37:34'),(386,2,112,'2026-01-18 21:37:34'),(387,2,113,'2026-01-18 21:37:34'),(388,2,114,'2026-01-18 21:37:34'),(389,2,115,'2026-01-18 21:37:34'),(390,2,116,'2026-01-18 21:37:34'),(391,2,117,'2026-01-18 21:37:34'),(392,2,118,'2026-01-18 21:37:34'),(393,2,119,'2026-01-18 21:37:34'),(394,2,120,'2026-01-18 21:37:34'),(395,2,121,'2026-01-18 21:37:34'),(396,2,122,'2026-01-18 21:37:34'),(397,2,123,'2026-01-18 21:37:34'),(398,2,124,'2026-01-18 21:37:34'),(399,2,125,'2026-01-18 21:37:34'),(400,2,126,'2026-01-18 21:37:34'),(401,2,127,'2026-01-18 21:37:34'),(402,2,128,'2026-01-18 21:37:34'),(403,2,129,'2026-01-18 21:37:34'),(404,2,130,'2026-01-18 21:37:34'),(405,2,131,'2026-01-18 21:37:34'),(406,3,96,'2026-01-18 21:37:35'),(407,3,97,'2026-01-18 21:37:35'),(408,3,98,'2026-01-18 21:37:35'),(409,3,99,'2026-01-18 21:37:35'),(410,3,118,'2026-01-18 21:37:35'),(411,3,119,'2026-01-18 21:37:35'),(412,3,120,'2026-01-18 21:37:35'),(413,3,121,'2026-01-18 21:37:35'),(414,3,122,'2026-01-18 21:37:35'),(415,3,123,'2026-01-18 21:37:35'),(416,3,124,'2026-01-18 21:37:35'),(417,3,125,'2026-01-18 21:37:35'),(418,3,126,'2026-01-18 21:37:35'),(419,3,127,'2026-01-18 21:37:35'),(420,3,128,'2026-01-18 21:37:35'),(421,3,129,'2026-01-18 21:37:35'),(422,3,130,'2026-01-18 21:37:35'),(423,3,131,'2026-01-18 21:37:35'),(424,3,138,'2026-01-18 21:37:35'),(425,3,139,'2026-01-18 21:37:35'),(426,3,140,'2026-01-18 21:37:35'),(427,3,141,'2026-01-18 21:37:35'),(428,3,142,'2026-01-18 21:37:35'),(429,3,143,'2026-01-18 21:37:35'),(430,4,96,'2026-01-18 21:37:35'),(431,4,97,'2026-01-18 21:37:35'),(432,4,98,'2026-01-18 21:37:35'),(433,4,99,'2026-01-18 21:37:35'),(434,4,100,'2026-01-18 21:37:35'),(435,4,101,'2026-01-18 21:37:35'),(436,4,102,'2026-01-18 21:37:35'),(437,4,103,'2026-01-18 21:37:35'),(438,4,104,'2026-01-18 21:37:35'),(439,4,105,'2026-01-18 21:37:35'),(440,4,106,'2026-01-18 21:37:35'),(441,4,107,'2026-01-18 21:37:35'),(442,4,108,'2026-01-18 21:37:35'),(443,4,109,'2026-01-18 21:37:35'),(444,4,110,'2026-01-18 21:37:35'),(445,4,111,'2026-01-18 21:37:35'),(446,4,112,'2026-01-18 21:37:35'),(447,4,113,'2026-01-18 21:37:35'),(448,4,114,'2026-01-18 21:37:35'),(449,4,115,'2026-01-18 21:37:35'),(450,4,116,'2026-01-18 21:37:35'),(451,4,117,'2026-01-18 21:37:35'),(452,4,118,'2026-01-18 21:37:35'),(453,4,119,'2026-01-18 21:37:35'),(454,4,120,'2026-01-18 21:37:35'),(455,4,121,'2026-01-18 21:37:35'),(456,4,122,'2026-01-18 21:37:35'),(457,4,123,'2026-01-18 21:37:35'),(458,4,124,'2026-01-18 21:37:35'),(459,4,125,'2026-01-18 21:37:35'),(460,4,126,'2026-01-18 21:37:35'),(461,4,127,'2026-01-18 21:37:35'),(462,4,128,'2026-01-18 21:37:35'),(463,4,129,'2026-01-18 21:37:35'),(464,4,130,'2026-01-18 21:37:35'),(465,4,131,'2026-01-18 21:37:35'),(466,4,133,'2026-01-18 21:37:35'),(467,4,134,'2026-01-18 21:37:35'),(468,4,135,'2026-01-18 21:37:35'),(469,4,136,'2026-01-18 21:37:35'),(470,4,138,'2026-01-18 21:37:35'),(471,4,139,'2026-01-18 21:37:35'),(472,4,140,'2026-01-18 21:37:35'),(473,4,141,'2026-01-18 21:37:35'),(474,4,142,'2026-01-18 21:37:35'),(475,4,143,'2026-01-18 21:37:35'),(476,4,145,'2026-01-18 21:37:35'),(477,4,146,'2026-01-18 21:37:35'),(478,4,147,'2026-01-18 21:37:35'),(479,4,148,'2026-01-18 21:37:35'),(480,4,149,'2026-01-18 21:37:35'),(481,4,150,'2026-01-18 21:37:35'),(482,4,151,'2026-01-18 21:37:35'),(483,4,152,'2026-01-18 21:37:35'),(484,4,153,'2026-01-18 21:37:35'),(485,4,154,'2026-01-18 21:37:35'),(486,5,96,'2026-01-18 21:37:35'),(487,5,97,'2026-01-18 21:37:35'),(488,5,98,'2026-01-18 21:37:35'),(489,5,99,'2026-01-18 21:37:35'),(490,5,100,'2026-01-18 21:37:35'),(491,5,101,'2026-01-18 21:37:35'),(492,5,102,'2026-01-18 21:37:35'),(493,5,103,'2026-01-18 21:37:35'),(494,5,104,'2026-01-18 21:37:35'),(495,5,105,'2026-01-18 21:37:35'),(496,5,106,'2026-01-18 21:37:35'),(497,5,107,'2026-01-18 21:37:35'),(498,5,108,'2026-01-18 21:37:35'),(499,5,109,'2026-01-18 21:37:35'),(500,5,110,'2026-01-18 21:37:35'),(501,5,111,'2026-01-18 21:37:35'),(502,5,112,'2026-01-18 21:37:35'),(503,5,113,'2026-01-18 21:37:35'),(504,5,114,'2026-01-18 21:37:35'),(505,5,115,'2026-01-18 21:37:35'),(506,5,116,'2026-01-18 21:37:35'),(507,5,117,'2026-01-18 21:37:35'),(508,5,118,'2026-01-18 21:37:35'),(509,5,119,'2026-01-18 21:37:35'),(510,5,120,'2026-01-18 21:37:35'),(511,5,121,'2026-01-18 21:37:35'),(512,5,122,'2026-01-18 21:37:35'),(513,5,123,'2026-01-18 21:37:35'),(514,5,124,'2026-01-18 21:37:35'),(515,5,125,'2026-01-18 21:37:35'),(516,5,126,'2026-01-18 21:37:35'),(517,5,127,'2026-01-18 21:37:35'),(518,5,128,'2026-01-18 21:37:35'),(519,5,129,'2026-01-18 21:37:35'),(520,5,130,'2026-01-18 21:37:35'),(521,5,131,'2026-01-18 21:37:35'),(522,5,133,'2026-01-18 21:37:35'),(523,5,134,'2026-01-18 21:37:35'),(524,5,135,'2026-01-18 21:37:35'),(525,5,136,'2026-01-18 21:37:35'),(526,5,138,'2026-01-18 21:37:35'),(527,5,139,'2026-01-18 21:37:35'),(528,5,140,'2026-01-18 21:37:35'),(529,5,141,'2026-01-18 21:37:35'),(530,5,142,'2026-01-18 21:37:35'),(531,5,143,'2026-01-18 21:37:35'),(532,5,145,'2026-01-18 21:37:35'),(533,5,146,'2026-01-18 21:37:35'),(534,5,147,'2026-01-18 21:37:35'),(535,5,148,'2026-01-18 21:37:35'),(536,5,149,'2026-01-18 21:37:35'),(537,5,150,'2026-01-18 21:37:35'),(538,5,151,'2026-01-18 21:37:35'),(539,5,152,'2026-01-18 21:37:35'),(540,5,153,'2026-01-18 21:37:35'),(541,5,154,'2026-01-18 21:37:35'),(542,6,96,'2026-01-18 21:37:35'),(543,6,97,'2026-01-18 21:37:35'),(544,6,98,'2026-01-18 21:37:35'),(545,6,99,'2026-01-18 21:37:35'),(546,6,100,'2026-01-18 21:37:35'),(547,6,101,'2026-01-18 21:37:35'),(548,6,102,'2026-01-18 21:37:35'),(549,6,103,'2026-01-18 21:37:35'),(550,6,104,'2026-01-18 21:37:35'),(551,6,105,'2026-01-18 21:37:35'),(552,6,106,'2026-01-18 21:37:35'),(553,6,107,'2026-01-18 21:37:35'),(554,6,108,'2026-01-18 21:37:35'),(555,6,109,'2026-01-18 21:37:35'),(556,6,110,'2026-01-18 21:37:35'),(557,6,111,'2026-01-18 21:37:35'),(558,6,112,'2026-01-18 21:37:35'),(559,6,113,'2026-01-18 21:37:35'),(560,6,114,'2026-01-18 21:37:35'),(561,6,115,'2026-01-18 21:37:35'),(562,6,116,'2026-01-18 21:37:35'),(563,6,117,'2026-01-18 21:37:35'),(564,6,118,'2026-01-18 21:37:35'),(565,6,119,'2026-01-18 21:37:35'),(566,6,120,'2026-01-18 21:37:35'),(567,6,121,'2026-01-18 21:37:35'),(568,6,122,'2026-01-18 21:37:35'),(569,6,123,'2026-01-18 21:37:35'),(570,6,124,'2026-01-18 21:37:35'),(571,6,125,'2026-01-18 21:37:35'),(572,6,126,'2026-01-18 21:37:35'),(573,6,127,'2026-01-18 21:37:35'),(574,6,128,'2026-01-18 21:37:35'),(575,6,129,'2026-01-18 21:37:35'),(576,6,130,'2026-01-18 21:37:35'),(577,6,131,'2026-01-18 21:37:35'),(578,6,133,'2026-01-18 21:37:35'),(579,6,134,'2026-01-18 21:37:35'),(580,6,135,'2026-01-18 21:37:35'),(581,6,136,'2026-01-18 21:37:35'),(582,6,138,'2026-01-18 21:37:35'),(583,6,139,'2026-01-18 21:37:35'),(584,6,140,'2026-01-18 21:37:35'),(585,6,141,'2026-01-18 21:37:35'),(586,6,142,'2026-01-18 21:37:35'),(587,6,143,'2026-01-18 21:37:35'),(588,6,145,'2026-01-18 21:37:35'),(589,6,146,'2026-01-18 21:37:35'),(590,6,147,'2026-01-18 21:37:35'),(591,6,148,'2026-01-18 21:37:35'),(592,6,149,'2026-01-18 21:37:35'),(593,6,150,'2026-01-18 21:37:35'),(594,6,151,'2026-01-18 21:37:35'),(595,6,152,'2026-01-18 21:37:35'),(596,6,153,'2026-01-18 21:37:35'),(597,6,154,'2026-01-18 21:37:35'),(598,7,96,'2026-01-18 21:37:35'),(599,7,97,'2026-01-18 21:37:35'),(600,7,98,'2026-01-18 21:37:35'),(601,7,99,'2026-01-18 21:37:35'),(602,7,100,'2026-01-18 21:37:35'),(603,7,101,'2026-01-18 21:37:35'),(604,7,102,'2026-01-18 21:37:35'),(605,7,103,'2026-01-18 21:37:35'),(606,7,104,'2026-01-18 21:37:35'),(607,7,105,'2026-01-18 21:37:35'),(608,7,106,'2026-01-18 21:37:35'),(609,7,107,'2026-01-18 21:37:35'),(610,7,108,'2026-01-18 21:37:35'),(611,7,109,'2026-01-18 21:37:35'),(612,8,96,'2026-01-18 21:37:35'),(613,8,97,'2026-01-18 21:37:35'),(614,8,98,'2026-01-18 21:37:35'),(615,8,99,'2026-01-18 21:37:35'),(616,8,100,'2026-01-18 21:37:35'),(617,8,101,'2026-01-18 21:37:35'),(618,8,102,'2026-01-18 21:37:35'),(619,8,103,'2026-01-18 21:37:35'),(620,8,104,'2026-01-18 21:37:35'),(621,8,105,'2026-01-18 21:37:35'),(622,8,106,'2026-01-18 21:37:35'),(623,8,107,'2026-01-18 21:37:35'),(624,8,108,'2026-01-18 21:37:35'),(625,8,109,'2026-01-18 21:37:35'),(626,8,110,'2026-01-18 21:37:35'),(627,8,111,'2026-01-18 21:37:35'),(628,8,112,'2026-01-18 21:37:35'),(629,8,113,'2026-01-18 21:37:35'),(630,8,114,'2026-01-18 21:37:35'),(631,8,115,'2026-01-18 21:37:35'),(632,8,116,'2026-01-18 21:37:35'),(633,8,117,'2026-01-18 21:37:35'),(634,8,118,'2026-01-18 21:37:35'),(635,8,119,'2026-01-18 21:37:35'),(636,8,120,'2026-01-18 21:37:35'),(637,8,121,'2026-01-18 21:37:35'),(638,8,122,'2026-01-18 21:37:35'),(639,8,123,'2026-01-18 21:37:35'),(640,8,124,'2026-01-18 21:37:35'),(641,8,125,'2026-01-18 21:37:35'),(642,8,126,'2026-01-18 21:37:35'),(643,8,127,'2026-01-18 21:37:35'),(644,8,128,'2026-01-18 21:37:35'),(645,8,129,'2026-01-18 21:37:35'),(646,8,130,'2026-01-18 21:37:35'),(647,8,131,'2026-01-18 21:37:35'),(648,8,133,'2026-01-18 21:37:35'),(649,8,134,'2026-01-18 21:37:35'),(650,8,135,'2026-01-18 21:37:35'),(651,8,136,'2026-01-18 21:37:35'),(652,8,138,'2026-01-18 21:37:35'),(653,8,139,'2026-01-18 21:37:35'),(654,8,140,'2026-01-18 21:37:35'),(655,8,141,'2026-01-18 21:37:35'),(656,8,142,'2026-01-18 21:37:35'),(657,8,143,'2026-01-18 21:37:35'),(658,8,151,'2026-01-18 21:37:35'),(659,8,152,'2026-01-18 21:37:35'),(660,8,153,'2026-01-18 21:37:35'),(661,8,154,'2026-01-18 21:37:35'),(662,9,119,'2026-01-18 21:37:35'),(663,9,118,'2026-01-18 21:37:35'),(664,9,121,'2026-01-18 21:37:35'),(665,9,120,'2026-01-18 21:37:35'),(666,9,123,'2026-01-18 21:37:35'),(667,9,122,'2026-01-18 21:37:35'),(668,9,125,'2026-01-18 21:37:35'),(669,9,124,'2026-01-18 21:37:35'),(670,9,127,'2026-01-18 21:37:35'),(671,9,126,'2026-01-18 21:37:35'),(672,9,154,'2026-01-18 21:37:35'),(673,9,153,'2026-01-18 21:37:35'),(674,9,152,'2026-01-18 21:37:35'),(675,9,151,'2026-01-18 21:37:35'),(710,1,1,'2026-01-19 17:14:33'),(711,1,2,'2026-01-19 17:14:33'),(712,1,3,'2026-01-19 17:14:33'),(713,1,4,'2026-01-19 17:14:33'),(714,1,5,'2026-01-19 17:14:33'),(715,1,6,'2026-01-19 17:14:33'),(716,1,23,'2026-01-19 17:14:33'),(717,1,47,'2026-01-19 17:14:33'),(718,1,25,'2026-01-19 17:14:33'),(719,1,26,'2026-01-19 17:14:33'),(720,1,27,'2026-01-19 17:14:33'),(721,1,28,'2026-01-19 17:14:33'),(722,1,29,'2026-01-19 17:14:33'),(723,1,30,'2026-01-19 17:14:33'),(724,1,45,'2026-01-19 17:14:33'),(725,1,49,'2026-01-19 17:14:33'),(726,1,50,'2026-01-19 17:14:33'),(727,1,52,'2026-01-19 17:14:33'),(728,1,53,'2026-01-19 17:14:33'),(729,1,54,'2026-01-19 17:14:33'),(730,1,55,'2026-01-19 17:14:33'),(731,1,56,'2026-01-19 17:14:33'),(732,1,57,'2026-01-19 17:14:33'),(733,1,58,'2026-01-19 17:14:33'),(734,1,59,'2026-01-19 17:14:33'),(735,1,61,'2026-01-19 17:14:33'),(736,1,62,'2026-01-19 17:14:33'),(737,1,85,'2026-01-19 17:14:33'),(738,1,86,'2026-01-19 17:14:33'),(739,1,91,'2026-01-19 17:14:33'),(740,1,92,'2026-01-19 17:14:33'),(741,1,93,'2026-01-19 17:14:33'),(742,1,94,'2026-01-19 17:14:33'),(743,1,155,'2026-01-19 18:30:20'),(744,1,156,'2026-01-19 18:30:20'),(745,4,155,'2026-01-19 18:30:20'),(746,4,156,'2026-01-19 18:30:20'),(747,5,155,'2026-01-19 18:30:20'),(748,5,156,'2026-01-19 18:30:20'),(749,6,155,'2026-01-19 18:30:20'),(750,6,156,'2026-01-19 18:30:20'),(751,7,155,'2026-01-19 18:30:20'),(752,7,156,'2026-01-19 18:30:20'),(753,8,155,'2026-01-19 18:30:20'),(754,8,156,'2026-01-19 18:30:20'),(755,4,157,'2026-01-20 16:54:56'),(756,5,157,'2026-01-20 16:54:56'),(757,6,157,'2026-01-20 16:54:56'),(758,7,157,'2026-01-20 16:54:56'),(759,8,157,'2026-01-20 16:54:56'),(1031,10,1,'2026-01-23 11:18:18'),(1032,10,2,'2026-01-23 11:18:18'),(1033,10,3,'2026-01-23 11:18:18'),(1034,10,4,'2026-01-23 11:18:18'),(1035,10,5,'2026-01-23 11:18:18'),(1036,10,6,'2026-01-23 11:18:18'),(1037,10,7,'2026-01-23 11:18:18'),(1038,10,8,'2026-01-23 11:18:18'),(1039,10,9,'2026-01-23 11:18:18'),(1040,10,10,'2026-01-23 11:18:18'),(1041,10,11,'2026-01-23 11:18:18'),(1042,10,12,'2026-01-23 11:18:18'),(1043,10,13,'2026-01-23 11:18:18'),(1044,10,14,'2026-01-23 11:18:18'),(1045,10,15,'2026-01-23 11:18:18'),(1046,10,157,'2026-01-23 11:18:18'),(1047,10,16,'2026-01-23 11:18:18'),(1048,10,17,'2026-01-23 11:18:18'),(1049,10,18,'2026-01-23 11:18:18'),(1050,10,19,'2026-01-23 11:18:18'),(1051,10,20,'2026-01-23 11:18:18'),(1052,10,21,'2026-01-23 11:18:18'),(1053,10,22,'2026-01-23 11:18:18'),(1054,10,23,'2026-01-23 11:18:18'),(1055,10,24,'2026-01-23 11:18:18'),(1056,10,47,'2026-01-23 11:18:18'),(1057,10,48,'2026-01-23 11:18:18'),(1058,10,155,'2026-01-23 11:18:18'),(1059,10,156,'2026-01-23 11:18:18'),(1060,10,25,'2026-01-23 11:18:18'),(1061,10,26,'2026-01-23 11:18:18'),(1062,10,27,'2026-01-23 11:18:18'),(1063,10,28,'2026-01-23 11:18:18'),(1064,10,31,'2026-01-23 11:18:18'),(1065,10,32,'2026-01-23 11:18:18'),(1066,10,33,'2026-01-23 11:18:18'),(1067,10,34,'2026-01-23 11:18:18'),(1068,10,35,'2026-01-23 11:18:18'),(1069,10,36,'2026-01-23 11:18:18'),(1070,10,37,'2026-01-23 11:18:18'),(1071,10,38,'2026-01-23 11:18:18'),(1072,10,39,'2026-01-23 11:18:18'),(1073,10,40,'2026-01-23 11:18:18'),(1074,10,42,'2026-01-23 11:18:18'),(1075,10,43,'2026-01-23 11:18:18'),(1076,10,44,'2026-01-23 11:18:18'),(1077,10,45,'2026-01-23 11:18:18'),(1078,10,46,'2026-01-23 11:18:18'),(1079,10,49,'2026-01-23 11:18:18'),(1080,10,50,'2026-01-23 11:18:18'),(1081,10,52,'2026-01-23 11:18:18'),(1082,10,53,'2026-01-23 11:18:18'),(1083,10,54,'2026-01-23 11:18:18'),(1084,10,55,'2026-01-23 11:18:18'),(1085,10,56,'2026-01-23 11:18:18'),(1086,10,57,'2026-01-23 11:18:18'),(1087,10,58,'2026-01-23 11:18:18'),(1088,10,59,'2026-01-23 11:18:18'),(1089,10,61,'2026-01-23 11:18:18'),(1090,10,62,'2026-01-23 11:18:18'),(1091,10,63,'2026-01-23 11:18:18'),(1092,10,64,'2026-01-23 11:18:18'),(1093,10,65,'2026-01-23 11:18:18'),(1094,10,66,'2026-01-23 11:18:18'),(1095,10,67,'2026-01-23 11:18:18'),(1096,10,68,'2026-01-23 11:18:18'),(1097,10,69,'2026-01-23 11:18:18'),(1098,10,70,'2026-01-23 11:18:18'),(1099,10,71,'2026-01-23 11:18:18'),(1100,10,72,'2026-01-23 11:18:18'),(1101,10,73,'2026-01-23 11:18:18'),(1102,10,74,'2026-01-23 11:18:18'),(1103,10,75,'2026-01-23 11:18:18'),(1104,10,76,'2026-01-23 11:18:18'),(1105,10,77,'2026-01-23 11:18:18'),(1106,10,78,'2026-01-23 11:18:18'),(1107,10,79,'2026-01-23 11:18:18'),(1108,10,80,'2026-01-23 11:18:18'),(1109,10,81,'2026-01-23 11:18:18'),(1110,10,82,'2026-01-23 11:18:18'),(1111,10,83,'2026-01-23 11:18:18'),(1112,10,84,'2026-01-23 11:18:18'),(1113,10,85,'2026-01-23 11:18:18'),(1114,10,86,'2026-01-23 11:18:18'),(1115,10,87,'2026-01-23 11:18:18'),(1116,10,88,'2026-01-23 11:18:18'),(1117,10,89,'2026-01-23 11:18:18'),(1118,10,90,'2026-01-23 11:18:18'),(1119,10,91,'2026-01-23 11:18:18'),(1120,10,92,'2026-01-23 11:18:18'),(1121,10,93,'2026-01-23 11:18:18'),(1122,10,94,'2026-01-23 11:18:18'),(1123,10,96,'2026-01-23 11:18:18'),(1124,10,97,'2026-01-23 11:18:18'),(1125,10,98,'2026-01-23 11:18:18'),(1126,10,99,'2026-01-23 11:18:18'),(1127,10,100,'2026-01-23 11:18:18'),(1128,10,101,'2026-01-23 11:18:18'),(1129,10,102,'2026-01-23 11:18:18'),(1130,10,103,'2026-01-23 11:18:18'),(1131,10,104,'2026-01-23 11:18:18'),(1132,10,105,'2026-01-23 11:18:18'),(1133,10,106,'2026-01-23 11:18:18'),(1134,10,107,'2026-01-23 11:18:18'),(1135,10,108,'2026-01-23 11:18:18'),(1136,10,109,'2026-01-23 11:18:18'),(1137,10,110,'2026-01-23 11:18:18'),(1138,10,111,'2026-01-23 11:18:18'),(1139,10,112,'2026-01-23 11:18:18'),(1140,10,113,'2026-01-23 11:18:18'),(1141,10,114,'2026-01-23 11:18:18'),(1142,10,115,'2026-01-23 11:18:18'),(1143,10,116,'2026-01-23 11:18:18'),(1144,10,117,'2026-01-23 11:18:18'),(1145,10,118,'2026-01-23 11:18:18'),(1146,10,119,'2026-01-23 11:18:18'),(1147,10,120,'2026-01-23 11:18:18'),(1148,10,121,'2026-01-23 11:18:18'),(1149,10,122,'2026-01-23 11:18:18'),(1150,10,123,'2026-01-23 11:18:18'),(1151,10,124,'2026-01-23 11:18:18'),(1152,10,125,'2026-01-23 11:18:18'),(1153,10,126,'2026-01-23 11:18:18'),(1154,10,127,'2026-01-23 11:18:18'),(1155,10,128,'2026-01-23 11:18:18'),(1156,10,129,'2026-01-23 11:18:18'),(1157,10,130,'2026-01-23 11:18:18'),(1158,10,131,'2026-01-23 11:18:18'),(1159,10,133,'2026-01-23 11:18:18'),(1160,10,134,'2026-01-23 11:18:18'),(1161,10,135,'2026-01-23 11:18:18'),(1162,10,136,'2026-01-23 11:18:18'),(1163,10,138,'2026-01-23 11:18:18'),(1164,10,139,'2026-01-23 11:18:18'),(1165,10,140,'2026-01-23 11:18:18'),(1166,10,141,'2026-01-23 11:18:18'),(1167,10,142,'2026-01-23 11:18:18'),(1168,10,143,'2026-01-23 11:18:18'),(1169,10,145,'2026-01-23 11:18:18'),(1170,10,146,'2026-01-23 11:18:18'),(1171,10,147,'2026-01-23 11:18:18'),(1172,10,148,'2026-01-23 11:18:18'),(1173,10,149,'2026-01-23 11:18:18'),(1174,10,150,'2026-01-23 11:18:18'),(1175,10,151,'2026-01-23 11:18:18'),(1176,10,152,'2026-01-23 11:18:18'),(1177,10,153,'2026-01-23 11:18:18'),(1178,10,154,'2026-01-23 11:18:18'),(1179,10,29,'2026-01-23 11:18:18'),(1180,10,30,'2026-01-23 11:18:18'),(1181,10,41,'2026-01-23 11:18:18');
/*!40000 ALTER TABLE `role_permissions` ENABLE KEYS */;
UNLOCK TABLES;

--
-- Table structure for table `roles`
--

DROP TABLE IF EXISTS `roles`;
/*!40101 SET @saved_cs_client     = @@character_set_client */;
/*!50503 SET character_set_client = utf8mb4 */;
CREATE TABLE `roles` (
  `id` int NOT NULL AUTO_INCREMENT,
  `role_name` varchar(50) NOT NULL COMMENT 'è§’è‰²åç§°',
  `role_code` varchar(50) NOT NULL COMMENT 'è§’è‰²ç¼–ç ',
  `base_role_code` varchar(50) DEFAULT NULL COMMENT 'åŸºå‡†è§’è‰²ç¼–ç ',
  `description` varchar(200) DEFAULT NULL COMMENT 'æè¿°',
  `created_at` datetime DEFAULT CURRENT_TIMESTAMP,
  PRIMARY KEY (`id`),
  UNIQUE KEY `role_name` (`role_name`),
  UNIQUE KEY `role_code` (`role_code`)
) ENGINE=InnoDB AUTO_INCREMENT=11 DEFAULT CHARSET=utf8mb4 COLLATE=utf8mb4_0900_ai_ci COMMENT='è§’è‰²è¡¨';
/*!40101 SET character_set_client = @saved_cs_client */;

--
-- Dumping data for table `roles`
--

LOCK TABLES `roles` WRITE;
/*!40000 ALTER TABLE `roles` DISABLE KEYS */;
INSERT INTO `roles` VALUES (1,'系统管理员','admin','admin','系统管理员，拥有所有权限','2026-01-10 21:12:45'),(2,'操作岗','operator','operator','一线操作人员（仅作为角色，岗位由排班表动态配置）','2026-01-10 21:12:45'),(3,'维修岗','maintenance','maintenance','设备维修人员（仅作为角色，岗位由排班表动态配置）','2026-01-10 21:12:45'),(4,'站长','station_manager','station_manager','场站管理人员','2026-01-10 21:12:45'),(5,'部门副经理','deputy_manager','deputy_manager','部门副经理','2026-01-10 21:12:45'),(6,'部门经理','department_manager','department_manager','部门经理','2026-01-10 21:12:45'),(7,'安全员','safety_inspector','safety_inspector','公司级安全检查人员','2026-01-10 21:12:45'),(8,'高层','senior_management','senior_management','公司高层管理人员','2026-01-10 21:12:45'),(9,'甲方人员','client','client','甲方人员','2026-01-10 21:12:45'),(10,'开发测试','dev_test','dev_test','全部权限','2026-01-23 11:01:24');
/*!40000 ALTER TABLE `roles` ENABLE KEYS */;
UNLOCK TABLES;

--
-- Table structure for table `safety_check_items`
--

DROP TABLE IF EXISTS `safety_check_items`;
/*!40101 SET @saved_cs_client     = @@character_set_client */;
/*!50503 SET character_set_client = utf8mb4 */;
CREATE TABLE `safety_check_items` (
  `id` int NOT NULL AUTO_INCREMENT,
  `work_type_id` int NOT NULL COMMENT '关联工作性质',
  `item_name` varchar(200) COLLATE utf8mb4_unicode_ci NOT NULL COMMENT '检查项目名称',
  `item_standard` varchar(500) COLLATE utf8mb4_unicode_ci DEFAULT NULL COMMENT '检查标准',
  `enable_sub_options` tinyint DEFAULT '0' COMMENT '是否启用子选项',
  `yes_sub_options` json DEFAULT NULL COMMENT '是分支子选项',
  `no_sub_options` json DEFAULT NULL COMMENT '否分支子选项',
  `sort_order` int DEFAULT '0' COMMENT '排序',
  `status` enum('active','inactive') COLLATE utf8mb4_unicode_ci DEFAULT 'active' COMMENT '状态',
  `created_at` datetime NOT NULL,
  `updated_at` datetime NOT NULL,
  PRIMARY KEY (`id`),
  KEY `work_type_id` (`work_type_id`),
  CONSTRAINT `safety_check_items_ibfk_1` FOREIGN KEY (`work_type_id`) REFERENCES `safety_work_types` (`id`) ON DELETE CASCADE ON UPDATE CASCADE
) ENGINE=InnoDB AUTO_INCREMENT=34 DEFAULT CHARSET=utf8mb4 COLLATE=utf8mb4_unicode_ci;
/*!40101 SET character_set_client = @saved_cs_client */;

--
-- Dumping data for table `safety_check_items`
--

LOCK TABLES `safety_check_items` WRITE;
/*!40000 ALTER TABLE `safety_check_items` DISABLE KEYS */;
INSERT INTO `safety_check_items` VALUES (1,1,'工作服','现场工作时必须穿工作服，并且保证工作服干净整洁',0,NULL,NULL,0,'active','2026-01-21 10:08:45','2026-01-21 10:08:45'),(2,1,'安全帽','出入厂区必须正确佩戴安全帽',0,NULL,NULL,0,'active','2026-01-21 10:08:45','2026-01-21 10:08:45'),(3,1,'防砸鞋','在进行现场工作时必须穿防砸鞋',0,NULL,NULL,0,'active','2026-01-21 10:08:45','2026-01-21 10:08:45'),(4,2,'护眼镜','进行焊接作业时必须佩戴护目镜',0,NULL,NULL,0,'active','2026-01-21 10:08:45','2026-01-21 10:08:45'),(5,2,'焊帽子','进行焊接作业时必须佩戴焊帽子',0,NULL,NULL,0,'active','2026-01-21 10:08:45','2026-01-21 10:08:45'),(6,2,'动火前填写1','焊接点是否连接通电设备（选项：是/否；如选“是”需要填写二级任务：1、断开维修设备电源空开。2、悬挂“设备维修禁止合闸”警示牌）。',0,NULL,NULL,0,'active','2026-01-21 10:08:45','2026-01-21 10:08:45'),(7,2,'动火前填写2','办理动火作业许可证',0,NULL,NULL,0,'active','2026-01-21 10:08:45','2026-01-21 10:08:45'),(8,2,'动火前填写3','开启录像设备',0,NULL,NULL,0,'active','2026-01-21 10:08:45','2026-01-21 10:08:45'),(9,2,'动火前填写4','配备消防器材',0,NULL,NULL,0,'active','2026-01-21 10:08:45','2026-01-21 10:08:45'),(10,2,'动火前填写5','清除焊接点周围5米范围内的可燃物易燃物',0,NULL,NULL,0,'active','2026-01-21 10:08:45','2026-01-21 10:08:45'),(11,2,'动火前填写6','焊接点不存在火灾、爆炸风险交叉作业（如：10m 内及上下方禁止同时进行可燃溶剂清洗、喷漆等)',0,NULL,NULL,0,'active','2026-01-21 10:08:45','2026-01-21 10:08:45'),(12,2,'动火前填写7','电焊机防护外壳完好且接地',0,NULL,NULL,0,'active','2026-01-21 10:08:45','2026-01-21 10:08:45'),(13,2,'动火前填写8','电焊机一次、二次线无绝缘龟裂、线芯裸露',0,NULL,NULL,0,'active','2026-01-21 10:08:45','2026-01-21 10:08:45'),(14,2,'动火前填写9','电焊把握柄和导线连接牢固且绝缘',0,NULL,NULL,0,'active','2026-01-21 10:08:45','2026-01-21 10:08:45'),(15,2,'动火完成后填写','焊接完成后，清理现场，消除残火，确认无遗留火种后离开现场',0,NULL,NULL,0,'active','2026-01-21 10:08:45','2026-01-21 10:08:45'),(16,2,'试机前填写','通电试机前，人员完全离开维修的设备',0,NULL,NULL,0,'active','2026-01-21 10:08:45','2026-01-21 10:08:45'),(17,3,'护目镜','行切割作业时必须佩戴护目镜。',0,NULL,NULL,0,'active','2026-01-21 10:08:45','2026-01-21 10:08:45'),(18,3,'动火前填写1','切割点是否连接通电设备（选项：是/否；如选“是”需要进填写二级任务：1、断开维修设备电源空开。2、悬挂“设备维修禁止合闸”警示牌。',0,NULL,NULL,0,'active','2026-01-21 10:08:45','2026-01-21 10:08:45'),(19,3,'动火前填写2','办理动火作业许可证',0,NULL,NULL,0,'active','2026-01-21 10:08:45','2026-01-21 10:08:45'),(20,3,'动火前填写3','开启录像设备',0,NULL,NULL,0,'active','2026-01-21 10:08:45','2026-01-21 10:08:45'),(21,3,'动火前填写4','配备消防器材',0,NULL,NULL,0,'active','2026-01-21 10:08:45','2026-01-21 10:08:45'),(22,3,'动火前填写5','清除切割点周围5米范围内的可燃物易燃物',0,NULL,NULL,0,'active','2026-01-21 10:08:45','2026-01-21 10:08:45'),(23,3,'动火前填写6','切割点不存在火灾、爆炸风险交叉作业（如：10m 内及上下方禁止同时进行可燃溶剂清洗、喷漆等)',0,NULL,NULL,0,'active','2026-01-21 10:08:45','2026-01-21 10:08:45'),(24,3,'动火前填写7','切割机、角磨机电源线无绝缘龟裂、线芯裸露',0,NULL,NULL,0,'active','2026-01-21 10:08:45','2026-01-21 10:08:45'),(25,3,'动火前填写8','切割机、角磨机有防护罩',0,NULL,NULL,0,'active','2026-01-21 10:08:45','2026-01-21 10:08:45'),(26,3,'动火前填写9','切割片、角磨机片无破损、缺口',0,NULL,NULL,0,'active','2026-01-21 10:08:45','2026-01-21 10:08:45'),(27,3,'动火完成后填写','切割完成后，清理现场，消除残火，确认无遗留火种后离开现场',0,NULL,NULL,0,'active','2026-01-21 10:08:45','2026-01-21 10:08:45'),(28,3,'试机前填写','通电试机前，人员完全离开维修的设备',0,NULL,NULL,0,'active','2026-01-21 10:08:45','2026-01-21 10:08:45'),(29,4,'手套','现场操作时必须佩戴相应手套',0,NULL,NULL,0,'active','2026-01-21 10:08:45','2026-01-21 10:08:45'),(30,5,'维修前填写1','断开维修线路主电源空开，确保维修线路内无电',0,NULL,NULL,0,'active','2026-01-21 10:08:45','2026-01-21 10:08:45'),(31,5,'维修前填写2','悬挂“设备维修禁止合闸”警示牌',0,NULL,NULL,0,'active','2026-01-21 10:08:45','2026-01-21 10:08:45'),(32,5,'维修前填写3','维修线路有电容电感类电器（选项：是/否；如选“是”需要填写二级任务：进行放电处理。',0,NULL,NULL,0,'active','2026-01-21 10:08:45','2026-01-21 10:08:45'),(33,5,'试机前填写','通电试机前，人员完全离开维修的设备',0,NULL,NULL,0,'active','2026-01-21 10:08:45','2026-01-21 10:08:45');
/*!40000 ALTER TABLE `safety_check_items` ENABLE KEYS */;
UNLOCK TABLES;

--
-- Table structure for table `safety_hazard_inspections`
--

DROP TABLE IF EXISTS `safety_hazard_inspections`;
/*!40101 SET @saved_cs_client     = @@character_set_client */;
/*!50503 SET character_set_client = utf8mb4 */;
CREATE TABLE `safety_hazard_inspections` (
  `id` int NOT NULL AUTO_INCREMENT,
  `record_code` varchar(50) NOT NULL,
  `inspection_date` date NOT NULL,
  `submit_time` time DEFAULT NULL COMMENT 'submit time',
  `station_id` int DEFAULT NULL COMMENT 'station id',
  `station_name` varchar(100) NOT NULL,
  `station_type` varchar(50) DEFAULT NULL,
  `hazard_category` varchar(50) NOT NULL COMMENT 'hazard category',
  `is_first_found` enum('æ˜¯','äºŒæ¬¡','å¦') NOT NULL,
  `hazard_description` text,
  `photo_urls` text,
  `location` varchar(200) DEFAULT NULL,
  `handler_id` int DEFAULT NULL COMMENT 'åŠžç†äººID(åœºç«™é•¿)',
  `handler_name` varchar(50) DEFAULT NULL,
  `inspector_id` int NOT NULL,
  `inspector_name` varchar(50) DEFAULT NULL,
  `status` enum('pending','rectified','reviewed') DEFAULT 'pending' COMMENT 'status',
  `created_at` datetime DEFAULT CURRENT_TIMESTAMP,
  PRIMARY KEY (`id`),
  UNIQUE KEY `record_code` (`record_code`),
  KEY `idx_hazard_station` (`station_name`),
  KEY `idx_hazard_date` (`inspection_date`),
  KEY `idx_hazard_inspector` (`inspector_id`),
  KEY `safety_hazard_inspections_station_name` (`station_name`),
  KEY `safety_hazard_inspections_inspection_date` (`inspection_date`),
  KEY `safety_hazard_inspections_inspector_id` (`inspector_id`)
) ENGINE=InnoDB DEFAULT CHARSET=utf8mb4 COLLATE=utf8mb4_0900_ai_ci COMMENT='å®‰å…¨éšæ‚£æ£€æŸ¥è¡¨';
/*!40101 SET character_set_client = @saved_cs_client */;

--
-- Dumping data for table `safety_hazard_inspections`
--

LOCK TABLES `safety_hazard_inspections` WRITE;
/*!40000 ALTER TABLE `safety_hazard_inspections` DISABLE KEYS */;
/*!40000 ALTER TABLE `safety_hazard_inspections` ENABLE KEYS */;
UNLOCK TABLES;

--
-- Table structure for table `safety_other_inspections`
--

DROP TABLE IF EXISTS `safety_other_inspections`;
/*!40101 SET @saved_cs_client     = @@character_set_client */;
/*!50503 SET character_set_client = utf8mb4 */;
CREATE TABLE `safety_other_inspections` (
  `id` int NOT NULL AUTO_INCREMENT,
  `record_code` varchar(50) NOT NULL,
  `inspection_type` enum('safety','hygiene') NOT NULL,
  `project_id` int NOT NULL,
  `station_id` int DEFAULT NULL,
  `inspector_id` int NOT NULL,
  `inspector_name` varchar(50) DEFAULT NULL,
  `inspection_date` date NOT NULL,
  `inspected_user_id` int DEFAULT NULL,
  `inspected_user_name` varchar(50) DEFAULT NULL,
  `work_type_ids` json DEFAULT NULL COMMENT 'work type ids',
  `inspection_items` json DEFAULT NULL COMMENT 'inspection items',
  `violation_description` text,
  `remark` text COMMENT 'remark',
  `is_qualified` tinyint DEFAULT '1',
  `unqualified_items` text,
  `photo_urls` text,
  `created_at` datetime DEFAULT CURRENT_TIMESTAMP,
  PRIMARY KEY (`id`),
  UNIQUE KEY `record_code` (`record_code`),
  KEY `idx_other_inspector` (`inspector_id`),
  KEY `idx_other_date` (`inspection_date`),
  KEY `safety_other_inspections_inspector_id` (`inspector_id`),
  KEY `safety_other_inspections_inspection_date` (`inspection_date`)
) ENGINE=InnoDB DEFAULT CHARSET=utf8mb4 COLLATE=utf8mb4_0900_ai_ci COMMENT='å®‰å…¨/å«ç”Ÿä»–æ£€è¡¨';
/*!40101 SET character_set_client = @saved_cs_client */;

--
-- Dumping data for table `safety_other_inspections`
--

LOCK TABLES `safety_other_inspections` WRITE;
/*!40000 ALTER TABLE `safety_other_inspections` DISABLE KEYS */;
/*!40000 ALTER TABLE `safety_other_inspections` ENABLE KEYS */;
UNLOCK TABLES;

--
-- Table structure for table `safety_rectifications`
--

DROP TABLE IF EXISTS `safety_rectifications`;
/*!40101 SET @saved_cs_client     = @@character_set_client */;
/*!50503 SET character_set_client = utf8mb4 */;
CREATE TABLE `safety_rectifications` (
  `id` int NOT NULL AUTO_INCREMENT,
  `record_code` varchar(50) NOT NULL,
  `inspection_id` int NOT NULL COMMENT 'å…³è”æ£€æŸ¥è®°å½•ID',
  `handler_id` int DEFAULT NULL COMMENT 'handler id',
  `handler_name` varchar(50) DEFAULT NULL COMMENT 'handler name',
  `root_cause` varchar(100) NOT NULL COMMENT 'root cause',
  `rectification_measures` text NOT NULL,
  `responsible_person_id` int NOT NULL,
  `responsible_person_name` varchar(50) DEFAULT NULL,
  `punished_person_id` int DEFAULT NULL,
  `punished_person_name` varchar(50) DEFAULT NULL,
  `punishment_result` text,
  `is_completed` enum('æ˜¯','å¦') NOT NULL,
  `completion_photos` text,
  `completion_score` int DEFAULT NULL COMMENT 'æ•´æ”¹å®Œæˆè¯„åˆ†',
  `root_cause_category` enum('ç»„ç»‡æŽªæ–½','ç®¡ç†æŽªæ–½','æŠ€æœ¯æŽªæ–½','ç»æµŽæŽªæ–½') DEFAULT NULL COMMENT 'æ ¹å› ç±»åˆ«(å®‰å…¨å‘˜å¡«å†™)',
  `status` enum('pending','approved','rejected') DEFAULT 'pending',
  `approver_id` int DEFAULT NULL,
  `approver_name` varchar(50) DEFAULT NULL,
  `approve_time` datetime DEFAULT NULL,
  `approve_comment` text,
  `reject_reason` text,
  `created_at` datetime DEFAULT CURRENT_TIMESTAMP,
  `updated_at` datetime DEFAULT CURRENT_TIMESTAMP ON UPDATE CURRENT_TIMESTAMP,
  PRIMARY KEY (`id`),
  UNIQUE KEY `record_code` (`record_code`),
  KEY `idx_rectification_inspection` (`inspection_id`),
  KEY `idx_rectification_status` (`status`),
  KEY `safety_rectifications_inspection_id` (`inspection_id`),
  KEY `safety_rectifications_status` (`status`)
) ENGINE=InnoDB DEFAULT CHARSET=utf8mb4 COLLATE=utf8mb4_0900_ai_ci COMMENT='å®‰å…¨éšæ‚£æ•´æ”¹è¡¨';
/*!40101 SET character_set_client = @saved_cs_client */;

--
-- Dumping data for table `safety_rectifications`
--

LOCK TABLES `safety_rectifications` WRITE;
/*!40000 ALTER TABLE `safety_rectifications` DISABLE KEYS */;
/*!40000 ALTER TABLE `safety_rectifications` ENABLE KEYS */;
UNLOCK TABLES;

--
-- Table structure for table `safety_self_inspections`
--

DROP TABLE IF EXISTS `safety_self_inspections`;
/*!40101 SET @saved_cs_client     = @@character_set_client */;
/*!50503 SET character_set_client = utf8mb4 */;
CREATE TABLE `safety_self_inspections` (
  `id` int NOT NULL AUTO_INCREMENT,
  `record_code` varchar(50) NOT NULL,
  `inspection_type` enum('safety','hygiene') NOT NULL,
  `project_id` int NOT NULL,
  `station_id` int DEFAULT NULL,
  `filler_id` int NOT NULL,
  `filler_name` varchar(50) DEFAULT NULL,
  `inspection_date` date NOT NULL,
  `work_type_ids` json DEFAULT NULL COMMENT 'work type ids',
  `inspection_items` json DEFAULT NULL,
  `photo_urls` text,
  `submit_time` datetime NOT NULL,
  `is_overdue` tinyint DEFAULT '0',
  `overdue_minutes` int DEFAULT '0',
  `created_at` datetime DEFAULT CURRENT_TIMESTAMP,
  PRIMARY KEY (`id`),
  UNIQUE KEY `record_code` (`record_code`),
  KEY `idx_self_filler` (`filler_id`),
  KEY `idx_self_date` (`inspection_date`),
  KEY `idx_self_type` (`inspection_type`),
  KEY `safety_self_inspections_filler_id` (`filler_id`),
  KEY `safety_self_inspections_inspection_date` (`inspection_date`),
  KEY `safety_self_inspections_inspection_type` (`inspection_type`)
) ENGINE=InnoDB AUTO_INCREMENT=11 DEFAULT CHARSET=utf8mb4 COLLATE=utf8mb4_0900_ai_ci COMMENT='å®‰å…¨/å«ç”Ÿè‡ªæ£€è¡¨';
/*!40101 SET character_set_client = @saved_cs_client */;

--
-- Dumping data for table `safety_self_inspections`
--

LOCK TABLES `safety_self_inspections` WRITE;
/*!40000 ALTER TABLE `safety_self_inspections` DISABLE KEYS */;
INSERT INTO `safety_self_inspections` VALUES (1,'SI20260122130843CQR7','safety',0,23,28,'杨国利','2026-01-22','[1]','[{\"itemId\": 1, \"remark\": \"\", \"status\": 1, \"itemName\": \"工作服\", \"photoUrls\": [], \"workTypeId\": 1, \"itemStandard\": \"现场工作时必须穿工作服，并且保证工作服干净整洁\", \"workTypeName\": \"基本工作\"}, {\"itemId\": 2, \"remark\": \"\", \"status\": 1, \"itemName\": \"安全帽\", \"photoUrls\": [], \"workTypeId\": 1, \"itemStandard\": \"出入厂区必须正确佩戴安全帽\", \"workTypeName\": \"基本工作\"}, {\"itemId\": 3, \"remark\": \"\", \"status\": 1, \"itemName\": \"防砸鞋\", \"photoUrls\": [], \"workTypeId\": 1, \"itemStandard\": \"在进行现场工作时必须穿防砸鞋\", \"workTypeName\": \"基本工作\"}]','[]','2026-01-22 13:08:43',1,298,'2026-01-22 13:08:43'),(2,'SI2026012213150374BV','safety',0,22,26,'贾军','2026-01-22','[1]','[{\"itemId\": 1, \"remark\": \"\", \"status\": 1, \"itemName\": \"工作服\", \"photoUrls\": [], \"workTypeId\": 1, \"itemStandard\": \"现场工作时必须穿工作服，并且保证工作服干净整洁\", \"workTypeName\": \"基本工作\"}, {\"itemId\": 2, \"remark\": \"\", \"status\": 1, \"itemName\": \"安全帽\", \"photoUrls\": [], \"workTypeId\": 1, \"itemStandard\": \"出入厂区必须正确佩戴安全帽\", \"workTypeName\": \"基本工作\"}, {\"itemId\": 3, \"remark\": \"\", \"status\": 1, \"itemName\": \"防砸鞋\", \"photoUrls\": [], \"workTypeId\": 1, \"itemStandard\": \"在进行现场工作时必须穿防砸鞋\", \"workTypeName\": \"基本工作\"}]','[]','2026-01-22 13:15:03',1,305,'2026-01-22 13:15:03'),(3,'SI20260122133111GEMB','hygiene',0,22,30,'王同文','2026-01-22','[]','[{\"itemId\": 1, \"remark\": \"\", \"status\": 1, \"areaName\": \"蛹化室\", \"itemName\": \"门、室内\", \"photoUrls\": [], \"pointName\": \"门、室内\", \"workRequirements\": \"门面及拉手无污渍，门常处于关闭状态。室内飞虫数不超过5只。\"}, {\"itemId\": 2, \"remark\": \"\", \"status\": 1, \"areaName\": \"蛹化室\", \"itemName\": \"地  面\", \"photoUrls\": [], \"pointName\": \"地  面\", \"workRequirements\": \"清扫拖擦，物品摆放整齐，无杂物、脚印、污渍及爬虫。\"}, {\"itemId\": 3, \"remark\": \"\", \"status\": 1, \"areaName\": \"蛹化室\", \"itemName\": \"养殖盒\", \"photoUrls\": [], \"pointName\": \"养殖盒\", \"workRequirements\": \"养殖盒外边角无尘土、表面无污渍，标牌无涂抹。\"}, {\"itemId\": 4, \"remark\": \"\", \"status\": 1, \"areaName\": \"蛹化室\", \"itemName\": \"设备、墙壁\", \"photoUrls\": [], \"pointName\": \"设备、墙壁\", \"workRequirements\": \"设备表面无尘、无污渍，墙角无蛛网，悬挂物无尘土。\"}, {\"itemId\": 5, \"remark\": \"\", \"status\": 1, \"areaName\": \"蛹化室\", \"itemName\": \"料桶及工具\", \"photoUrls\": [], \"pointName\": \"料桶及工具\", \"workRequirements\": \"料桶摆放整齐、桶盖内外洁净无污渍。工具使用后清洗干净按要求摆放整齐，\"}, {\"itemId\": 6, \"remark\": \"\", \"status\": 1, \"areaName\": \"养鸡区域\", \"itemName\": \"围挡表面\", \"photoUrls\": [], \"pointName\": \"围挡表面\", \"workRequirements\": \"无可清除的污渍，掉漆处及时补漆。\"}, {\"itemId\": 7, \"remark\": \"\", \"status\": 1, \"areaName\": \"养鸡区域\", \"itemName\": \"安全标牌\", \"photoUrls\": [], \"pointName\": \"安全标牌\", \"workRequirements\": \"干净整洁，无灰尘。\"}, {\"itemId\": 8, \"remark\": \"\", \"status\": 1, \"areaName\": \"养鸡区域\", \"itemName\": \"养鸡区域\", \"photoUrls\": [], \"pointName\": \"养鸡区域\", \"workRequirements\": \"地面保持干净，无可清理掉的垃圾和物资。\"}, {\"itemId\": 9, \"remark\": \"\", \"status\": 1, \"areaName\": \"养鸡区域\", \"itemName\": \"垃圾桶\", \"photoUrls\": [], \"pointName\": \"垃圾桶\", \"workRequirements\": \"外部干净整洁。\"}, {\"itemId\": 10, \"remark\": \"\", \"status\": 1, \"areaName\": \"养鸡区域\", \"itemName\": \"养鸡设备\", \"photoUrls\": [], \"pointName\": \"养鸡设备\", \"workRequirements\": \"干净整洁，无灰尘。\"}]','[]','2026-01-22 13:31:11',1,321,'2026-01-22 13:31:11'),(4,'SI20260122133305757V','safety',0,22,30,'王同文','2026-01-22','[1]','[{\"itemId\": 1, \"remark\": \"\", \"status\": 1, \"itemName\": \"工作服\", \"photoUrls\": [], \"workTypeId\": 1, \"itemStandard\": \"现场工作时必须穿工作服，并且保证工作服干净整洁\", \"workTypeName\": \"基本工作\"}, {\"itemId\": 2, \"remark\": \"\", \"status\": 1, \"itemName\": \"安全帽\", \"photoUrls\": [], \"workTypeId\": 1, \"itemStandard\": \"出入厂区必须正确佩戴安全帽\", \"workTypeName\": \"基本工作\"}, {\"itemId\": 3, \"remark\": \"\", \"status\": 1, \"itemName\": \"防砸鞋\", \"photoUrls\": [], \"workTypeId\": 1, \"itemStandard\": \"在进行现场工作时必须穿防砸鞋\", \"workTypeName\": \"基本工作\"}]','[]','2026-01-22 13:33:05',1,323,'2026-01-22 13:33:05'),(5,'SI20260122133605TNI2','hygiene',0,22,26,'贾军','2026-01-22','[]','[{\"itemId\": 1, \"remark\": \"\", \"status\": 1, \"areaName\": \"预蛹养殖室\", \"itemName\": \"门窗及室内\", \"photoUrls\": [], \"pointName\": \"门窗及室内\", \"workRequirements\": \"表面无尘无污渍、无蛛网，门常处于关闭状态。室内飞虫数不超过5只。\"}, {\"itemId\": 2, \"remark\": \"\", \"status\": 1, \"areaName\": \"预蛹养殖室\", \"itemName\": \"地  面\", \"photoUrls\": [], \"pointName\": \"地  面\", \"workRequirements\": \"清扫拖擦，物品摆放整齐，无杂物、脚印、污渍及爬虫。\"}, {\"itemId\": 3, \"remark\": \"\", \"status\": 1, \"areaName\": \"预蛹养殖室\", \"itemName\": \"养殖盒\", \"photoUrls\": [], \"pointName\": \"养殖盒\", \"workRequirements\": \"养殖盒外边角无尘土、表面无污渍，标牌无涂抹。\"}, {\"itemId\": 4, \"remark\": \"\", \"status\": 1, \"areaName\": \"预蛹养殖室\", \"itemName\": \"蟑螂屋\", \"photoUrls\": [], \"pointName\": \"蟑螂屋\", \"workRequirements\": \"及时更换，蟑螂不能超过5只。\"}, {\"itemId\": 5, \"remark\": \"\", \"status\": 1, \"areaName\": \"预蛹养殖室\", \"itemName\": \"料桶及工具\", \"photoUrls\": [], \"pointName\": \"料桶及工具\", \"workRequirements\": \"料桶摆放整齐、加盖，表面洁净无污渍。工具使用后清洗干净按要求摆放整齐，保证念佛机正常播放佛歌。\"}, {\"itemId\": 6, \"remark\": \"\", \"status\": 1, \"areaName\": \"预蛹养殖室\", \"itemName\": \"过道区域\", \"photoUrls\": [], \"pointName\": \"过道区域\", \"workRequirements\": \"每日清扫通道，无垃圾。\"}, {\"itemId\": 7, \"remark\": \"\", \"status\": 1, \"areaName\": \"养鸭区域\", \"itemName\": \"标牌\", \"photoUrls\": [], \"pointName\": \"标牌\", \"workRequirements\": \"外表面擦拭干净无污渍、手印、尘土。\"}, {\"itemId\": 8, \"remark\": \"\", \"status\": 1, \"areaName\": \"养鸭区域\", \"itemName\": \"地面\", \"photoUrls\": [], \"pointName\": \"地面\", \"workRequirements\": \"物品摆放整齐，无杂物、垃圾、灰尘、污渍。\"}, {\"itemId\": 9, \"remark\": \"\", \"status\": 1, \"areaName\": \"养鸭区域\", \"itemName\": \"养殖桶\", \"photoUrls\": [], \"pointName\": \"养殖桶\", \"workRequirements\": \"外表面擦拭干净无污渍、手印、尘土。\"}, {\"itemId\": 10, \"remark\": \"\", \"status\": 1, \"areaName\": \"养鸭区域\", \"itemName\": \"食盒\", \"photoUrls\": [], \"pointName\": \"食盒\", \"workRequirements\": \"食盒周围打扫干净。\"}, {\"itemId\": 11, \"remark\": \"\", \"status\": 1, \"areaName\": \"养鸭区域\", \"itemName\": \"水槽\", \"photoUrls\": [], \"pointName\": \"水槽\", \"workRequirements\": \"保证鸭子有水喝。\"}, {\"itemId\": 12, \"remark\": \"\", \"status\": 1, \"areaName\": \"养鸭区域\", \"itemName\": \"电子秤\", \"photoUrls\": [], \"pointName\": \"电子秤\", \"workRequirements\": \"外表面擦拭干净无污渍、手印、尘土。\"}]','[]','2026-01-22 13:36:05',1,326,'2026-01-22 13:36:05'),(6,'SI20260122184952QLU1','safety',0,22,37,'史志雨','2026-01-22','[1]','[{\"itemId\": 1, \"remark\": \"\", \"status\": 1, \"itemName\": \"工作服\", \"photoUrls\": [], \"workTypeId\": 1, \"itemStandard\": \"现场工作时必须穿工作服，并且保证工作服干净整洁\", \"workTypeName\": \"基本工作\"}, {\"itemId\": 2, \"remark\": \"\", \"status\": 1, \"itemName\": \"安全帽\", \"photoUrls\": [], \"workTypeId\": 1, \"itemStandard\": \"出入厂区必须正确佩戴安全帽\", \"workTypeName\": \"基本工作\"}, {\"itemId\": 3, \"remark\": \"\", \"status\": 1, \"itemName\": \"防砸鞋\", \"photoUrls\": [], \"workTypeId\": 1, \"itemStandard\": \"在进行现场工作时必须穿防砸鞋\", \"workTypeName\": \"基本工作\"}]','[]','2026-01-22 18:49:52',1,639,'2026-01-22 18:49:52'),(7,'SI20260122201141981E','hygiene',0,22,25,'张西海','2026-01-22','[]','[{\"itemId\": 1, \"remark\": \"\", \"status\": 1, \"areaName\": \"4#羽化室\", \"itemName\": \"设备及室内\", \"photoUrls\": [], \"pointName\": \"设备及室内\", \"workRequirements\": \"表面无尘、无杂物堆放、无污渍。室内飞虫不得超过5只。\"}, {\"itemId\": 2, \"remark\": \"\", \"status\": 1, \"areaName\": \"4#羽化室\", \"itemName\": \"地面\", \"photoUrls\": [], \"pointName\": \"地面\", \"workRequirements\": \"物品摆放整齐，无杂物、垃圾、污渍、死亡虫体及时清理。\"}, {\"itemId\": 3, \"remark\": \"\", \"status\": 1, \"areaName\": \"4#羽化室\", \"itemName\": \"墙面\", \"photoUrls\": [], \"pointName\": \"墙面\", \"workRequirements\": \"墙面无污渍，墙角无蛛网，悬挂物表面无尘土。\"}, {\"itemId\": 4, \"remark\": \"\", \"status\": 1, \"areaName\": \"4#羽化室\", \"itemName\": \"工具及灯具\", \"photoUrls\": [], \"pointName\": \"工具及灯具\", \"workRequirements\": \"外表面无污渍、无尘土，工具按规定摆放，照明灯具完好无尘，保证念佛机正常播放佛歌。\"}, {\"itemId\": 5, \"remark\": \"\", \"status\": 1, \"areaName\": \"4#羽化室\", \"itemName\": \"门窗\", \"photoUrls\": [], \"pointName\": \"门窗\", \"workRequirements\": \"门边内外及拉手无污渍、门面及门帘擦拭干净，窗台无尘土。\"}, {\"itemId\": 6, \"remark\": \"\", \"status\": 1, \"areaName\": \"4#羽化室\", \"itemName\": \"休息区\", \"photoUrls\": [], \"pointName\": \"休息区\", \"workRequirements\": \"清扫干净。\"}, {\"itemId\": 7, \"remark\": \"\", \"status\": 1, \"areaName\": \"4#羽化室\", \"itemName\": \"集装箱外表\", \"photoUrls\": [], \"pointName\": \"集装箱外表\", \"workRequirements\": \"每日清扫无积尘，无杂物。\"}, {\"itemId\": 8, \"remark\": \"\", \"status\": 1, \"areaName\": \"羽化室\", \"itemName\": \"设备及室内\", \"photoUrls\": [], \"pointName\": \"设备及室内\", \"workRequirements\": \"表面无尘、无杂物堆放、无污渍。室内飞虫不得超过5只。\"}, {\"itemId\": 9, \"remark\": \"\", \"status\": 1, \"areaName\": \"羽化室\", \"itemName\": \"地面\", \"photoUrls\": [], \"pointName\": \"地面\", \"workRequirements\": \"物品摆放整齐，无杂物、垃圾、污渍、死亡虫体及时清理。\"}, {\"itemId\": 10, \"remark\": \"\", \"status\": 1, \"areaName\": \"羽化室\", \"itemName\": \"墙面\", \"photoUrls\": [], \"pointName\": \"墙面\", \"workRequirements\": \"墙面无污渍，墙角无蛛网，悬挂物表面无尘土。\"}, {\"itemId\": 11, \"remark\": \"\", \"status\": 1, \"areaName\": \"羽化室\", \"itemName\": \"工具及灯具\", \"photoUrls\": [], \"pointName\": \"工具及灯具\", \"workRequirements\": \"外表面无污渍、无尘土，工具按规定摆放，照明灯具完好无尘，保证念佛机正常播放佛歌。\"}, {\"itemId\": 12, \"remark\": \"\", \"status\": 1, \"areaName\": \"羽化室\", \"itemName\": \"门窗\", \"photoUrls\": [], \"pointName\": \"门窗\", \"workRequirements\": \"门边内外及拉手无污渍、门面及门帘擦拭干净，窗台无尘土。\"}, {\"itemId\": 13, \"remark\": \"\", \"status\": 1, \"areaName\": \"羽化室\", \"itemName\": \"休息区\", \"photoUrls\": [], \"pointName\": \"休息区\", \"workRequirements\": \"清扫干净。\"}, {\"itemId\": 14, \"remark\": \"\", \"status\": 1, \"areaName\": \"羽化室\", \"itemName\": \"围挡与书箱过道\", \"photoUrls\": [], \"pointName\": \"围挡与书箱过道\", \"workRequirements\": \"每日清扫无积尘，无杂物。\"}, {\"itemId\": 15, \"remark\": \"\", \"status\": 1, \"areaName\": \"4#羽化室\", \"itemName\": \"责任区照片\", \"photoUrls\": [\"/uploads/83c03d0c-51fe-4841-99eb-98561e068bfd.jpg\"], \"pointName\": \"责任区照片\", \"workRequirements\": \"\"}, {\"itemId\": 16, \"remark\": \"\", \"status\": 1, \"areaName\": \"羽化室\", \"itemName\": \"责任区照片\", \"photoUrls\": [\"/uploads/8c70338e-fed9-4f36-a646-1b6e55b7f07b.jpg\"], \"pointName\": \"责任区照片\", \"workRequirements\": \"\"}]','[\"/uploads/83c03d0c-51fe-4841-99eb-98561e068bfd.jpg\",\"/uploads/8c70338e-fed9-4f36-a646-1b6e55b7f07b.jpg\"]','2026-01-22 20:11:41',1,721,'2026-01-22 20:11:41'),(8,'SI202601222023502HA5','hygiene',0,22,37,'史志雨','2026-01-22','[]','[{\"itemId\": 1, \"remark\": \"\", \"status\": 1, \"areaName\": \"会议室\", \"itemName\": \"窗台\", \"photoUrls\": [], \"pointName\": \"窗台\", \"workRequirements\": \"无尘土。\"}, {\"itemId\": 2, \"remark\": \"\", \"status\": 1, \"areaName\": \"会议室\", \"itemName\": \"桌子\", \"photoUrls\": [], \"pointName\": \"桌子\", \"workRequirements\": \"物品摆放整齐，无垃圾遗留。\"}, {\"itemId\": 3, \"remark\": \"\", \"status\": 1, \"areaName\": \"会议室\", \"itemName\": \"地面\", \"photoUrls\": [], \"pointName\": \"地面\", \"workRequirements\": \"干净无可清洗的污渍。\"}, {\"itemId\": 4, \"remark\": \"\", \"status\": 1, \"areaName\": \"会议室\", \"itemName\": \"椅子\", \"photoUrls\": [], \"pointName\": \"椅子\", \"workRequirements\": \"摆放整齐，干净无可清洗的污渍。\"}, {\"itemId\": 5, \"remark\": \"\", \"status\": 1, \"areaName\": \"会议室\", \"itemName\": \"柜子\", \"photoUrls\": [], \"pointName\": \"柜子\", \"workRequirements\": \"关闭柜门，干净无可清洗的污渍。\"}, {\"itemId\": 6, \"remark\": \"\", \"status\": 1, \"areaName\": \"会议室\", \"itemName\": \"绿植\", \"photoUrls\": [], \"pointName\": \"绿植\", \"workRequirements\": \"养护生机盎然，无败家之像。\"}, {\"itemId\": 7, \"remark\": \"\", \"status\": 1, \"areaName\": \"会议室\", \"itemName\": \"电视\", \"photoUrls\": [], \"pointName\": \"电视\", \"workRequirements\": \"干净无可清洗的污渍。\"}, {\"itemId\": 8, \"remark\": \"\", \"status\": 1, \"areaName\": \"办公室2\", \"itemName\": \"窗台\", \"photoUrls\": [], \"pointName\": \"窗台\", \"workRequirements\": \"无尘土。\"}, {\"itemId\": 9, \"remark\": \"\", \"status\": 1, \"areaName\": \"办公室2\", \"itemName\": \"桌子\", \"photoUrls\": [], \"pointName\": \"桌子\", \"workRequirements\": \"物品摆放整齐，无垃圾遗留。\"}, {\"itemId\": 10, \"remark\": \"\", \"status\": 1, \"areaName\": \"办公室2\", \"itemName\": \"地面\", \"photoUrls\": [], \"pointName\": \"地面\", \"workRequirements\": \"干净无可清洗的污渍。\"}, {\"itemId\": 11, \"remark\": \"\", \"status\": 1, \"areaName\": \"办公室2\", \"itemName\": \"垃圾桶\", \"photoUrls\": [], \"pointName\": \"垃圾桶\", \"workRequirements\": \"每周定期倾倒垃圾，无臭味。\"}, {\"itemId\": 12, \"remark\": \"\", \"status\": 1, \"areaName\": \"办公室2\", \"itemName\": \"柜子\", \"photoUrls\": [], \"pointName\": \"柜子\", \"workRequirements\": \"关闭柜门，干净无可清洗的污渍。\"}, {\"itemId\": 13, \"remark\": \"\", \"status\": 1, \"areaName\": \"办公室2\", \"itemName\": \"绿植\", \"photoUrls\": [], \"pointName\": \"绿植\", \"workRequirements\": \"养护生机盎然，无败家之像。\"}, {\"itemId\": 14, \"remark\": \"\", \"status\": 1, \"areaName\": \"办公室2\", \"itemName\": \"冰箱\", \"photoUrls\": [], \"pointName\": \"冰箱\", \"workRequirements\": \"干净无可清洗的污渍，打开后无异味。\"}, {\"itemId\": 15, \"remark\": \"\", \"status\": 1, \"areaName\": \"办公室2\", \"itemName\": \"办公室前地面\", \"photoUrls\": [], \"pointName\": \"办公室前地面\", \"workRequirements\": \"保持干净，无可清扫的垃圾。\"}, {\"itemId\": 16, \"remark\": \"\", \"status\": 1, \"areaName\": \"会议室\", \"itemName\": \"责任区照片\", \"photoUrls\": [\"/uploads/1ce1b931-9397-40b1-9073-7f125e09a281.jpg\"], \"pointName\": \"责任区照片\", \"workRequirements\": \"\"}, {\"itemId\": 17, \"remark\": \"\", \"status\": 1, \"areaName\": \"办公室2\", \"itemName\": \"责任区照片\", \"photoUrls\": [\"/uploads/b1438d22-8044-498d-8e17-ab770927906a.jpg\"], \"pointName\": \"责任区照片\", \"workRequirements\": \"\"}]','[\"/uploads/1ce1b931-9397-40b1-9073-7f125e09a281.jpg\",\"/uploads/b1438d22-8044-498d-8e17-ab770927906a.jpg\"]','2026-01-22 20:23:50',1,733,'2026-01-22 20:23:50'),(9,'SI20260123104209PI11','hygiene',0,22,30,'王同文','2026-01-23','[]','[{\"itemId\": 1, \"remark\": \"\", \"status\": 1, \"areaName\": \"蛹化室\", \"itemName\": \"门、室内\", \"photoUrls\": [], \"pointName\": \"门、室内\", \"workRequirements\": \"门面及拉手无污渍，门常处于关闭状态。室内飞虫数不超过5只。\"}, {\"itemId\": 2, \"remark\": \"\", \"status\": 1, \"areaName\": \"蛹化室\", \"itemName\": \"地  面\", \"photoUrls\": [], \"pointName\": \"地  面\", \"workRequirements\": \"清扫拖擦，物品摆放整齐，无杂物、脚印、污渍及爬虫。\"}, {\"itemId\": 3, \"remark\": \"\", \"status\": 1, \"areaName\": \"蛹化室\", \"itemName\": \"养殖盒\", \"photoUrls\": [], \"pointName\": \"养殖盒\", \"workRequirements\": \"养殖盒外边角无尘土、表面无污渍，标牌无涂抹。\"}, {\"itemId\": 4, \"remark\": \"\", \"status\": 1, \"areaName\": \"蛹化室\", \"itemName\": \"设备、墙壁\", \"photoUrls\": [], \"pointName\": \"设备、墙壁\", \"workRequirements\": \"设备表面无尘、无污渍，墙角无蛛网，悬挂物无尘土。\"}, {\"itemId\": 5, \"remark\": \"\", \"status\": 1, \"areaName\": \"蛹化室\", \"itemName\": \"料桶及工具\", \"photoUrls\": [], \"pointName\": \"料桶及工具\", \"workRequirements\": \"料桶摆放整齐、桶盖内外洁净无污渍。工具使用后清洗干净按要求摆放整齐，\"}, {\"itemId\": 6, \"remark\": \"\", \"status\": 1, \"areaName\": \"养鸡区域\", \"itemName\": \"围挡表面\", \"photoUrls\": [], \"pointName\": \"围挡表面\", \"workRequirements\": \"无可清除的污渍，掉漆处及时补漆。\"}, {\"itemId\": 7, \"remark\": \"\", \"status\": 1, \"areaName\": \"养鸡区域\", \"itemName\": \"安全标牌\", \"photoUrls\": [], \"pointName\": \"安全标牌\", \"workRequirements\": \"干净整洁，无灰尘。\"}, {\"itemId\": 8, \"remark\": \"\", \"status\": 1, \"areaName\": \"养鸡区域\", \"itemName\": \"养鸡区域\", \"photoUrls\": [], \"pointName\": \"养鸡区域\", \"workRequirements\": \"地面保持干净，无可清理掉的垃圾和物资。\"}, {\"itemId\": 9, \"remark\": \"\", \"status\": 1, \"areaName\": \"养鸡区域\", \"itemName\": \"垃圾桶\", \"photoUrls\": [], \"pointName\": \"垃圾桶\", \"workRequirements\": \"外部干净整洁。\"}, {\"itemId\": 10, \"remark\": \"\", \"status\": 1, \"areaName\": \"养鸡区域\", \"itemName\": \"养鸡设备\", \"photoUrls\": [], \"pointName\": \"养鸡设备\", \"workRequirements\": \"干净整洁，无灰尘。\"}, {\"itemId\": 11, \"remark\": \"\", \"status\": 1, \"areaName\": \"蛹化室\", \"itemName\": \"责任区照片\", \"photoUrls\": [\"/uploads/e77452ba-efee-489d-b56a-1a9e0a1e8abd.jpg\"], \"pointName\": \"责任区照片\", \"workRequirements\": \"\"}, {\"itemId\": 12, \"remark\": \"\", \"status\": 1, \"areaName\": \"养鸡区域\", \"itemName\": \"责任区照片\", \"photoUrls\": [\"/uploads/1f727827-e77f-439e-9f4c-6cbea0096e50.jpg\", \"/uploads/fa8f2e06-ade5-4172-9341-c470c8157bef.jpg\", \"/uploads/b009dbc4-6a22-40d2-a9bd-f31f449830b2.jpg\"], \"pointName\": \"责任区照片\", \"workRequirements\": \"\"}]','[\"/uploads/e77452ba-efee-489d-b56a-1a9e0a1e8abd.jpg\",\"/uploads/1f727827-e77f-439e-9f4c-6cbea0096e50.jpg\",\"/uploads/fa8f2e06-ade5-4172-9341-c470c8157bef.jpg\",\"/uploads/b009dbc4-6a22-40d2-a9bd-f31f449830b2.jpg\"]','2026-01-23 10:42:09',1,152,'2026-01-23 10:42:09'),(10,'SI20260123104448QHUT','safety',0,22,30,'王同文','2026-01-23','[1]','[{\"itemId\": 1, \"remark\": \"\", \"status\": 1, \"itemName\": \"工作服\", \"photoUrls\": [], \"workTypeId\": 1, \"itemStandard\": \"现场工作时必须穿工作服，并且保证工作服干净整洁\", \"workTypeName\": \"基本工作\"}, {\"itemId\": 2, \"remark\": \"\", \"status\": 1, \"itemName\": \"安全帽\", \"photoUrls\": [], \"workTypeId\": 1, \"itemStandard\": \"出入厂区必须正确佩戴安全帽\", \"workTypeName\": \"基本工作\"}, {\"itemId\": 3, \"remark\": \"\", \"status\": 1, \"itemName\": \"防砸鞋\", \"photoUrls\": [], \"workTypeId\": 1, \"itemStandard\": \"在进行现场工作时必须穿防砸鞋\", \"workTypeName\": \"基本工作\"}]','[]','2026-01-23 10:44:48',1,154,'2026-01-23 10:44:48');
/*!40000 ALTER TABLE `safety_self_inspections` ENABLE KEYS */;
UNLOCK TABLES;

--
-- Table structure for table `safety_work_types`
--

DROP TABLE IF EXISTS `safety_work_types`;
/*!40101 SET @saved_cs_client     = @@character_set_client */;
/*!50503 SET character_set_client = utf8mb4 */;
CREATE TABLE `safety_work_types` (
  `id` int NOT NULL AUTO_INCREMENT,
  `work_type_name` varchar(100) COLLATE utf8mb4_unicode_ci NOT NULL COMMENT '工作性质名称',
  `is_default` tinyint DEFAULT '0' COMMENT '是否默认必选（基本工作）',
  `sort_order` int DEFAULT '0' COMMENT '排序',
  `points` int DEFAULT '0' COMMENT '???',
  `status` enum('active','inactive') COLLATE utf8mb4_unicode_ci DEFAULT 'active' COMMENT '状态',
  `created_at` datetime NOT NULL,
  `updated_at` datetime NOT NULL,
  PRIMARY KEY (`id`)
) ENGINE=InnoDB AUTO_INCREMENT=6 DEFAULT CHARSET=utf8mb4 COLLATE=utf8mb4_unicode_ci;
/*!40101 SET character_set_client = @saved_cs_client */;

--
-- Dumping data for table `safety_work_types`
--

LOCK TABLES `safety_work_types` WRITE;
/*!40000 ALTER TABLE `safety_work_types` DISABLE KEYS */;
INSERT INTO `safety_work_types` VALUES (1,'基本工作',1,0,0,'active','2026-01-21 10:08:45','2026-01-21 10:08:45'),(2,'焊接',0,1,0,'active','2026-01-21 10:08:45','2026-01-21 10:08:45'),(3,'切割',0,2,0,'active','2026-01-21 10:08:45','2026-01-21 10:08:45'),(4,'操作',0,3,0,'active','2026-01-21 10:08:45','2026-01-21 10:08:45'),(5,'电气',0,4,0,'active','2026-01-21 10:08:45','2026-01-21 10:08:45');
/*!40000 ALTER TABLE `safety_work_types` ENABLE KEYS */;
UNLOCK TABLES;

--
-- Table structure for table `schedules`
--

DROP TABLE IF EXISTS `schedules`;
/*!40101 SET @saved_cs_client     = @@character_set_client */;
/*!50503 SET character_set_client = utf8mb4 */;
CREATE TABLE `schedules` (
  `id` int NOT NULL AUTO_INCREMENT,
  `project_id` int NOT NULL,
  `station_id` int DEFAULT NULL,
  `user_id` int NOT NULL,
  `user_name` varchar(50) DEFAULT NULL,
  `position_name` varchar(50) DEFAULT NULL,
  `year` int NOT NULL,
  `month` int NOT NULL,
  `schedules` json DEFAULT NULL COMMENT 'æŽ’ç­æ•°æ® {"2025-12-01":"09:00-18:00","2025-12-02":"ä¼‘"}',
  `created_by` int DEFAULT NULL,
  `created_at` datetime DEFAULT CURRENT_TIMESTAMP,
  `updated_at` datetime DEFAULT CURRENT_TIMESTAMP ON UPDATE CURRENT_TIMESTAMP,
  PRIMARY KEY (`id`),
  UNIQUE KEY `uk_schedule_user_station_position_month` (`user_id`,`station_id`,`position_name`,`year`,`month`),
  UNIQUE KEY `schedules_user_id_station_id_position_name_year_month` (`user_id`,`station_id`,`position_name`,`year`,`month`),
  KEY `idx_schedule_project` (`project_id`),
  KEY `idx_schedule_year_month` (`year`,`month`),
  KEY `schedules_project_id` (`project_id`),
  KEY `schedules_year_month` (`year`,`month`)
) ENGINE=InnoDB AUTO_INCREMENT=22 DEFAULT CHARSET=utf8mb4 COLLATE=utf8mb4_0900_ai_ci COMMENT='æŽ’ç­è¡¨';
/*!40101 SET character_set_client = @saved_cs_client */;

--
-- Dumping data for table `schedules`
--

LOCK TABLES `schedules` WRITE;
/*!40000 ALTER TABLE `schedules` DISABLE KEYS */;
INSERT INTO `schedules` VALUES (4,1,16,12,'李四','站长',2026,1,'{\"2026-01-01\": true, \"2026-01-02\": true, \"2026-01-05\": true, \"2026-01-06\": true, \"2026-01-07\": true, \"2026-01-08\": true, \"2026-01-09\": true, \"2026-01-12\": true, \"2026-01-13\": true, \"2026-01-14\": true, \"2026-01-15\": true, \"2026-01-16\": true, \"2026-01-19\": true, \"2026-01-20\": true, \"2026-01-21\": true, \"2026-01-22\": true, \"2026-01-23\": true, \"2026-01-26\": true, \"2026-01-27\": true, \"2026-01-28\": true, \"2026-01-29\": true, \"2026-01-30\": true}',12,'2026-01-21 13:25:22','2026-01-21 13:25:22'),(8,1,23,25,'张西海','培养',2025,1,'{\"2025-01-01\": true, \"2025-01-02\": true, \"2025-01-03\": true, \"2025-01-15\": true, \"2025-01-16\": true, \"2025-01-17\": true, \"2025-01-18\": true, \"2025-01-19\": true, \"2025-01-20\": true, \"2025-01-21\": true, \"2025-01-22\": true, \"2025-01-23\": true, \"2025-01-24\": true, \"2025-01-26\": true, \"2025-01-27\": true, \"2025-01-28\": true, \"2025-01-29\": true, \"2025-01-30\": true, \"2025-01-31\": true}',38,'2026-01-21 17:17:31','2026-01-21 17:17:31'),(9,1,23,28,'杨国利','培养',2025,1,'{\"2025-01-04\": true, \"2025-01-05\": true, \"2025-01-06\": true, \"2025-01-07\": true, \"2025-01-08\": true, \"2025-01-09\": true}',38,'2026-01-21 17:17:31','2026-01-21 17:17:31'),(10,1,23,37,'史志雨','培养',2025,1,'{\"2025-01-10\": true, \"2025-01-11\": true, \"2025-01-12\": true, \"2025-01-13\": true, \"2025-01-14\": true, \"2025-01-25\": true}',38,'2026-01-21 17:17:31','2026-01-21 17:17:31'),(11,1,23,28,'杨国利','垃圾处理',2025,1,'{\"2025-01-10\": true, \"2025-01-11\": true, \"2025-01-12\": true, \"2025-01-13\": true, \"2025-01-14\": true, \"2025-01-16\": true, \"2025-01-17\": true, \"2025-01-18\": true, \"2025-01-19\": true, \"2025-01-20\": true, \"2025-01-21\": true, \"2025-01-22\": true, \"2025-01-23\": true, \"2025-01-24\": true, \"2025-01-26\": true, \"2025-01-27\": true, \"2025-01-28\": true, \"2025-01-29\": true, \"2025-01-30\": true, \"2025-01-31\": true}',38,'2026-01-21 17:17:31','2026-01-21 17:17:31'),(12,1,23,32,'杨大华','垃圾处理',2025,1,'{\"2025-01-15\": true, \"2025-01-25\": true}',38,'2026-01-21 17:17:31','2026-01-21 17:17:31'),(13,1,23,28,'杨国利','培养',2026,1,'{\"2026-01-04\": true, \"2026-01-05\": true, \"2026-01-06\": true, \"2026-01-07\": true, \"2026-01-08\": true, \"2026-01-09\": true, \"2026-01-10\": true, \"2026-01-11\": true, \"2026-01-14\": true, \"2026-01-15\": true, \"2026-01-16\": true}',38,'2026-01-21 19:34:05','2026-01-21 19:34:05'),(14,1,23,37,'史志雨','培养',2026,1,'{\"2026-01-12\": true, \"2026-01-13\": true, \"2026-01-25\": true}',38,'2026-01-21 19:34:05','2026-01-21 19:34:05'),(15,1,23,28,'杨国利','垃圾处理',2026,1,'{\"2026-01-10\": true, \"2026-01-11\": true, \"2026-01-12\": true, \"2026-01-22\": true, \"2026-01-23\": true, \"2026-01-24\": true, \"2026-01-26\": true, \"2026-01-27\": true, \"2026-01-28\": true, \"2026-01-29\": true, \"2026-01-30\": true, \"2026-01-31\": true}',38,'2026-01-21 19:34:05','2026-01-21 19:34:05'),(16,1,23,32,'杨大华','垃圾处理',2026,1,'{\"2026-01-25\": true}',38,'2026-01-21 19:34:05','2026-01-21 19:34:05'),(17,1,22,37,'史志雨','站长',2026,1,'{\"2026-01-02\": true, \"2026-01-03\": true, \"2026-01-04\": true, \"2026-01-05\": true, \"2026-01-06\": true, \"2026-01-07\": true, \"2026-01-08\": true, \"2026-01-09\": true, \"2026-01-10\": true, \"2026-01-11\": true, \"2026-01-14\": true, \"2026-01-15\": true, \"2026-01-17\": true, \"2026-01-18\": true, \"2026-01-19\": true, \"2026-01-20\": true, \"2026-01-21\": true, \"2026-01-22\": true, \"2026-01-23\": true, \"2026-01-24\": true, \"2026-01-26\": true, \"2026-01-27\": true, \"2026-01-28\": true, \"2026-01-29\": true, \"2026-01-30\": true, \"2026-01-31\": true}',38,'2026-01-21 19:34:05','2026-01-21 19:34:05'),(18,1,22,25,'张西海','羽化 培养',2026,1,'{\"2026-01-01\": true, \"2026-01-02\": true, \"2026-01-03\": true, \"2026-01-17\": true, \"2026-01-18\": true, \"2026-01-19\": true, \"2026-01-20\": true, \"2026-01-21\": true, \"2026-01-22\": true, \"2026-01-23\": true, \"2026-01-24\": true, \"2026-01-26\": true, \"2026-01-27\": true, \"2026-01-28\": true, \"2026-01-29\": true, \"2026-01-30\": true, \"2026-01-31\": true}',38,'2026-01-21 19:34:05','2026-01-21 19:34:05'),(19,1,22,26,'贾军','预蛹养殖 养鸭',2026,1,'{\"2026-01-01\": true, \"2026-01-02\": true, \"2026-01-03\": true, \"2026-01-04\": true, \"2026-01-05\": true, \"2026-01-06\": true, \"2026-01-07\": true, \"2026-01-08\": true, \"2026-01-09\": true, \"2026-01-10\": true, \"2026-01-11\": true, \"2026-01-12\": true, \"2026-01-13\": true, \"2026-01-14\": true, \"2026-01-15\": true, \"2026-01-16\": true, \"2026-01-17\": true, \"2026-01-19\": true, \"2026-01-20\": true, \"2026-01-21\": true, \"2026-01-22\": true, \"2026-01-23\": true, \"2026-01-24\": true, \"2026-01-25\": true, \"2026-01-26\": true, \"2026-01-27\": true, \"2026-01-28\": true, \"2026-01-29\": true, \"2026-01-30\": true, \"2026-01-31\": true}',38,'2026-01-21 19:34:05','2026-01-21 19:34:05'),(20,1,22,30,'王同文','蛹化 养鸡',2026,1,'{\"2026-01-02\": true, \"2026-01-03\": true, \"2026-01-04\": true, \"2026-01-05\": true, \"2026-01-06\": true, \"2026-01-08\": true, \"2026-01-09\": true, \"2026-01-10\": true, \"2026-01-11\": true, \"2026-01-12\": true, \"2026-01-13\": true, \"2026-01-14\": true, \"2026-01-15\": true, \"2026-01-16\": true, \"2026-01-17\": true, \"2026-01-18\": true, \"2026-01-19\": true, \"2026-01-20\": true, \"2026-01-21\": true, \"2026-01-22\": true, \"2026-01-23\": true, \"2026-01-24\": true, \"2026-01-25\": true, \"2026-01-26\": true, \"2026-01-27\": true, \"2026-01-28\": true, \"2026-01-29\": true, \"2026-01-30\": true, \"2026-01-31\": true}',38,'2026-01-21 19:34:05','2026-01-21 19:34:05'),(21,1,17,43,'测试-站长1','站长',2026,1,'{\"2026-01-01\": true, \"2026-01-02\": true, \"2026-01-05\": true, \"2026-01-06\": true, \"2026-01-07\": true, \"2026-01-08\": true, \"2026-01-09\": true, \"2026-01-12\": true, \"2026-01-13\": true, \"2026-01-14\": true, \"2026-01-15\": true, \"2026-01-16\": true, \"2026-01-19\": true, \"2026-01-20\": true, \"2026-01-21\": true, \"2026-01-22\": true, \"2026-01-23\": true, \"2026-01-26\": true, \"2026-01-27\": true, \"2026-01-28\": true, \"2026-01-29\": true, \"2026-01-30\": true}',35,'2026-01-22 19:48:43','2026-01-22 19:48:43');
/*!40000 ALTER TABLE `schedules` ENABLE KEYS */;
UNLOCK TABLES;

--
-- Table structure for table `stations`
--

DROP TABLE IF EXISTS `stations`;
/*!40101 SET @saved_cs_client     = @@character_set_client */;
/*!50503 SET character_set_client = utf8mb4 */;
CREATE TABLE `stations` (
  `id` int NOT NULL AUTO_INCREMENT,
  `station_name` varchar(100) NOT NULL COMMENT 'åœºç«™åç§°',
  `station_type` enum('有机资源再生中心','机械化分选站','黑水虻场站','办公区','绿植堆肥站','绿植粉碎站') DEFAULT NULL,
  `check_in_time` time DEFAULT '08:10:00' COMMENT 'è‡ªæ£€æˆªæ­¢æ—¶é—´',
  `location` varchar(200) DEFAULT NULL COMMENT 'åœ°å€',
  `status` enum('active','inactive') DEFAULT 'active',
  `created_at` datetime DEFAULT CURRENT_TIMESTAMP,
  `updated_at` datetime DEFAULT CURRENT_TIMESTAMP ON UPDATE CURRENT_TIMESTAMP,
  PRIMARY KEY (`id`)
) ENGINE=InnoDB AUTO_INCREMENT=25 DEFAULT CHARSET=utf8mb4 COLLATE=utf8mb4_0900_ai_ci COMMENT='åœºç«™è¡¨';
/*!40101 SET character_set_client = @saved_cs_client */;

--
-- Dumping data for table `stations`
--

LOCK TABLES `stations` WRITE;
/*!40000 ALTER TABLE `stations` DISABLE KEYS */;
INSERT INTO `stations` VALUES (1,'中关村一小怀柔分校','有机资源再生中心','08:10:00',NULL,'active','2026-01-10 21:12:45','2026-01-20 17:03:30'),(2,'怀柔办公区','有机资源再生中心','08:10:00',NULL,'active','2026-01-10 21:12:45','2026-01-20 17:02:53'),(3,'沙铁站','有机资源再生中心','08:10:00',NULL,'active','2026-01-10 21:12:45','2026-01-20 17:03:11'),(4,'北外站','有机资源再生中心','08:10:00',NULL,'active','2026-01-10 21:12:45','2026-01-10 21:43:05'),(5,'北师大','有机资源再生中心','08:10:00',NULL,'active','2026-01-10 21:12:45','2026-01-10 21:43:05'),(7,'中关村一小西二旗分校','有机资源再生中心','08:10:00',NULL,'active','2026-01-10 21:12:45','2026-01-10 21:43:05'),(9,'紫竹院','有机资源再生中心','08:10:00',NULL,'active','2026-01-10 21:12:45','2026-01-10 21:43:05'),(11,'海淀一办站','有机资源再生中心','08:10:00',NULL,'active','2026-01-10 21:12:45','2026-01-10 21:43:05'),(12,'怀柔西茶坞','有机资源再生中心','08:10:00',NULL,'active','2026-01-10 21:12:45','2026-01-10 21:43:05'),(13,'国航','有机资源再生中心','08:10:00',NULL,'active','2026-01-10 21:12:45','2026-01-10 21:43:05'),(14,'总部办公区','办公区','08:10:00',NULL,'active','2026-01-10 21:12:45','2026-01-10 21:43:05'),(16,'平义分站','有机资源再生中心','08:10:00',NULL,'active','2026-01-10 21:12:45','2026-01-10 21:43:05'),(17,'测试1',NULL,'08:10:00',NULL,'active','2026-01-14 10:39:58','2026-01-22 11:36:53'),(18,'坂井站',NULL,'08:10:00',NULL,'active','2026-01-19 14:48:39','2026-01-19 14:48:39'),(19,'北航站',NULL,'08:10:00',NULL,'active','2026-01-19 14:48:43','2026-01-19 14:48:43'),(21,'设备中心',NULL,'08:10:00',NULL,'active','2026-01-20 17:03:43','2026-01-20 17:03:43'),(22,'供卵（生产）',NULL,'08:10:00',NULL,'active','2026-01-20 17:03:55','2026-01-20 17:03:55'),(23,'沃尔玛',NULL,'08:10:00',NULL,'active','2026-01-21 15:48:21','2026-01-21 15:48:21'),(24,'测试2',NULL,'08:10:00',NULL,'active','2026-01-22 11:36:57','2026-01-22 11:36:57');
/*!40000 ALTER TABLE `stations` ENABLE KEYS */;
UNLOCK TABLES;

--
-- Table structure for table `system_configs`
--

DROP TABLE IF EXISTS `system_configs`;
/*!40101 SET @saved_cs_client     = @@character_set_client */;
/*!50503 SET character_set_client = utf8mb4 */;
CREATE TABLE `system_configs` (
  `id` int NOT NULL AUTO_INCREMENT,
  `config_key` varchar(100) COLLATE utf8mb4_unicode_ci NOT NULL,
  `config_value` text COLLATE utf8mb4_unicode_ci,
  `config_type` enum('system','business','device') COLLATE utf8mb4_unicode_ci DEFAULT 'system',
  `description` varchar(200) COLLATE utf8mb4_unicode_ci DEFAULT NULL,
  `updated_at` datetime NOT NULL,
  PRIMARY KEY (`id`),
  UNIQUE KEY `config_key` (`config_key`)
) ENGINE=InnoDB DEFAULT CHARSET=utf8mb4 COLLATE=utf8mb4_unicode_ci;
/*!40101 SET character_set_client = @saved_cs_client */;

--
-- Dumping data for table `system_configs`
--

LOCK TABLES `system_configs` WRITE;
/*!40000 ALTER TABLE `system_configs` DISABLE KEYS */;
/*!40000 ALTER TABLE `system_configs` ENABLE KEYS */;
UNLOCK TABLES;

--
-- Table structure for table `task_configs`
--

DROP TABLE IF EXISTS `task_configs`;
/*!40101 SET @saved_cs_client     = @@character_set_client */;
/*!50503 SET character_set_client = utf8mb4 */;
CREATE TABLE `task_configs` (
  `id` int NOT NULL AUTO_INCREMENT,
  `task_name` varchar(100) COLLATE utf8mb4_unicode_ci NOT NULL COMMENT '任务名称',
  `standard_hours` decimal(4,2) NOT NULL COMMENT '标准工时',
  `project_id` int DEFAULT NULL COMMENT '项目ID（null表示全局任务）',
  `is_system_default` tinyint DEFAULT '0' COMMENT '是否系统预设',
  `status` enum('active','inactive') COLLATE utf8mb4_unicode_ci DEFAULT 'active',
  `created_by` int DEFAULT NULL,
  `created_at` datetime NOT NULL,
  `updated_at` datetime NOT NULL,
  PRIMARY KEY (`id`),
  KEY `task_configs_project_id` (`project_id`)
) ENGINE=InnoDB DEFAULT CHARSET=utf8mb4 COLLATE=utf8mb4_unicode_ci;
/*!40101 SET character_set_client = @saved_cs_client */;

--
-- Dumping data for table `task_configs`
--

LOCK TABLES `task_configs` WRITE;
/*!40000 ALTER TABLE `task_configs` DISABLE KEYS */;
/*!40000 ALTER TABLE `task_configs` ENABLE KEYS */;
UNLOCK TABLES;

--
-- Table structure for table `temporary_task_library`
--

DROP TABLE IF EXISTS `temporary_task_library`;
/*!40101 SET @saved_cs_client     = @@character_set_client */;
/*!50503 SET character_set_client = utf8mb4 */;
CREATE TABLE `temporary_task_library` (
  `id` int NOT NULL AUTO_INCREMENT,
  `task_name` varchar(100) NOT NULL COMMENT 'å·¥ä½œåç§°',
  `task_content` text NOT NULL COMMENT 'å…·ä½“å·¥ä½œå†…å®¹',
  `standard_hours` decimal(4,2) NOT NULL COMMENT 'æ ‡å‡†å·¥æ—¶(h/d)',
  `points` int NOT NULL COMMENT 'ç§¯åˆ†',
  `station_id` int DEFAULT NULL,
  `created_by` int DEFAULT NULL COMMENT 'åˆ›å»ºäººID',
  `created_by_name` varchar(50) DEFAULT NULL COMMENT 'åˆ›å»ºäººå§“å',
  `created_at` datetime DEFAULT CURRENT_TIMESTAMP,
  `updated_at` datetime DEFAULT CURRENT_TIMESTAMP ON UPDATE CURRENT_TIMESTAMP,
  PRIMARY KEY (`id`),
  KEY `idx_temp_task_station` (`station_id`),
  KEY `idx_temp_task_name` (`task_name`),
  KEY `temporary_task_library_station_id` (`station_id`),
  KEY `temporary_task_library_task_name` (`task_name`)
) ENGINE=InnoDB AUTO_INCREMENT=60 DEFAULT CHARSET=utf8mb4 COLLATE=utf8mb4_0900_ai_ci COMMENT='ä¸´æ—¶å·¥ä½œä»»åŠ¡åº“';
/*!40101 SET character_set_client = @saved_cs_client */;

--
-- Dumping data for table `temporary_task_library`
--

LOCK TABLES `temporary_task_library` WRITE;
/*!40000 ALTER TABLE `temporary_task_library` DISABLE KEYS */;
INSERT INTO `temporary_task_library` VALUES (7,'平台制作与电箱安装','滚筒筛制作检修平台，走线槽，安装电箱。',1.00,10,NULL,35,'艾成礼','2026-01-22 15:27:46','2026-01-22 15:27:46'),(8,'螺旋减速机更换','更换1、2、3号螺旋减速机。',1.00,8,NULL,35,'艾成礼','2026-01-22 15:27:46','2026-01-22 15:27:46'),(9,'原料秤支架制作安装','制作原料秤支架焊接，安装原料称',1.00,10,NULL,35,'艾成礼','2026-01-22 15:27:46','2026-01-22 15:27:46'),(10,'减速机安装与罩子组装','C箱安装板链减速机，组装罩子焊接吊点，安装。',1.00,10,NULL,35,'艾成礼','2026-01-22 15:27:46','2026-01-22 15:27:46'),(11,'卫生清理','中关村小学怀柔分校搞卫生。',1.00,10,NULL,35,'艾成礼','2026-01-22 15:27:46','2026-01-22 15:27:46'),(12,'进料口加工安装','下料加工滚筒筛进料料口，安装。',1.00,10,NULL,35,'艾成礼','2026-01-22 15:27:46','2026-01-22 15:27:46'),(13,'防护罩安装','安装罩子。',1.00,10,NULL,35,'艾成礼','2026-01-22 15:27:46','2026-01-22 15:27:46'),(14,'结构加固与配件安装','加固焊接横梁，安装C箱皮带出料口，安装板链底板。',1.00,10,NULL,35,'艾成礼','2026-01-22 15:27:46','2026-01-22 15:27:46'),(15,'电气接线调试','接挡盒限位线，激光对射线，气缸控制线，调试。',1.00,10,NULL,35,'艾成礼','2026-01-22 15:27:46','2026-01-22 15:27:46'),(16,'库房整理与辅助工作','电机入库，C箱螺旋减速机安装键，精分减速机安装键，C箱清理卫生，配合秘岗云工作。',1.00,10,NULL,35,'艾成礼','2026-01-22 15:27:46','2026-01-22 15:27:46'),(17,'平台固定与支架切割','大虫加料平台固定，切割混料机原粉碎机支架。',1.00,10,NULL,35,'艾成礼','2026-01-22 15:27:46','2026-01-22 15:27:46'),(18,'控制箱安装与线缆敷设','1、安装C箱就地控制箱，敷设线缆。2、接A箱电机主线到端子。3、接A箱控制信号线。4、安装B1、B3上下拖链及敷设拖链线.5、敷设A箱到B3,C箱电源线，信号线。6、敷设到温控设备的线及线管。7，安装到培养室，办公室快插电源线。8、单机点动测试。',1.00,10,NULL,35,'艾成礼','2026-01-22 15:27:46','2026-01-22 15:27:46'),(19,'管路改造与保温','换热器保温，冷却器接排水管走到C箱螺旋里，螺旋安装孔打胶，改进料称挂钩，安装养殖盒。',1.00,10,NULL,35,'艾成礼','2026-01-22 15:27:46','2026-01-22 15:27:46'),(20,'调试配合与配件安装','配合调试，安装行走伺服电机减速机试机。加工流利条最外边小轮的固定皮子安装。',1.00,10,NULL,35,'艾成礼','2026-01-22 15:27:46','2026-01-22 15:27:46'),(21,'仪表安装与单机调试','1、安装C箱称重仪表，敷设C箱滚筒电机皮带电源。2、单机调试。',1.00,10,NULL,35,'艾成礼','2026-01-22 15:27:46','2026-01-22 15:27:46'),(22,'缝隙封堵与风扇更换','B箱顶部皮带封堵缝隙，更换粉碎机加料螺旋变频风扇。',1.00,10,NULL,35,'艾成礼','2026-01-22 15:27:46','2026-01-22 15:27:46'),(23,'照明安装','围挡内安装照明灯。',1.00,10,NULL,35,'艾成礼','2026-01-22 15:27:46','2026-01-22 15:27:46'),(24,'封堵与挡板制作','粉碎机进料口封堵，边板封堵打胶，制作挡板。',1.00,10,NULL,35,'艾成礼','2026-01-22 15:27:46','2026-01-22 15:27:46'),(25,'出料口焊接制作','精分制作筛上物出料料口焊接。',1.00,10,NULL,35,'艾成礼','2026-01-22 15:27:46','2026-01-22 15:27:46'),(26,'踏步制作与出料口改造','制作A箱夸螺旋踏步，改混料机出料螺旋出料口。',1.00,10,NULL,35,'艾成礼','2026-01-22 15:27:46','2026-01-22 15:27:46'),(27,'挡料板制作安装','制作翻盒挡料板安装。',1.00,10,NULL,35,'艾成礼','2026-01-22 15:27:46','2026-01-22 15:27:46'),(28,'机械零部件加工','下料加工真空箱，下智慧平台料，加工轴，铣键槽安装齿轮。',1.00,10,NULL,35,'艾成礼','2026-01-22 15:27:46','2026-01-22 15:27:46'),(29,'电气对点配合','配合4.0电气对点工作。',1.00,10,NULL,35,'艾成礼','2026-01-22 15:27:46','2026-01-22 15:27:46'),(30,'调试配合与保温施工','配合调试，现场清理，B、C箱之间风管进箱保温。',1.00,10,NULL,35,'艾成礼','2026-01-22 15:27:46','2026-01-22 15:27:46'),(31,'机械调整与联轴器更换','B3垫高流利条达到调平料盒，联轴器到货后进行智慧平台X轴移动电机联轴器更换工作（优先完成B1智慧平台）。',1.00,10,NULL,35,'艾成礼','2026-01-22 15:27:46','2026-01-22 15:27:46'),(32,'风管改造与封堵','改培养风管，封堵原风孔，封堵集装箱原进风口。',1.00,10,NULL,35,'艾成礼','2026-01-22 15:27:46','2026-01-22 15:27:46'),(33,'隔断护板制作固定','制作进培养室隔断护板固定。',1.00,10,NULL,35,'艾成礼','2026-01-22 15:27:46','2026-01-22 15:27:46'),(34,'支架焊接与气缸安装','焊接吸料装置支架，安装气缸、滑轨。',1.00,10,NULL,35,'艾成礼','2026-01-22 15:27:46','2026-01-22 15:27:46'),(35,'台阶下料焊接','下料焊接培养室进门台阶。',1.00,10,NULL,35,'艾成礼','2026-01-22 15:27:46','2026-01-22 15:27:46'),(36,'气动阀安装与配管','4、5号智慧平台安装气动阀，走气管。',1.00,10,NULL,35,'艾成礼','2026-01-22 15:27:46','2026-01-22 15:27:46'),(37,'机械故障排除与调整','调整1、2号智慧平台钩舌推板，调整B1箱流利条处理料盒滑出故障。',1.00,10,NULL,35,'艾成礼','2026-01-22 15:27:46','2026-01-22 15:27:46'),(38,'除臭塔巡检维护','2.5和供卵除臭塔巡视（每天），清理过滤网（每周两次），换水（每月1日和15日），加水（每天），清喷头（每月一次）。',1.00,10,NULL,35,'艾成礼','2026-01-22 15:27:46','2026-01-22 15:27:46'),(39,'坐标测量与点位核实','1，测坐标。2.核实输入点位和输出点位和实际对应。',1.00,10,NULL,35,'艾成礼','2026-01-22 15:27:46','2026-01-22 15:27:46'),(40,'电控箱制作与监控安装','1、制作总电控箱。2、安装摄像头。',1.00,10,NULL,35,'艾成礼','2026-01-22 15:27:46','2026-01-22 15:27:46'),(41,'隔断网更换','更换4#羽化室隔断间羽化拉链网',1.00,10,NULL,35,'艾成礼','2026-01-22 15:27:46','2026-01-22 15:27:46'),(42,'电气触点加装与校秤','1、翻桶机物料选择按钮加装常闭辅助触点并串接入另一常闭触点。2、校准加料秤。',1.00,10,NULL,35,'艾成礼','2026-01-22 15:27:46','2026-01-22 15:27:46'),(43,'数据抄表','抄表。',1.00,5,NULL,35,'艾成礼','2026-01-22 15:27:46','2026-01-22 15:27:46'),(44,'配电箱巡检','每日巡检配电箱。',1.00,10,NULL,35,'艾成礼','2026-01-22 15:27:46','2026-01-22 15:27:46'),(45,'坐标测量与点位核实','1，测坐标。2.核实输入点位和输出点位和实际对应。',1.00,10,NULL,35,'艾成礼','2026-01-22 15:27:46','2026-01-22 15:27:46'),(46,'电控箱制作与监控安装','1、制作总电控箱。2、安装摄像头。',1.00,10,NULL,35,'艾成礼','2026-01-22 15:27:46','2026-01-22 15:27:46'),(47,'电气触点加装与校秤','1、翻桶机物料选择按钮加装常闭辅助触点并串接入另一常闭触点。2、校准加料秤。',1.00,10,NULL,35,'艾成礼','2026-01-22 15:27:46','2026-01-22 15:27:46'),(48,'平台接线调试','C箱智慧平台接线，调试。',1.00,10,NULL,35,'艾成礼','2026-01-22 15:27:46','2026-01-22 15:27:46'),(49,'风管改造与封堵','改培养风管，封堵原风孔，封堵集装箱原进风口。',1.00,10,NULL,35,'艾成礼','2026-01-22 15:27:46','2026-01-22 15:27:46'),(50,'隔断护板制作固定','制作进培养室隔断护板固定。',1.00,10,NULL,35,'艾成礼','2026-01-22 15:27:46','2026-01-22 15:27:46'),(51,'机械故障排除与调整','调整1、2号智慧平台钩舌推板，调整B1箱流利条处理料盒滑出故障。',1.00,10,NULL,35,'艾成礼','2026-01-22 15:27:46','2026-01-22 15:27:46'),(52,'除臭塔巡检维护','2.5及供卵除臭塔巡视（每天），清理过滤网（每周两次），每周换水，加水（每天），清喷头（每月一次）。',1.00,10,NULL,35,'艾成礼','2026-01-22 15:27:46','2026-01-22 15:27:46'),(53,'支架焊接与气缸安装','焊接吸料装置支架，安装气缸、滑轨。',1.00,10,NULL,35,'艾成礼','2026-01-22 15:27:46','2026-01-22 15:27:46'),(54,'台阶与平台焊接','下料焊接台阶，焊接吸料平台。',1.00,10,NULL,35,'艾成礼','2026-01-22 15:27:46','2026-01-22 15:27:46'),(55,'库房管理','库房整理，出入库，整理单据。',1.00,10,NULL,35,'艾成礼','2026-01-22 15:27:46','2026-01-22 15:27:46'),(56,'物流签收','签收快递。',1.00,10,NULL,35,'艾成礼','2026-01-22 15:27:46','2026-01-22 15:27:46'),(57,'台阶下料焊接','下料焊接培养室进门台阶。',1.00,10,NULL,35,'艾成礼','2026-01-22 15:27:46','2026-01-22 15:27:46'),(58,'隔断网更换','更换4#羽化室隔断间羽化拉链网',1.00,10,NULL,35,'艾成礼','2026-01-22 15:27:46','2026-01-22 15:27:46'),(59,'料仓焊接与支架制作','焊接吸料料仓，制作吸料气缸支架，焊接支架安装轨道。',1.00,10,NULL,35,'艾成礼','2026-01-22 15:27:46','2026-01-22 15:27:46');
/*!40000 ALTER TABLE `temporary_task_library` ENABLE KEYS */;
UNLOCK TABLES;

--
-- Table structure for table `temporary_tasks`
--

DROP TABLE IF EXISTS `temporary_tasks`;
/*!40101 SET @saved_cs_client     = @@character_set_client */;
/*!50503 SET character_set_client = utf8mb4 */;
CREATE TABLE `temporary_tasks` (
  `id` int NOT NULL AUTO_INCREMENT,
  `task_code` varchar(50) COLLATE utf8mb4_unicode_ci NOT NULL,
  `task_name` varchar(100) COLLATE utf8mb4_unicode_ci NOT NULL,
  `task_description` text COLLATE utf8mb4_unicode_ci,
  `task_type` enum('temporary','overtime') COLLATE utf8mb4_unicode_ci DEFAULT NULL COMMENT '临时任务/加班',
  `assigner_id` int NOT NULL,
  `assigner_name` varchar(50) COLLATE utf8mb4_unicode_ci DEFAULT NULL,
  `executor_id` int NOT NULL,
  `executor_name` varchar(50) COLLATE utf8mb4_unicode_ci DEFAULT NULL,
  `department_id` int DEFAULT NULL,
  `project_id` int DEFAULT NULL,
  `station_id` int DEFAULT NULL,
  `plan_start_time` datetime DEFAULT NULL,
  `plan_end_time` datetime DEFAULT NULL,
  `actual_hours` decimal(4,2) DEFAULT NULL,
  `standard_hours` decimal(4,2) DEFAULT NULL COMMENT '标准工时(h/d)',
  `points` int DEFAULT '0' COMMENT '积分',
  `status` enum('pending','processing','completed') COLLATE utf8mb4_unicode_ci DEFAULT 'pending',
  `completion_note` text COLLATE utf8mb4_unicode_ci,
  `created_at` datetime NOT NULL,
  `updated_at` datetime NOT NULL,
  PRIMARY KEY (`id`),
  UNIQUE KEY `task_code` (`task_code`),
  KEY `assigner_id` (`assigner_id`),
  KEY `temporary_tasks_executor_id` (`executor_id`),
  KEY `temporary_tasks_status` (`status`),
  CONSTRAINT `temporary_tasks_ibfk_1` FOREIGN KEY (`assigner_id`) REFERENCES `users` (`id`) ON UPDATE CASCADE,
  CONSTRAINT `temporary_tasks_ibfk_2` FOREIGN KEY (`executor_id`) REFERENCES `users` (`id`) ON UPDATE CASCADE
) ENGINE=InnoDB AUTO_INCREMENT=3 DEFAULT CHARSET=utf8mb4 COLLATE=utf8mb4_unicode_ci;
/*!40101 SET character_set_client = @saved_cs_client */;

--
-- Dumping data for table `temporary_tasks`
--

LOCK TABLES `temporary_tasks` WRITE;
/*!40000 ALTER TABLE `temporary_tasks` DISABLE KEYS */;
INSERT INTO `temporary_tasks` VALUES (1,'TMP20260110154837V5L7','gdsaf','hfdsg','temporary',5,'Test station_manager',3,'Test operator',NULL,NULL,2,'2026-01-10 16:00:00','2026-01-11 01:00:00',1.00,1.00,10,'completed','','2026-01-10 23:48:37','2026-01-10 23:51:02'),(2,'TMP202601221948596JLW','电控箱制作与监控安装','1、制作总电控箱。2、安装摄像头。','temporary',35,'艾成礼',43,'测试-站长1',NULL,NULL,NULL,'2026-01-22 08:00:00','2026-01-22 17:00:00',2.00,1.00,10,'completed','','2026-01-22 19:48:59','2026-01-22 19:49:33');
/*!40000 ALTER TABLE `temporary_tasks` ENABLE KEYS */;
UNLOCK TABLES;

--
-- Table structure for table `user_permissions`
--

DROP TABLE IF EXISTS `user_permissions`;
/*!40101 SET @saved_cs_client     = @@character_set_client */;
/*!50503 SET character_set_client = utf8mb4 */;
CREATE TABLE `user_permissions` (
  `id` int NOT NULL AUTO_INCREMENT,
  `user_id` int NOT NULL,
  `permission_id` int NOT NULL,
  `effect` enum('allow','deny') NOT NULL DEFAULT 'allow',
  `created_at` timestamp NOT NULL DEFAULT CURRENT_TIMESTAMP,
  PRIMARY KEY (`id`),
  KEY `idx_user` (`user_id`),
  KEY `idx_permission` (`permission_id`)
) ENGINE=InnoDB DEFAULT CHARSET=utf8mb4 COLLATE=utf8mb4_0900_ai_ci;
/*!40101 SET character_set_client = @saved_cs_client */;

--
-- Dumping data for table `user_permissions`
--

LOCK TABLES `user_permissions` WRITE;
/*!40000 ALTER TABLE `user_permissions` DISABLE KEYS */;
/*!40000 ALTER TABLE `user_permissions` ENABLE KEYS */;
UNLOCK TABLES;

--
-- Table structure for table `user_projects`
--

DROP TABLE IF EXISTS `user_projects`;
/*!40101 SET @saved_cs_client     = @@character_set_client */;
/*!50503 SET character_set_client = utf8mb4 */;
CREATE TABLE `user_projects` (
  `id` int NOT NULL AUTO_INCREMENT,
  `user_id` int NOT NULL,
  `project_id` int NOT NULL,
  `created_at` datetime DEFAULT CURRENT_TIMESTAMP,
  `updated_at` datetime DEFAULT CURRENT_TIMESTAMP ON UPDATE CURRENT_TIMESTAMP,
  PRIMARY KEY (`id`),
  UNIQUE KEY `uk_user_project` (`user_id`,`project_id`),
  KEY `project_id` (`project_id`),
  CONSTRAINT `user_projects_ibfk_1` FOREIGN KEY (`user_id`) REFERENCES `users` (`id`),
  CONSTRAINT `user_projects_ibfk_2` FOREIGN KEY (`project_id`) REFERENCES `projects` (`id`)
) ENGINE=InnoDB AUTO_INCREMENT=2 DEFAULT CHARSET=utf8mb4 COLLATE=utf8mb4_0900_ai_ci COMMENT='ç”¨æˆ·é¡¹ç›®å…³è”è¡¨';
/*!40101 SET character_set_client = @saved_cs_client */;

--
-- Dumping data for table `user_projects`
--

LOCK TABLES `user_projects` WRITE;
/*!40000 ALTER TABLE `user_projects` DISABLE KEYS */;
INSERT INTO `user_projects` VALUES (1,1,1,'2026-01-10 21:12:45','2026-01-10 21:12:45');
/*!40000 ALTER TABLE `user_projects` ENABLE KEYS */;
UNLOCK TABLES;

--
-- Table structure for table `user_stations`
--

DROP TABLE IF EXISTS `user_stations`;
/*!40101 SET @saved_cs_client     = @@character_set_client */;
/*!50503 SET character_set_client = utf8mb4 */;
CREATE TABLE `user_stations` (
  `id` int NOT NULL AUTO_INCREMENT,
  `user_id` int NOT NULL,
  `station_id` int NOT NULL,
  `created_at` datetime DEFAULT CURRENT_TIMESTAMP,
  `updated_at` datetime DEFAULT CURRENT_TIMESTAMP ON UPDATE CURRENT_TIMESTAMP,
  PRIMARY KEY (`id`),
  UNIQUE KEY `uk_user_station` (`user_id`,`station_id`),
  UNIQUE KEY `user_stations_user_id_station_id` (`user_id`,`station_id`),
  KEY `station_id` (`station_id`),
  CONSTRAINT `user_stations_ibfk_1` FOREIGN KEY (`user_id`) REFERENCES `users` (`id`),
  CONSTRAINT `user_stations_ibfk_2` FOREIGN KEY (`station_id`) REFERENCES `stations` (`id`)
) ENGINE=InnoDB AUTO_INCREMENT=71 DEFAULT CHARSET=utf8mb4 COLLATE=utf8mb4_0900_ai_ci COMMENT='ç”¨æˆ·åœºç«™å…³è”è¡¨';
/*!40101 SET character_set_client = @saved_cs_client */;

--
-- Dumping data for table `user_stations`
--

LOCK TABLES `user_stations` WRITE;
/*!40000 ALTER TABLE `user_stations` DISABLE KEYS */;
INSERT INTO `user_stations` VALUES (1,1,1,'2026-01-10 21:12:45','2026-01-10 21:12:45'),(9,10,2,'2026-01-11 00:01:02','2026-01-11 00:01:02'),(13,11,17,'2026-01-14 10:40:30','2026-01-14 10:40:30'),(17,13,17,'2026-01-14 11:32:12','2026-01-14 11:32:12'),(19,14,17,'2026-01-14 11:32:24','2026-01-14 11:32:24'),(20,19,3,'2026-01-15 11:16:50','2026-01-15 11:16:50'),(22,5,9,'2026-01-17 15:04:27','2026-01-17 15:04:27'),(27,12,16,'2026-01-21 13:25:22','2026-01-21 13:25:22'),(56,28,23,'2026-01-21 19:34:05','2026-01-21 19:34:05'),(57,32,23,'2026-01-21 19:34:05','2026-01-21 19:34:05'),(59,37,22,'2026-01-21 19:34:05','2026-01-21 19:34:05'),(60,37,23,'2026-01-21 19:34:05','2026-01-21 19:34:05'),(62,25,22,'2026-01-21 19:34:05','2026-01-21 19:34:05'),(63,26,22,'2026-01-21 19:34:05','2026-01-21 19:34:05'),(64,30,22,'2026-01-21 19:34:05','2026-01-21 19:34:05'),(65,39,17,'2026-01-22 11:38:28','2026-01-22 11:38:28'),(67,48,24,'2026-01-22 11:38:28','2026-01-22 11:38:28'),(68,47,17,'2026-01-22 11:39:07','2026-01-22 11:39:07'),(70,43,17,'2026-01-22 19:48:43','2026-01-22 19:48:43');
/*!40000 ALTER TABLE `user_stations` ENABLE KEYS */;
UNLOCK TABLES;

--
-- Table structure for table `users`
--

DROP TABLE IF EXISTS `users`;
/*!40101 SET @saved_cs_client     = @@character_set_client */;
/*!50503 SET character_set_client = utf8mb4 */;
CREATE TABLE `users` (
  `id` int NOT NULL AUTO_INCREMENT,
  `username` varchar(50) NOT NULL COMMENT 'ç™»å½•è´¦å·',
  `password` varchar(255) NOT NULL COMMENT 'å¯†ç (bcryptåŠ å¯†)',
  `real_name` varchar(50) NOT NULL COMMENT 'çœŸå®žå§“å',
  `department_name` varchar(50) DEFAULT NULL COMMENT 'éƒ¨é—¨åç§°',
  `company_name` varchar(100) DEFAULT NULL COMMENT 'å…¬å¸',
  `phone` varchar(20) DEFAULT NULL COMMENT 'æ‰‹æœºå·',
  `email` varchar(100) DEFAULT NULL COMMENT 'é‚®ç®±',
  `role_id` int NOT NULL COMMENT 'è§’è‰²ID',
  `is_price_admin` tinyint DEFAULT '0' COMMENT 'æ˜¯å¦ä¸ºå•ä»·ä¸“å‘˜',
  `status` tinyint DEFAULT '1' COMMENT 'çŠ¶æ€ 1å¯ç”¨ 0ç¦ç”¨',
  `last_project_id` int DEFAULT NULL COMMENT 'æœ€åŽè®¿é—®çš„é¡¹ç›®ID',
  `last_station_id` int DEFAULT NULL COMMENT 'æœ€åŽè®¿é—®çš„åœºç«™ID',
  `created_at` datetime DEFAULT CURRENT_TIMESTAMP,
  `updated_at` datetime DEFAULT CURRENT_TIMESTAMP ON UPDATE CURRENT_TIMESTAMP,
  PRIMARY KEY (`id`),
  UNIQUE KEY `username` (`username`),
  KEY `users_role_id` (`role_id`),
  KEY `users_status` (`status`),
  CONSTRAINT `users_ibfk_1` FOREIGN KEY (`role_id`) REFERENCES `roles` (`id`)
) ENGINE=InnoDB AUTO_INCREMENT=50 DEFAULT CHARSET=utf8mb4 COLLATE=utf8mb4_0900_ai_ci COMMENT='ç”¨æˆ·è¡¨';
/*!40101 SET character_set_client = @saved_cs_client */;

--
-- Dumping data for table `users`
--

LOCK TABLES `users` WRITE;
/*!40000 ALTER TABLE `users` DISABLE KEYS */;
INSERT INTO `users` VALUES (1,'admin','$2a$10$yW6cQQQXUXftcUG0b.R0welvqeOfDmFDqCtAbv3PT4JNrPSr6ODZ2','系统管理员',NULL,NULL,NULL,NULL,1,0,1,NULL,NULL,'2026-01-10 21:12:45','2026-01-10 22:48:03'),(3,'operator_test','$2a$10$4dagCmVUHFwxWf3Bp4NzouDZhHnHHONi2Nl.tna.GI0aKgE47J4k6','操作1','Test Dept','Test Company',NULL,NULL,2,0,1,NULL,2,'2026-01-10 22:16:54','2026-01-13 18:52:58'),(4,'maintenance_test','$2a$10$VFghVVUJPFt69kCzpWv2Hefl/WWLMSUCuWhEtUJt/FOEUk.71vY0S','维修1','Test Dept','Test Company',NULL,NULL,3,0,1,NULL,NULL,'2026-01-10 22:16:54','2026-01-14 09:46:45'),(5,'station_manager_test','$2a$10$DyFa/lE.QAaGA5tz13nou.bqttEt533sUx/GdPF6zx4okabk.wylC','站长1','Test Dept','Test Company',NULL,NULL,4,0,1,NULL,9,'2026-01-10 22:16:54','2026-01-17 15:04:27'),(6,'deputy_manager_test','$2a$10$wkFk4XAhEN/e.2Z/Jb4RyOo.AMqkLGI.QCpUVbDr5FMiDMA9se0Ci','部门副经理1','Test Dept','Test Company',NULL,NULL,5,0,1,NULL,NULL,'2026-01-10 22:16:54','2026-01-14 09:47:08'),(7,'department_manager_test','$2a$10$ZTBwX7kamficU07bWfijPeakpNxB8ggIAYGz7c04gcBzKl0QBxDEG','Test department_manager','Test Dept','Test Company',NULL,NULL,6,0,1,NULL,NULL,'2026-01-10 22:16:54','2026-01-10 22:48:15'),(8,'safety_inspector_test','$2a$10$DcwxVc2gbJziRqpVjZNeHOdZiSrssRPVRr98Uh2OwjY6lZdk.e3r2','Test safety_inspector','Test Dept','Test Company',NULL,NULL,7,0,1,NULL,NULL,'2026-01-10 22:16:54','2026-01-10 22:48:12'),(10,'client_test','$2a$10$deK/24MMxZ0A1RMnIgA0cuiLVRTQUhOhSryfV84IqgoYCSGY..2x6','Test client','Test Dept','Test Company',NULL,NULL,9,0,1,NULL,NULL,'2026-01-10 22:16:54','2026-01-10 22:48:06'),(11,'zhangsan','$2a$10$SyGaVuNTT1X9pzJB9u3ixefECTsFynsNMLhgCXNZMTsxrp3hkv7DW','张三','','','','',9,0,1,NULL,NULL,'2026-01-14 10:39:08','2026-01-14 10:39:08'),(12,'lisi','$2a$10$qPQ9PplhsaehO.ODfVlvAuVb9290hNiDi7trRFobcWQ9q4.0BFbA6','李四','','','','',4,0,1,NULL,16,'2026-01-14 10:41:01','2026-01-21 13:25:22'),(13,'wangwu','$2a$10$PH.xvR6Apb/xe3evvNAFZeR2xJHZkgIxZ.sdUKC3FO/bjQfmnAfrK','王五','','','','',2,0,1,NULL,17,'2026-01-14 10:41:28','2026-01-14 11:32:12'),(14,'zhaoliu','$2a$10$JOAWXe9Bf0njCW6TwO7zp.Um/Ws7ReecC31qyeeA1s1.jTQF4iZCa','赵六','','','','',2,0,1,NULL,17,'2026-01-14 10:41:45','2026-01-14 11:32:24'),(15,'liuqi','$2a$10$Yx3kXEtbEr9O2r9k/zn8dum0oSh/vIg/69RH0dcyxfq/WlpqfLkOy','刘七','','','','',2,0,1,NULL,NULL,'2026-01-14 10:42:35','2026-01-14 10:42:35'),(16,'suming','$2a$10$y4iLkkpLOD6vblYm9eOIse29yAkq0DZh3Gzbxt2anGjdy4LY7JDsG','SU','','','','',1,0,1,NULL,NULL,'2026-01-15 11:14:20','2026-01-15 11:14:20'),(17,'xinkai','$2a$10$WuX08ojI/yaVERNWPc1AA.McYcMlFb1o4XJbeqjbuVu75fs4CbNsm','辛凯',NULL,NULL,NULL,NULL,6,0,1,NULL,NULL,'2026-01-15 11:15:47','2026-01-15 11:15:47'),(18,'tianyiwei','$2a$10$Uaa3UhoDRcItYadT1sCs/uxliag38hioiCAE3KDAs2MMoWSd1oxW.','田艺伟',NULL,NULL,NULL,NULL,8,0,1,NULL,NULL,'2026-01-15 11:15:48','2026-01-15 11:15:48'),(19,'wuxia','$2a$10$z3WI4m4b7a64Bkuu3y5vcemTEABryAhXGYwCnHJhb2xNalgCh.1P.','吴霞',NULL,NULL,NULL,NULL,1,0,1,NULL,NULL,'2026-01-15 11:16:50','2026-01-15 11:16:50'),(20,'zhangrongge','$2a$10$HPOcutwsVVjDsxSANyesWOlVM7r0g6t3vSlAUUgZX/YuhxrNtBLum','张荣阁','','',NULL,NULL,4,0,1,NULL,NULL,'2026-01-17 00:42:24','2026-01-17 00:50:40'),(22,'tiand','$2a$10$/OB5JhN7OlNHCpEeFi/F2eJAbkPJAxFECKJzzLtXRHbuwoJn.wSX.','田丹','','','','',8,0,1,NULL,NULL,'2026-01-20 10:14:20','2026-01-20 10:14:20'),(23,'yujc','$2a$10$PrIZAc6NN39oTt/oZS2bJeKKFifPcNfPKPxkXoGFOgi9kGenH0y96','于景成','','','','',8,0,1,NULL,NULL,'2026-01-20 10:15:13','2026-01-20 10:15:13'),(24,'weichongxuan','$2a$10$38bOEvoV3WEKEKwUWRUtFOoR/Gf0LATDYaquGDMrvi.GlxK0QAM.S','卫重宣',NULL,NULL,NULL,NULL,2,0,1,NULL,NULL,'2026-01-20 16:50:03','2026-01-20 16:50:03'),(25,'zhangxihai','$2a$10$lGRFF6BrWHjkih4uYXCdJebLs/qHI/888pqkXyoLgjxikGmUhJT4C','张西海',NULL,NULL,NULL,NULL,2,0,1,NULL,22,'2026-01-20 16:50:03','2026-01-21 19:34:05'),(26,'jiajun','$2a$10$rOjtrZsFvcS.0dNzQZUuKubhrvKlKuV3uTx49V0cb2e8Dd2eRjFme','贾军',NULL,NULL,NULL,NULL,2,0,1,NULL,22,'2026-01-20 16:50:04','2026-01-21 19:34:05'),(27,'haojunliang','$2a$10$Chy114ExRot0CP00y3wniOj0vqTYNIuERcZn5fRAQ/kUQnpuyeBge','郝俊良',NULL,NULL,NULL,NULL,2,0,1,NULL,NULL,'2026-01-20 16:50:04','2026-01-20 16:50:04'),(28,'yangguoli','$2a$10$2WrDtq6A0T/fbbbktNCG4..oceHIaYjqzEikQ205WYpfd54GwGi2y','杨国利',NULL,NULL,NULL,NULL,2,0,1,NULL,23,'2026-01-20 16:50:04','2026-01-21 19:34:05'),(29,'migangyun','$2a$10$2d7uymVQ5Bx6jmSn59yf6OinsCbvLgogE1rR1BYNfBDJ3pqk.KJAq','秘岗云',NULL,NULL,NULL,NULL,2,0,1,NULL,NULL,'2026-01-20 16:50:04','2026-01-20 16:50:04'),(30,'wangtongwen','$2a$10$nJ/C9CvWOKwiTgJAWoILbOCs/me4CmzTP4IAxiUGI2CfdlbajSUpG','王同文',NULL,NULL,NULL,NULL,2,0,1,NULL,22,'2026-01-20 16:50:04','2026-01-21 19:34:05'),(31,'sunwenlong','$2a$10$WDWe3Z.W0Zf8UYC..fmGA.6CXt9CGVzhHBsmhQdQDprSW.D3pgNBG','孙文龙',NULL,NULL,NULL,NULL,2,0,1,NULL,NULL,'2026-01-20 16:50:04','2026-01-20 16:50:04'),(32,'yangdahua','$2a$10$A/OL16uRtZDar5GhpYmEN.bZmY.9pqs3LdUw4ekzYlielQZT7OC1a','杨大华',NULL,NULL,NULL,NULL,2,0,1,NULL,23,'2026-01-20 16:50:04','2026-01-21 19:34:05'),(33,'yuzhen','$2a$10$yKYV6WQZdbe1//ZCb/Ba.OGaQD4/lhJbjYvxVWgwujuZ2yJd8m/Wu','于振',NULL,NULL,NULL,NULL,2,0,1,NULL,NULL,'2026-01-20 16:50:04','2026-01-20 16:50:04'),(34,'hanwenxian','$2a$10$hwR7SN97NCXgv8XU7JS2UezB4TVeMt9eFbq06AhGO8bQElmVvcpdu','韩文贤',NULL,NULL,NULL,NULL,2,0,1,NULL,NULL,'2026-01-20 16:50:04','2026-01-20 16:50:04'),(35,'aicl','$2a$10$hP8KIiYXx038QTQZh.RZK.o7szxBz5DqzxQhsiqtXeWsSu4xCJQDC','艾成礼',NULL,NULL,NULL,NULL,5,0,1,NULL,NULL,'2026-01-20 16:50:04','2026-01-20 16:50:04'),(36,'chenjb','$2a$10$EpKP/e6BHC05XTgRNztYjuPnz4u1D5PLe.ED/.yOfuSN6LZQUQfw2','陈佳斌',NULL,NULL,NULL,NULL,6,0,1,NULL,NULL,'2026-01-20 16:50:04','2026-01-20 16:50:04'),(37,'shizy','$2a$10$2Yp2FEjQ88EK5RYvMpQmouOYU1T47SfxCixNKdO5CvZ3pAFqEglCO','史志雨',NULL,NULL,NULL,NULL,4,0,1,NULL,23,'2026-01-20 16:50:04','2026-01-21 19:34:05'),(38,'zhangy','$2a$10$Rl.Yujt/qp4mZS.BTj.ZfuPVm037UlYj2vBHTLsTGEftn6b1a8iqe','张有',NULL,NULL,NULL,NULL,5,0,1,NULL,NULL,'2026-01-20 16:50:04','2026-01-20 16:50:04'),(39,'cz1','$2a$10$2RYKC6JJiWxcT5DkmaBzh.vh8J/6E5iUuOIPfqOvv3tmKVS98F6Sy','测试-操作1',NULL,NULL,NULL,NULL,2,0,1,NULL,NULL,'2026-01-22 11:38:27','2026-01-22 11:38:27'),(40,'cz2','$2a$10$3OMSoAVe41Y92D6/Sjc34ezZWQUoKHpfhhKJ7d0nFS.P07K7QKJRy','测试-操作2',NULL,NULL,NULL,NULL,2,0,1,NULL,NULL,'2026-01-22 11:38:27','2026-01-22 11:38:27'),(41,'cz3','$2a$10$QhGo15bwXED2xyMd74OofOyd.6ekz2tXNNw09meVVrJc2ukl2dG5u','测试-操作3',NULL,NULL,NULL,NULL,2,0,1,NULL,NULL,'2026-01-22 11:38:28','2026-01-22 11:38:28'),(42,'cz4','$2a$10$ImWMxI7GugHdFMChgE40puxYxLD1n2IFgZnG8u/zSW9fhujGPFW36','测试-操作4',NULL,NULL,NULL,NULL,2,0,1,NULL,NULL,'2026-01-22 11:38:28','2026-01-22 11:38:28'),(43,'zz1','$2a$10$R/r3RQHWH5w6Oj3NQrEp7eiguxBW3Co5YVbeTFrj6UQXshMsdQer6','测试-站长1',NULL,NULL,NULL,NULL,4,0,1,NULL,17,'2026-01-22 11:38:28','2026-01-22 19:48:43'),(44,'zz2','$2a$10$AlNgaCDKxm1OSF2VOqq1QO6EwM9bHr3gdAf5hkGgS9qjzObqN1Xwa','测试-站长2',NULL,NULL,NULL,NULL,4,0,1,NULL,NULL,'2026-01-22 11:38:28','2026-01-22 11:38:28'),(45,'jl1','$2a$10$N1L.ydMDQkwlYGYhHypqoOwoK1D5loBEw8o.RmjgfQC28ZaNiYoqO','测试-经理1',NULL,NULL,NULL,NULL,6,0,1,NULL,NULL,'2026-01-22 11:38:28','2026-01-22 11:38:28'),(46,'aqy1','$2a$10$02u1w5e.joElR9BtnNDVqukiFaKb9ejVaSPdNvUOFChy8E8VMhQo2','测试-安全1',NULL,NULL,NULL,NULL,7,0,1,NULL,NULL,'2026-01-22 11:38:28','2026-01-22 11:38:28'),(47,'jf1','$2a$10$zkHC3FoM5lcglPLkmb6Ay.hym5QPnN2vjuiKienevXtyX8wJKQg/G','测试-甲方1','','',NULL,NULL,9,0,1,NULL,NULL,'2026-01-22 11:38:28','2026-01-22 11:39:07'),(48,'jf2','$2a$10$iQRHqGyzraNlbQR.Il2diecoLt.tI/s6JAlgWGi6gqfwPbgmigTye','测试-甲方2',NULL,NULL,NULL,NULL,9,0,1,NULL,NULL,'2026-01-22 11:38:28','2026-01-22 11:38:28'),(49,'sum','$2a$10$FJMFQHV5WIwk3xmX39ZdZ.jMepVgj1qR3YpES64Z4ehCmf4cDBFIC','开发测试','','',NULL,NULL,10,0,1,NULL,NULL,'2026-01-23 11:01:24','2026-01-23 11:40:23');
/*!40000 ALTER TABLE `users` ENABLE KEYS */;
UNLOCK TABLES;
/*!40103 SET TIME_ZONE=@OLD_TIME_ZONE */;

/*!40101 SET SQL_MODE=@OLD_SQL_MODE */;
/*!40014 SET FOREIGN_KEY_CHECKS=@OLD_FOREIGN_KEY_CHECKS */;
/*!40014 SET UNIQUE_CHECKS=@OLD_UNIQUE_CHECKS */;
/*!40101 SET CHARACTER_SET_CLIENT=@OLD_CHARACTER_SET_CLIENT */;
/*!40101 SET CHARACTER_SET_RESULTS=@OLD_CHARACTER_SET_RESULTS */;
/*!40101 SET COLLATION_CONNECTION=@OLD_COLLATION_CONNECTION */;
/*!40111 SET SQL_NOTES=@OLD_SQL_NOTES */;

-- Dump completed on 2026-01-23 13:14:58
